match_external_id,team_external_id,score,is_winner,side
8773164413,9025669,36,True,Radiant
8773164413,8849833,18,False,Dire
8773163240,9600331,31,False,Radiant
8773163240,9373482,39,True,Dire
8773144900,8849833,23,True,Radiant
8773144900,9025669,15,False,Dire
8773135284,9373482,29,True,Radiant
8773135284,9600331,10,False,Dire
8773116005,9025669,43,True,Radiant
8773116005,8849833,28,False,Dire
8773081143,8850015,27,False,Radiant
8773081143,8879077,37,True,Dire
8773063531,10053545,24,True,Radiant
8773063531,9829371,9,False,Dire
8773045946,8879077,41,True,Radiant
8773045946,8850015,25,False,Dire
8773027499,9724428,24,False,Radiant
8773027499,9743822,52,True,Dire
8772993641,10053545,43,True,Radiant
8772993641,9829371,15,False,Dire
8772930238,9743822,61,True,Radiant
8772930238,9724428,50,False,Dire
8772862779,9678463,46,True,Radiant
8772862779,8971308,34,False,Dire
8772859813,9395679,34,True,Radiant
8772859813,9948492,14,False,Dire
8772835058,5014799,38,True,Radiant
8772835058,10019843,25,False,Dire
8772776996,9426115,33,True,Radiant
8772776996,9425656,21,False,Dire
8772775906,9678463,34,True,Radiant
8772775906,8971308,17,False,Dire
8772774254,9677506,34,False,Radiant
8772774254,9948492,48,True,Dire
8772756790,5014799,15,False,Radiant
8772756790,10019843,35,True,Dire
8772724497,9425656,16,False,Radiant
8772724497,9426115,28,True,Dire
8772693853,9948492,17,False,Radiant
8772693853,9677506,38,True,Dire
8772680011,5014799,31,True,Radiant
8772680011,10019843,9,False,Dire
8772666670,9878494,15,False,Radiant
8772666670,9768243,34,True,Dire
8772612655,9768243,30,False,Radiant
8772612655,9878494,33,True,Dire
8772608912,9729767,38,True,Radiant
8772608912,9973477,9,False,Dire
8772555332,9878494,26,False,Radiant
8772555332,9768243,43,True,Dire
8772546524,10047709,40,True,Radiant
8772546524,9895247,16,False,Dire
8772522712,9973477,33,False,Radiant
8772522712,9729767,56,True,Dire
8772498058,8831040,28,False,Radiant
8772498058,10088400,52,True,Dire
8772492705,9814269,36,True,Radiant
8772492705,8629005,30,False,Dire
8772447814,8629005,23,False,Radiant
8772447814,9814269,40,True,Dire
8772444429,9895247,22,False,Radiant
8772444429,10047709,47,True,Dire
8772415364,10060977,64,True,Radiant
8772415364,8831040,54,False,Dire
8772384512,9426115,33,True,Radiant
8772384512,9768002,11,False,Dire
8772360630,9636142,46,True,Radiant
8772360630,10060977,41,False,Dire
8772350546,9768002,35,True,Radiant
8772350546,9426115,26,False,Dire
8772345621,2576071,21,False,Radiant
8772345621,9928636,41,True,Dire
8772318848,9426115,32,True,Radiant
8772318848,9768002,11,False,Dire
8772316010,9593609,65,True,Radiant
8772316010,9729268,39,False,Dire
8772281743,8629315,18,False,Radiant
8772281743,2443375,33,True,Dire
8772277447,9928636,39,True,Radiant
8772277447,2576071,45,False,Dire
8772273885,9729268,27,False,Radiant
8772273885,9593609,52,True,Dire
8772251711,2443375,34,True,Radiant
8772251711,8629315,16,False,Dire
8772231847,9743822,48,True,Radiant
8772231847,9895818,26,False,Dire
8772220872,9425656,27,False,Radiant
8772220872,9814269,39,True,Dire
8772199908,9878494,48,True,Radiant
8772199908,9767998,30,False,Dire
8772196391,9814269,16,False,Radiant
8772196391,9425656,29,True,Dire
8772192452,9743822,33,False,Radiant
8772192452,9895818,51,True,Dire
8772177233,9767998,22,False,Radiant
8772177233,9878494,40,True,Dire
8772171845,9425656,32,False,Radiant
8772171845,9814269,31,True,Dire
8772160467,9895818,16,False,Radiant
8772160467,9743822,24,True,Dire
8773210139,9048057,15,False,Radiant
8773210139,8850016,30,True,Dire
8773192961,8850016,30,True,Radiant
8773192961,9048057,21,False,Dire
8772145373,9768243,26,True,Radiant
8772145373,8629005,23,False,Dire
8772144681,2443375,25,False,Radiant
8772144681,9426115,42,True,Dire
8772125460,9691942,20,False,Radiant
8772125460,9895818,40,True,Dire
8772123748,9098294,37,True,Radiant
8772123748,10108685,25,False,Dire
8772122045,8629005,24,False,Radiant
8772122045,9768243,30,True,Dire
8772119938,9426115,35,True,Radiant
8772119938,2443375,20,False,Dire
8772099290,10109281,18,True,Radiant
8772099290,10109291,24,False,Dire
8772095327,9895818,46,True,Radiant
8772095327,9691942,23,False,Dire
8772088364,9098294,31,True,Radiant
8772088364,10108685,24,False,Dire
8772078390,10109281,21,True,Radiant
8772078390,10109291,25,False,Dire
8772062569,10108947,15,False,Radiant
8772062569,9303484,24,True,Dire
8772060414,10109281,20,False,Radiant
8772060414,10109291,24,True,Dire
8772057231,8849837,15,False,Radiant
8772057231,8850015,30,True,Dire
8772039814,8850015,33,True,Radiant
8772039814,8849837,25,False,Dire
8772030835,10109292,10,False,Radiant
8772030835,10109294,20,True,Dire
8772021404,8849837,36,True,Radiant
8772021404,8850015,24,False,Dire
8772012963,9303484,34,False,Radiant
8772012963,10108947,42,True,Dire
8772003939,10109292,26,True,Radiant
8772003939,10109294,22,False,Dire
8772000724,9005364,23,False,Radiant
8772000724,9025669,28,True,Dire
8771985360,9025669,25,True,Radiant
8771985360,9005364,13,False,Dire
8771982857,10108947,38,True,Radiant
8771982857,9303484,11,False,Dire
8771979685,10109292,5,False,Radiant
8771979685,10109294,20,True,Dire
8771978390,9600331,35,True,Radiant
8771978390,8971308,15,False,Dire
8771966431,9005364,33,True,Radiant
8771966431,9025669,17,False,Dire
8771950914,9964962,39,True,Radiant
8771950914,10108655,9,False,Dire
8771915732,9048057,14,False,Radiant
8771915732,8879077,29,True,Dire
8771908040,9964962,37,True,Radiant
8771908040,10108655,7,False,Dire
8771903245,10108947,15,False,Radiant
8771903245,9303484,26,True,Dire
8771896823,9829371,17,False,Radiant
8771896823,9373482,40,True,Dire
8771881987,8850016,35,True,Radiant
8771881987,8849833,28,False,Dire
8771849856,10108655,10,False,Radiant
8771849856,9964962,35,True,Dire
8771849353,8849833,13,False,Radiant
8771849353,8850016,27,True,Dire
8771842603,9895247,13,False,Radiant
8771842603,5014799,32,True,Dire
8771836796,9373482,20,True,Radiant
8771836796,9829371,8,False,Dire
8771831491,10027925,46,False,Radiant
8771831491,9718665,52,True,Dire
8771808831,10108600,21,False,Radiant
8771808831,10108947,29,True,Dire
8771795286,9834545,45,True,Radiant
8771795286,10027925,20,False,Dire
8771742393,10053545,32,True,Radiant
8771742393,8843862,46,False,Dire
8771740540,5014799,45,True,Radiant
8771740540,9895247,27,False,Dire
8771733676,9635581,39,True,Radiant
8771733676,9878408,33,False,Dire
8771720467,10108600,29,True,Radiant
8771720467,10108947,43,False,Dire
8771667663,9878408,25,False,Radiant
8771667663,9635581,52,True,Dire
8771661539,10108600,7,False,Radiant
8771661539,10108947,29,True,Dire
8771651304,8843862,32,False,Radiant
8771651304,10053545,36,True,Dire
8771647303,7299465,19,False,Radiant
8771647303,9928636,37,True,Dire
8771948020,9303484,27,True,Radiant
8771948020,10108947,10,False,Dire
8771945949,9600331,25,True,Radiant
8771945949,8971308,17,False,Dire
8771938733,8879077,39,True,Radiant
8771938733,9048057,29,False,Dire
8773226934,8849837,36,True,Radiant
8773226934,9005364,21,False,Dire
8771637279,8255888,33,True,Radiant
8771637279,9303383,5,False,Dire
8771613554,2163,30,True,Radiant
8771613554,9338413,18,False,Dire
8771584298,9729767,45,True,Radiant
8771584298,9530716,19,False,Dire
8771577847,9878494,42,True,Radiant
8771577847,9768002,19,False,Dire
8771577074,9928636,34,True,Radiant
8771577074,7299465,14,False,Dire
8771575711,10053545,18,False,Radiant
8771575711,8843862,33,True,Dire
8771545553,9303383,16,False,Radiant
8771545553,8255888,34,True,Dire
8771531671,9768002,38,True,Radiant
8771531671,9878494,11,False,Dire
8771519532,2163,35,True,Radiant
8771519532,9338413,19,False,Dire
8771502135,9729767,52,True,Radiant
8771502135,9530716,34,False,Dire
8771469496,9878494,42,True,Radiant
8771469496,9768002,25,False,Dire
8771465420,7299465,39,True,Radiant
8771465420,9928636,20,False,Dire
8771417171,8255888,34,True,Radiant
8771417171,9303383,24,False,Dire
8771398338,10040639,18,False,Radiant
8771398338,9678463,36,True,Dire
8771395659,8629005,42,True,Radiant
8771395659,8629315,40,False,Dire
8771393482,9530716,42,True,Radiant
8771393482,9729767,37,False,Dire
8771377141,9338413,52,True,Radiant
8771377141,2163,22,False,Dire
8771330557,8629315,31,False,Radiant
8771330557,8629005,43,True,Dire
8771315035,9303383,22,True,Radiant
8771315035,8255888,16,False,Dire
8771290592,10040639,13,False,Radiant
8771290592,9678463,33,True,Dire
8771270777,8831040,51,True,Radiant
8771270777,9729767,51,False,Dire
8771270456,9767998,33,False,Radiant
8771270456,9426115,45,True,Dire
8771216355,9426115,36,True,Radiant
8771216355,9767998,21,False,Dire
8771187999,5014799,21,False,Radiant
8771187999,8255888,44,True,Dire
8771176095,9729767,35,False,Radiant
8771176095,8831040,44,True,Dire
8771168740,9338413,51,True,Radiant
8771168740,8680909,17,False,Dire
8771159660,2163,38,True,Radiant
8771159660,9928636,19,False,Dire
8771139799,5014799,4,False,Radiant
8771139799,8255888,31,True,Dire
8771122196,9879852,13,False,Radiant
8771122196,9828897,25,True,Dire
8771114054,10101574,8,False,Radiant
8771114054,9338413,48,True,Dire
8771098914,9768243,14,False,Radiant
8771098914,9768002,24,True,Dire
8771090952,9593609,50,True,Radiant
8771090952,8831040,20,False,Dire
8771090406,9928636,18,False,Radiant
8771090406,2163,26,True,Dire
8771072179,9885310,14,False,Radiant
8771072179,726228,23,True,Dire
8771070305,9768002,30,True,Radiant
8771070305,9768243,14,False,Dire
8771055032,9828897,30,True,Radiant
8771055032,9879852,19,False,Dire
8771051434,9636142,15,False,Radiant
8771051434,9593609,38,True,Dire
8771037293,9885310,11,False,Radiant
8771037293,726228,36,True,Dire
8771035859,9426115,35,True,Radiant
8771035859,9878494,18,False,Dire
8771033118,8255888,52,False,Radiant
8771033118,5014799,54,True,Dire
8771005146,9878494,19,False,Radiant
8771005146,9426115,30,True,Dire
8771000125,726228,21,True,Radiant
8771000125,9885310,3,False,Dire
8770996605,9828897,39,True,Radiant
8770996605,9879852,9,False,Dire
8770984518,9850400,41,False,Radiant
8770984518,9729342,56,True,Dire
8770969060,8629005,43,True,Radiant
8770969060,2443375,31,False,Dire
8770967122,9768243,47,True,Radiant
8770967122,9814269,40,False,Dire
8770950146,9563873,30,True,Radiant
8770950146,9850400,28,False,Dire
8770945218,9828897,23,True,Radiant
8770945218,9691969,12,False,Dire
8770716224,9973656,16,True,Radiant
8770716224,9678463,2,False,Dire
8770711352,10109291,23,False,Radiant
8770711352,10109292,23,True,Dire
8770708794,8843862,30,True,Radiant
8770708794,9600331,22,False,Dire
8770699223,9025669,32,False,Radiant
8770699223,8849837,45,True,Dire
8770689953,9973656,2,False,Radiant
8770689953,9678463,32,True,Dire
8770686611,7119077,23,False,Radiant
8770686611,10108600,34,True,Dire
8770678222,9600331,32,True,Radiant
8770678222,8843862,16,False,Dire
8770673742,8849837,33,True,Radiant
8770673742,9025669,29,False,Dire
8770648807,8850016,27,True,Radiant
8770648807,9005364,17,False,Dire
8770636166,10108600,36,True,Radiant
8770636166,7119077,5,False,Dire
8770630007,9973656,34,True,Radiant
8770630007,9678463,18,False,Dire
8770616434,9895392,34,True,Radiant
8770616434,9338413,37,False,Dire
8770613911,9005364,32,True,Radiant
8770613911,8850016,26,False,Dire
8770589525,10053545,22,False,Radiant
8770589525,8971308,34,True,Dire
8770579211,8850016,31,True,Radiant
8770579211,9005364,17,False,Dire
8770558138,7119077,45,True,Radiant
8770558138,2885851,16,False,Dire
8770550929,9895392,17,False,Radiant
8770550929,9338413,34,True,Dire
8770515203,10053545,25,False,Radiant
8770515203,8971308,39,True,Dire
8770470368,2885851,15,False,Radiant
8770470368,7119077,34,True,Dire
8770459198,8965331,12,False,Radiant
8770459198,9678463,30,True,Dire
8770456297,9338413,18,False,Radiant
8770456297,9895392,21,True,Dire
8770453510,8255888,34,True,Radiant
8770453510,55,30,False,Dire
8770449153,5014799,18,False,Radiant
8770449153,9303383,35,True,Dire
8770395461,2443375,38,True,Radiant
8770395461,9767998,27,False,Dire
8770372144,10108655,5,False,Radiant
8770372144,9964962,34,True,Dire
8770371214,8965331,10,False,Radiant
8770371214,9678463,37,True,Dire
8770362797,7119077,32,False,Radiant
8770362797,2885851,41,True,Dire
8770356923,9928636,22,True,Radiant
8770356923,9600141,25,False,Dire
8770347238,55,19,False,Radiant
8770347238,8255888,33,True,Dire
8770342863,9303383,32,True,Radiant
8770342863,5014799,24,False,Dire
8770312495,9767998,29,True,Radiant
8770312495,2443375,12,False,Dire
8770282236,9964962,30,True,Radiant
8770282236,10108655,10,False,Dire
8770261466,2443375,30,True,Radiant
8770261466,9767998,21,False,Dire
8770207175,9600141,43,True,Radiant
8770207175,9928636,41,False,Dire
8770186240,9878494,47,True,Radiant
8770186240,8629005,33,False,Dire
8770150523,9691969,12,False,Radiant
8770150523,9879852,20,True,Dire
8770148606,10040639,17,False,Radiant
8770148606,9373482,25,True,Dire
8770130252,8255888,23,True,Radiant
8770130252,9255039,9,False,Dire
8770126755,8629005,36,True,Radiant
8770126755,9878494,21,False,Dire
8770119366,2576071,41,True,Radiant
8770119366,9948367,19,False,Dire
8770109795,9928636,31,True,Radiant
8770109795,9600141,9,False,Dire
8770109769,9896157,33,False,Radiant
8770109769,9964674,58,True,Dire
8770107089,9828897,27,True,Radiant
8770107089,10081680,22,False,Dire
8770095630,55,29,True,Radiant
8770095630,10108713,31,False,Dire
8770076857,9781824,43,True,Radiant
8770055476,9878494,33,True,Radiant
8770055476,8629005,34,False,Dire
8770051414,9691969,13,False,Radiant
8770051414,9879852,21,True,Dire
8770042265,9964674,39,True,Radiant
8770042265,9461271,21,False,Dire
8770036212,5017210,15,False,Radiant
8770036212,726228,30,True,Dire
8770025868,9828897,27,True,Radiant
8770025868,10081680,9,False,Dire
8770023002,10108166,25,False,Radiant
8770023002,9885310,18,True,Dire
8770021085,9948367,15,False,Radiant
8770021085,2576071,41,True,Dire
8770011014,9373482,41,True,Radiant
8770011014,10040639,33,False,Dire
8770000838,10108713,14,False,Radiant
8770000838,55,36,True,Dire
8769999753,9255039,19,False,Radiant
8769999753,8255888,26,True,Dire
8769994998,9814269,34,True,Radiant
8769994998,8629315,25,False,Dire
8769981356,9743822,39,True,Radiant
8769981356,9886115,19,False,Dire
8769974986,7554697,29,False,Radiant
8769974986,8680909,24,True,Dire
8769955254,9939448,24,False,Radiant
8769936137,5017210,6,False,Radiant
8769936137,726228,23,True,Dire
8769933892,8629315,34,False,Radiant
8769933892,9814269,42,True,Dire
8769923622,9885310,30,True,Radiant
8769923622,10108166,14,False,Dire
8769922066,9691969,37,True,Radiant
8769922066,9879852,10,False,Dire
8769919843,10081680,24,True,Radiant
8769919843,9828897,10,False,Dire
8769912799,10047709,14,False,Radiant
8769912799,10019843,35,True,Dire
8769907403,9886115,32,False,Radiant
8769907403,9743822,46,True,Dire
8769903842,7554697,26,True,Radiant
8769903842,8680909,11,False,Dire
8769882982,7299465,13,False,Radiant
8769882982,55,38,True,Dire
8769864863,9768002,34,True,Radiant
8769864863,9767998,25,False,Dire
8769840179,9849465,55,True,Radiant
8769840179,9995737,39,False,Dire
8769830380,9767998,24,False,Radiant
8769830380,9768002,32,True,Dire
8769829130,55,27,True,Radiant
8769829130,7299465,10,False,Dire
8769828782,9895247,21,False,Radiant
8769828782,8255888,58,True,Dire
8769824716,7554697,26,False,Radiant
8769824716,8680909,30,True,Dire
8769823322,10081680,20,True,Radiant
8769823322,9098294,16,False,Dire
8769821387,10047709,23,False,Radiant
8769821387,10019843,48,True,Dire
8769793466,9768002,23,False,Radiant
8769793466,9767998,37,True,Dire
8769784720,10081680,24,True,Radiant
8769784720,9098294,12,False,Dire
8769784265,9849465,57,True,Radiant
8769784265,9995737,37,False,Dire
8769781553,9351740,15,False,Radiant
8769781553,10108166,34,True,Dire
8769779484,2586976,6,False,Radiant
8769779484,9828897,31,True,Dire
8769775657,9885310,30,True,Radiant
8769775657,9894442,7,False,Dire
8769772476,10047709,28,True,Radiant
8769772476,10019843,18,False,Dire
8769763171,8255888,41,True,Radiant
8769763171,9895247,22,False,Dire
8769757960,7299465,26,True,Radiant
8769757960,55,27,False,Dire
8769755265,9425656,37,True,Radiant
8769755265,9426115,34,False,Dire
8769749972,9834545,42,True,Radiant
8769749972,9849465,16,False,Dire
8769741411,10108685,35,True,Radiant
8769741411,10102123,23,False,Dire
8769724301,9894442,7,False,Radiant
8769724301,9885310,19,True,Dire
8769722574,9426115,28,False,Radiant
8769722574,9425656,40,True,Dire
8769722056,10081680,30,False,Radiant
8769722056,9098294,24,True,Dire
8769721570,9828897,30,True,Radiant
8769721570,2586976,13,False,Dire
8769720959,10108166,36,True,Radiant
8769720959,9351740,15,False,Dire
8769706626,10102123,42,True,Radiant
8769706626,10108685,19,False,Dire
8769696616,10054177,46,False,Radiant
8769696616,9628721,70,True,Dire
8769690016,9878494,32,False,Radiant
8769690016,9814269,33,True,Dire
8769688103,2443375,33,False,Radiant
8769688103,9768243,49,True,Dire
8769664172,10054177,28,False,Radiant
8769664172,9628721,66,True,Dire
8769663689,9768243,39,True,Radiant
8769663689,2443375,24,False,Dire
8769661745,9814269,46,True,Radiant
8769661745,9878494,41,False,Dire
8769655367,10108685,24,True,Radiant
8769655367,10102123,13,False,Dire
8769650815,9351740,30,True,Radiant
8769650815,9886289,16,False,Dire
8769640098,8629315,41,True,Radiant
8769640098,9768002,18,False,Dire
8769637600,9885310,36,True,Radiant
8769637600,9315393,18,False,Dire
8769637433,9878494,44,True,Radiant
8769637433,9814269,16,False,Dire
8769630799,9628721,36,False,Radiant
8769630799,10054177,37,True,Dire
8769627439,10081680,25,True,Radiant
8769627439,8944230,14,False,Dire
8769624896,9351740,7,False,Radiant
8769624896,9886289,20,True,Dire
8769624724,9828897,39,True,Radiant
8769624724,8254145,12,False,Dire
8769615873,9768002,19,False,Radiant
8769615873,8629315,50,True,Dire
8769612526,8629005,27,False,Radiant
8769612526,9767998,37,True,Dire
8769592190,9834545,32,False,Radiant
8769592190,9964674,40,True,Dire
8769591749,8629315,21,False,Radiant
8769591749,9768002,38,True,Dire
8769589100,9767998,36,True,Radiant
8769589100,8629005,23,False,Dire
8769582850,9886289,15,False,Radiant
8769582850,9351740,21,True,Dire
8769581167,9315393,35,True,Radiant
8769581167,9885310,27,False,Dire
8769579105,10081680,39,True,Radiant
8769579105,9546449,21,False,Dire
8769574745,9828897,34,True,Radiant
8769574745,8254145,23,False,Dire
8769562526,9964674,36,True,Radiant
8769562526,9834545,32,False,Dire
8769558261,9303484,33,True,Radiant
8769558261,10108600,13,False,Dire
8769556904,10109280,1,False,Radiant
8769556904,10109303,15,True,Dire
8769546271,9973656,16,False,Radiant
8769546271,10108947,47,True,Dire
8769536554,10109280,23,False,Radiant
8769536554,10109303,20,True,Dire
8769531082,9303484,11,False,Radiant
8769531082,10108600,29,True,Dire
8769530051,9025669,32,False,Radiant
8769530051,8850016,39,True,Dire
8769520059,9973656,39,True,Radiant
8769520059,10108947,21,False,Dire
8769508396,10109280,26,True,Radiant
8769508396,10109303,22,False,Dire
8769506988,8850016,32,True,Radiant
8769506988,9025669,32,False,Dire
8769491328,10108600,22,False,Radiant
8769491328,9303484,30,True,Dire
8769490573,9973656,13,False,Radiant
8769490573,10108947,25,True,Dire
8769483475,9025669,26,True,Radiant
8769483475,8850016,27,False,Dire
8769479682,10109300,20,True,Radiant
8769479682,10109298,24,False,Dire
8769460694,8879077,28,False,Radiant
8769460694,9005364,34,True,Dire
8769456530,10109300,24,True,Radiant
8769456530,10109298,24,False,Dire
8769442712,10108600,49,True,Radiant
8769442712,9678463,25,False,Dire
8769438693,9005364,21,True,Radiant
8769438693,8879077,12,False,Dire
8769435282,8124644,12,False,Radiant
8769435282,9866035,40,True,Dire
8769433496,10109300,5,False,Radiant
8769433496,10109298,20,True,Dire
8769418284,8850015,13,False,Radiant
8769418284,8849833,24,True,Dire
8769400780,10108600,18,False,Radiant
8769400780,9678463,40,True,Dire
8769394113,9866035,46,True,Radiant
8769394113,8124644,10,False,Dire
8769394033,8849833,24,True,Radiant
8769394033,8850015,6,False,Dire
8769392037,8965331,13,False,Radiant
8769392037,9303484,27,True,Dire
8769366185,9048057,32,True,Radiant
8769366185,8849837,17,False,Dire
8769363314,2647338,48,True,Radiant
8769363314,10034132,24,False,Dire
8769341364,9303484,38,True,Radiant
8769341364,8965331,13,False,Dire
8769339040,10108600,40,True,Radiant
8769339040,9678463,18,False,Dire
8769331633,8849837,35,True,Radiant
8769331633,9048057,30,False,Dire
8769321570,36,33,True,Radiant
8769321570,2163,11,False,Dire
8769291987,9048057,31,True,Radiant
8769291987,8849837,15,False,Dire
8769288646,2647338,49,True,Radiant
8769288646,10034132,49,False,Dire
8769245008,36,11,False,Radiant
8769245008,2163,40,True,Dire
8769240146,9303383,31,True,Radiant
8769240146,10108713,17,False,Dire
8769220424,9928636,33,False,Radiant
8769220424,2576071,50,True,Dire
8769210783,5014799,45,True,Radiant
8769210783,9255039,29,False,Dire
8769169796,9973656,31,True,Radiant
8769169796,7119077,33,False,Dire
8769160697,9839211,32,False,Radiant
8769160697,9724428,47,True,Dire
8769156333,9255039,26,True,Radiant
8769156333,5014799,4,False,Dire
8769147161,10108713,23,True,Radiant
8769147161,9303383,21,False,Dire
8769136722,10108947,36,True,Radiant
8769136722,2885851,13,False,Dire
8769132568,2163,28,False,Radiant
8769132568,36,37,True,Dire
8769132285,2576071,25,True,Radiant
8769132285,9928636,24,False,Dire
8769092897,9839211,19,False,Radiant
8769092897,9493513,43,True,Dire
8769051167,7119077,9,False,Radiant
8769051167,9973656,32,True,Dire
8769049388,2885851,16,False,Radiant
8769049388,10108947,35,True,Dire
8769031848,9303383,17,True,Radiant
8769031848,10108713,5,False,Dire
8769030322,9493513,7,False,Radiant
8769030322,9839211,41,True,Dire
8769027413,5014799,27,True,Radiant
8769027413,9255039,8,False,Dire
8768995011,9928636,17,False,Radiant
8768995011,9338413,34,True,Dire
8768934224,9684245,30,True,Radiant
8768934224,9818938,20,False,Dire
8768894035,9600141,16,False,Radiant
8768894035,9895392,39,True,Dire
8768888971,9928636,23,False,Radiant
8768888971,9338413,42,True,Dire
8768843598,9255039,25,True,Radiant
8768843598,7299465,14,False,Dire
8768824602,9818938,24,False,Radiant
8768824602,9724428,48,True,Dire
8768786182,5014799,46,True,Radiant
8768786182,55,33,False,Dire
8768769661,9928636,48,True,Radiant
8768769661,9338413,19,False,Dire
8768767328,9600141,15,False,Radiant
8768767328,9895392,27,True,Dire
8768731606,5017210,21,True,Radiant
8768731606,9894442,3,False,Dire
8768719210,9691942,16,False,Radiant
8768719210,9729342,30,True,Dire
8768693713,9691969,34,True,Radiant
8768693713,9098294,21,False,Dire
8768688669,2586976,12,False,Radiant
8768688669,9879852,28,True,Dire
8768652831,7299465,31,False,Radiant
8768652831,9255039,30,True,Dire
8768650953,10108166,4,False,Radiant
8768650953,726228,24,True,Dire
8768649212,55,19,False,Radiant
8768649212,5014799,43,True,Dire
8768639312,9729342,26,True,Radiant
8768639312,9691942,16,False,Dire
8768564420,9691969,39,True,Radiant
8768564420,9098294,16,False,Dire
8768559871,726228,18,True,Radiant
8768559871,10108166,5,False,Dire
8768555805,9894442,22,False,Radiant
8768555805,5017210,27,True,Dire
8768553107,10108713,26,True,Radiant
8768553107,8255888,12,False,Dire
8768544040,2586976,24,False,Radiant
8768544040,9879852,30,True,Dire
8768534562,9691942,55,True,Radiant
8768534562,9397016,34,False,Dire
8768509968,9303383,41,True,Radiant
8768509968,9895247,23,False,Dire
8768493467,7554697,12,False,Radiant
8768493467,36,31,True,Dire
8768492761,8680909,15,False,Dire
8768467447,8629005,48,True,Radiant
8768467447,9768243,41,False,Dire
8768463356,10108713,17,False,Radiant
8768463356,8255888,62,True,Dire
8768455210,10014708,16,False,Radiant
8768455210,9691942,42,True,Dire
8768426002,9303383,31,True,Radiant
8768426002,9895247,29,False,Dire
8768416998,7554697,12,False,Radiant
8768416998,36,49,True,Dire
8768416436,2163,28,True,Radiant
8768416436,8680909,8,False,Dire
8768411666,9768243,27,False,Radiant
8768411666,8629005,38,True,Dire
8768407331,9691942,34,True,Radiant
8768407331,10014708,16,False,Dire
8768397486,8254145,25,False,Radiant
8768397486,9098294,34,True,Dire
8768379285,9691969,30,True,Radiant
8768379285,9828897,8,False,Dire
8768354519,9885310,25,False,Radiant
8768354519,10101464,28,True,Dire
8768353857,9425656,48,True,Radiant
8768353857,9814269,28,False,Dire
8768352277,10014708,48,True,Radiant
8768352277,9691942,21,False,Dire
8768344469,8254145,24,True,Radiant
8768344469,9098294,5,False,Dire
8768337245,9303383,19,False,Radiant
8768337245,9895247,33,True,Dire
8768337141,10108713,37,True,Radiant
8768337141,8255888,39,False,Dire
8768303839,9814269,37,True,Radiant
8768303839,9425656,30,False,Dire
8768269137,10101464,29,True,Radiant
8768269137,9885310,10,False,Dire
8768267843,9098294,38,True,Radiant
8768267843,8254145,12,False,Dire
8768265413,9729268,41,False,Radiant
8768265413,9461271,49,True,Dire
8768262170,9425656,37,True,Radiant
8768262170,9814269,28,False,Dire
8768260507,9828897,17,False,Radiant
8768260507,9691969,43,True,Dire
8768214839,9767998,38,False,Radiant
8768214839,9426115,34,True,Dire
8768181034,9461271,49,True,Radiant
8768181034,9729268,48,False,Dire
8768174111,9426115,27,True,Radiant
8768174111,9767998,20,False,Dire
8768156722,9878494,43,True,Radiant
8768156722,9768243,25,False,Dire
8768135612,9767998,43,True,Radiant
8768135612,9426115,32,False,Dire
8768129330,2586976,27,True,Radiant
8768129330,10081680,11,False,Dire
8768126581,9729268,44,True,Radiant
8768126581,9461271,44,False,Dire
8768125436,9879852,37,True,Radiant
8768125436,9546449,26,False,Dire
8768124041,9768243,21,False,Radiant
8768124041,9878494,35,True,Dire
8768118591,5017210,21,True,Radiant
8768118591,9886289,7,False,Dire
8768112707,9894442,27,True,Radiant
8768112707,9351740,24,False,Dire
8768097364,9768002,36,True,Radiant
8768097364,2443375,31,False,Dire
8768088914,9878494,36,False,Radiant
8768088914,9768243,44,True,Dire
8768075956,10081680,11,False,Radiant
8768075956,2586976,36,True,Dire
8768065801,2443375,22,False,Radiant
8768065801,9768002,31,True,Dire
8768062819,9886289,19,False,Radiant
8768062819,5017210,26,True,Dire
8768061677,9351740,9,False,Radiant
8768061677,9894442,22,True,Dire
8768060635,9995737,40,True,Radiant
8768060635,9628721,33,False,Dire
8768060465,9546449,14,False,Radiant
8768060465,9879852,31,True,Dire
8768052754,8629005,35,True,Radiant
8768052754,9425656,24,False,Dire
8768031307,10109291,27,True,Radiant
8768031307,10109300,22,False,Dire
8768027244,9729268,37,False,Radiant
8768027244,9995737,43,True,Dire
8768023780,9425656,18,False,Radiant
8768023780,8629005,34,True,Dire
8767990631,10109291,31,True,Radiant
8767990631,10109300,16,False,Dire
8767948896,10109280,20,False,Radiant
8767948896,10109292,26,True,Dire
8767931544,10109280,19,True,Radiant
8767931544,10109292,15,False,Dire
8767912354,9820028,9,False,Radiant
8767912354,10053545,49,True,Dire
8767888560,10081473,37,False,Radiant
8767888560,8080754,42,True,Dire
8767876961,10109280,30,False,Radiant
8767876961,10109292,21,True,Dire
8767845436,10053545,15,False,Radiant
8767845436,8965331,35,True,Dire
8767828461,8080754,54,True,Radiant
8767828461,10081473,58,False,Dire
8767827341,9866035,6,False,Radiant
8767827341,2885851,27,True,Dire
8767780388,2114225,53,True,Radiant
8767780388,581153,51,False,Dire
8767769376,10053545,41,False,Radiant
8767769376,8965331,34,True,Dire
8767769290,2885851,30,True,Radiant
8767769290,9866035,11,False,Dire
8767762456,10114405,38,True,Radiant
8767762456,9658086,11,False,Dire
8767698880,2114225,42,False,Radiant
8767698880,581153,44,True,Dire
8767681687,9878408,37,True,Radiant
8767681687,9628721,27,False,Dire
8767575500,9834545,26,False,Radiant
8767575500,9886115,35,True,Dire
8767542788,9026338,17,False,Radiant
8767542788,10109812,55,True,Dire
8767499548,9886115,30,False,Radiant
8767499548,9995737,38,True,Dire
8767480307,10108960,29,False,Radiant
8767480307,9829371,46,True,Dire
8767416715,9829371,38,True,Radiant
8767416715,10108960,11,False,Dire
8767402615,9995737,32,False,Radiant
8767402615,9886115,37,True,Dire
8767380962,10060935,78,True,Radiant
8767380962,9677738,43,False,Dire
8767315187,9896157,43,True,Radiant
8767315187,9860197,11,False,Dire
8767261875,9572001,30,True,Radiant
8767261875,7554697,17,False,Dire
8767252952,8680909,29,True,Radiant
8767252952,10060617,4,False,Dire
8767241386,5014799,24,False,Radiant
8767241386,2576071,37,True,Dire
8767224004,9860197,23,False,Radiant
8767224004,9729342,32,True,Dire
8767163289,5014799,33,True,Radiant
8767163289,2576071,9,False,Dire
8767155110,10060617,10,False,Radiant
8767155110,8680909,35,True,Dire
8767154359,10053545,37,True,Radiant
8767154359,10101932,19,False,Dire
8767142932,10108713,26,True,Radiant
8767142932,10001733,6,False,Dire
8767122402,7554697,30,False,Radiant
8767122402,9572001,35,True,Dire
8767099770,9818938,45,False,Radiant
8767099770,9724428,60,True,Dire
8767079382,10053545,43,True,Radiant
8767079382,10101932,14,False,Dire
8767039368,9572001,25,True,Radiant
8767039368,7554697,2,False,Dire
8767035517,2576071,38,True,Radiant
8767035517,5014799,34,False,Dire
8767035271,10108713,38,True,Radiant
8767035271,10001733,24,False,Dire
8767001429,9818938,61,True,Radiant
8767001429,9724428,34,False,Dire
8766901266,9724428,33,True,Radiant
8766901266,9729268,46,False,Dire
8766874056,7554697,52,True,Radiant
8766874056,9338413,21,False,Dire
8766868898,10081680,36,True,Radiant
8766868898,10020555,9,False,Dire
8766838276,2576071,41,True,Radiant
8766838276,10101793,25,False,Dire
8766832923,9886115,31,False,Radiant
8766832923,9797883,35,True,Dire
8766799303,7554697,45,True,Radiant
8766799303,9338413,20,False,Dire
8766784253,9426115,37,True,Radiant
8766784253,8629315,29,False,Dire
8766766359,10101793,14,False,Radiant
8766766359,2576071,41,True,Dire
8766761651,9797883,61,True,Radiant
8766761651,9886115,38,False,Dire
8766744085,10081680,26,False,Radiant
8766744085,10020555,46,True,Dire
8766742524,8629315,20,False,Radiant
8766742524,9426115,43,True,Dire
8766701267,9426115,23,False,Radiant
8766701267,8629315,28,True,Dire
8766696716,10102110,25,False,Radiant
8766696716,10108685,29,True,Dire
8766695692,9886115,33,True,Radiant
8766695692,9593609,31,False,Dire
8766676079,10081680,16,True,Radiant
8766676079,10020555,11,False,Dire
8766664862,9768002,30,True,Radiant
8766664862,8629005,11,False,Dire
8766639130,10108685,14,False,Radiant
8766639130,10102110,51,True,Dire
8766635021,9593609,41,True,Radiant
8766635021,9729268,17,False,Dire
8766625068,8629005,25,False,Radiant
8766625068,9768002,43,True,Dire
8766581969,9767998,42,True,Radiant
8766581969,9814269,26,False,Dire
8766578628,9729268,38,False,Radiant
8766578628,9593609,36,True,Dire
8766573770,10108685,44,True,Radiant
8766573770,10102110,22,False,Dire
8766562168,9895695,13,False,Radiant
8766562168,9894442,31,True,Dire
8766543698,9814269,29,False,Radiant
8766543698,9767998,44,True,Dire
8766520422,9593609,26,False,Radiant
8766520422,9729268,51,True,Dire
8766515008,9878494,30,True,Radiant
8766515008,9425656,14,False,Dire
8766481927,9425656,24,False,Radiant
8766481927,9878494,42,True,Dire
8766422090,8849833,35,True,Radiant
8766422090,9048057,20,False,Dire
8766396038,9048057,15,False,Radiant
8766396038,8849833,19,True,Dire
8766369442,8849833,38,False,Radiant
8766369442,9048057,45,True,Dire
8766353410,8843862,43,True,Radiant
8766353410,9829371,24,False,Dire
8766344010,8850015,52,True,Radiant
8766344010,9005364,45,False,Dire
8766320262,9829371,18,False,Radiant
8766320262,8843862,47,True,Dire
8766315219,9005364,32,False,Radiant
8766315219,8850015,36,True,Dire
8766301599,2885851,39,True,Dire
8766299346,10053545,36,True,Radiant
8766288757,9657799,36,False,Dire
8766285720,8849837,45,True,Radiant
8766285720,8850016,35,False,Dire
8766258742,8843862,35,False,Radiant
8766258742,9829371,65,True,Dire
8766256040,10040639,11,False,Radiant
8766256040,2885851,37,True,Dire
8766253297,10095819,15,False,Radiant
8766251302,8850016,26,False,Radiant
8766251302,8849837,40,True,Dire
8766247585,9600331,20,False,Radiant
8766247585,9866035,42,True,Dire
8766245839,8965331,42,True,Radiant
8766242673,9657799,48,True,Dire
8766239588,9658086,44,True,Radiant
8766239588,9866136,32,False,Dire
8766227560,10053545,63,True,Radiant
8766227560,9041543,50,False,Dire
8766208433,8849837,30,False,Radiant
8766208433,8850016,41,True,Dire
8766203424,5168070,42,True,Dire
8766200414,2885851,46,True,Dire
8766200124,10082589,39,True,Radiant
8766200124,7554144,12,False,Dire
8766199551,9798986,14,False,Dire
8766199101,9805701,48,True,Radiant
8766199101,9964542,3,False,Dire
8766194112,8890220,18,False,Radiant
8766194112,9657799,45,True,Dire
8766185902,10108942,6,True,Radiant
8766185902,9866136,4,False,Dire
8766168681,7554697,26,True,Radiant
8766168681,9964962,41,False,Dire
8766164887,8879077,40,True,Radiant
8766164887,9025669,29,False,Dire
8775597631,9025669,40,True,Radiant
8775597631,8850015,27,False,Dire
8775558353,8850015,35,True,Radiant
8775558353,9025669,24,False,Dire
8775557427,9373482,14,False,Radiant
8775557427,9678463,29,True,Dire
8775503668,9025669,30,True,Radiant
8775503668,8850015,26,False,Dire
8775491148,9373482,9,False,Radiant
8775491148,9678463,33,True,Dire
8775420237,9373482,36,True,Radiant
8775420237,9678463,15,False,Dire
8775409015,9743822,30,False,Radiant
8775409015,9635581,45,True,Dire
8775340388,9373482,14,False,Radiant
8775340388,9678463,31,True,Dire
8775334535,9635581,54,True,Radiant
8775334535,9628721,29,False,Dire
8775322183,10047709,29,True,Radiant
8775322183,10019843,9,False,Dire
8775252296,10060977,25,False,Radiant
8775252296,9973477,41,True,Dire
8775215355,9814269,15,False,Radiant
8775215355,8629005,31,True,Dire
8775195637,9373482,38,True,Radiant
8775195637,9678463,29,False,Dire
8775188427,10047709,39,True,Radiant
8775188427,10019843,25,False,Dire
8775186994,9973477,22,True,Radiant
8775186994,10088400,14,False,Dire
8775152941,8629005,55,True,Radiant
8775152941,9814269,31,False,Dire
8775116152,8831040,34,True,Radiant
8775116152,10088400,19,False,Dire
8775084512,9768243,39,True,Radiant
8775084512,9426115,22,False,Dire
8775042372,7299465,21,False,Radiant
8775042372,10019843,27,True,Dire
8775029987,9426115,18,False,Radiant
8775029987,9768243,45,True,Dire
8775025719,10088400,62,True,Radiant
8775025719,8831040,51,False,Dire
8774967333,9768243,27,False,Radiant
8774967333,9426115,40,True,Dire
8774962957,7299465,12,False,Radiant
8774962957,10019843,26,True,Dire
8774943088,9636142,55,True,Radiant
8774943088,10088400,39,False,Dire
8774912395,8629315,22,False,Radiant
8774912395,9878494,41,True,Dire
8774885908,10115965,38,True,Radiant
8774885908,9593609,17,False,Dire
8774863682,9878494,40,True,Radiant
8774863682,8629315,21,False,Dire
8774853429,7299465,43,True,Radiant
8774853429,10019843,24,False,Dire
8774804454,10115965,39,False,Radiant
8774804454,9593609,42,True,Dire
8774787020,2443375,30,True,Radiant
8774787020,9426115,11,False,Dire
8774759010,9593609,19,False,Radiant
8774759010,10115965,44,True,Dire
8774750106,9426115,25,False,Radiant
8774750106,2443375,38,True,Dire
8774710998,8629005,41,True,Radiant
8774710998,9768002,32,False,Dire
8774684292,9768002,18,False,Radiant
8774684292,8629005,37,True,Dire
8774675856,9593609,47,True,Radiant
8774675856,8831040,42,False,Dire
8774653590,8629005,24,False,Radiant
8774653590,9768002,38,True,Dire
8774642514,9444076,14,False,Radiant
8774642514,9885928,32,True,Dire
8774642170,9636142,24,False,Radiant
8774642170,9593609,43,True,Dire
8774622965,8629005,27,False,Radiant
8774622965,9878494,47,True,Dire
8774622614,9425656,26,False,Radiant
8774622614,8629315,29,True,Dire
8774597098,8629315,26,True,Radiant
8774597098,9425656,25,False,Dire
8774595743,9878494,37,True,Radiant
8774595743,8629005,17,False,Dire
8774590801,10115321,20,False,Radiant
8774590801,9894442,38,True,Dire
8774583596,9563873,32,False,Radiant
8774583596,9635581,35,True,Dire
8774572260,9425656,42,True,Radiant
8774572260,8629315,19,False,Dire
8774570917,2443375,36,True,Radiant
8774570917,9768002,20,False,Dire
8774551792,9635581,38,True,Radiant
8774551792,9563873,30,False,Dire
8774548634,9768002,42,True,Radiant
8774548634,2443375,30,False,Dire
8774546375,9768243,33,True,Radiant
8774546375,9767998,30,False,Dire
8774523606,2443375,38,True,Radiant
8774523606,9768002,26,False,Dire
8774523605,9767998,21,False,Radiant
8774523605,9768243,38,True,Dire
8774519913,9677506,48,True,Radiant
8774519913,9743822,25,False,Dire
8774490090,9628721,36,False,Radiant
8774490090,9677506,41,True,Dire
8774484901,8849837,33,True,Radiant
8774484901,8879077,18,False,Dire
8774463874,8879077,28,False,Radiant
8774463874,8849837,33,True,Dire
8774445477,9048057,11,False,Radiant
8774445477,9025669,20,True,Dire
8774427182,9025669,28,True,Radiant
8774427182,9048057,21,False,Dire
8774408642,9048057,25,True,Radiant
8774408642,9025669,16,False,Dire
8774391564,8850015,36,True,Radiant
8774391564,8850016,20,False,Dire
8774372295,8850016,31,True,Radiant
8774372295,8850015,18,False,Dire
8774345455,8850015,38,True,Radiant
8774345455,8850016,30,False,Dire
8774318066,8849833,21,False,Radiant
8774318066,9005364,27,True,Dire
8774287192,9005364,42,True,Radiant
8774287192,8849833,36,False,Dire
8774248593,9600331,18,False,Radiant
8774248593,9678463,39,True,Dire
8774247351,8849833,31,True,Radiant
8774247351,9005364,27,False,Dire
8774180905,9600331,26,False,Radiant
8774180905,9678463,42,True,Dire
8774175432,9860197,22,False,Radiant
8774175432,10027925,40,True,Dire
8774081139,2576071,34,False,Radiant
8774081139,10047709,40,True,Dire
8774080594,10027925,38,True,Radiant
8774080594,9995737,35,False,Dire
8774042724,10053545,14,False,Radiant
8774042724,9678463,38,True,Dire
8774040109,9768243,33,True,Radiant
8774040109,9814269,24,False,Dire
8773993505,9814269,39,True,Radiant
8773993505,9768243,33,False,Dire
8773980184,10047709,25,False,Radiant
8773980184,2576071,36,True,Dire
8773962472,10053545,18,False,Radiant
8773962472,9678463,45,True,Dire
8773939531,9768243,19,True,Radiant
8773939531,9814269,20,False,Dire
8773886177,2576071,17,False,Radiant
8773886177,10047709,32,True,Dire
8773873425,8629315,14,False,Radiant
8773873425,2443375,44,True,Dire
8773827906,9828921,51,True,Radiant
8773827906,9593609,32,False,Dire
8773814867,2443375,31,True,Radiant
8773814867,8629315,26,False,Dire
8773765844,8831040,64,False,Radiant
8773765844,9729767,62,True,Dire
8773757557,9425656,28,True,Radiant
8773757557,9767998,16,False,Dire
8773732510,5014799,25,False,Radiant
8773732510,9928636,34,True,Dire
8773729889,9593609,31,False,Radiant
8773729889,9828921,47,True,Dire
8773696399,9767998,36,True,Radiant
8773696399,9425656,24,False,Dire
8773679796,9729767,27,False,Radiant
8773679796,9636142,51,True,Dire
8773652269,9425656,37,True,Radiant
8773652269,9767998,24,False,Dire
8773636788,9928636,33,True,Radiant
8773636788,5014799,23,False,Dire
8773612913,8831040,41,False,Radiant
8773612913,9729767,49,True,Dire
8778534392,9025669,39,True,Radiant
8778534392,8879077,26,False,Dire
8778529531,9988580,33,True,Radiant
8778529531,10053545,19,False,Dire
8778483030,9729342,56,True,Radiant
8778483030,9564441,26,False,Dire
8778468389,9988580,18,False,Radiant
8778468389,10053545,39,True,Dire
8778466035,8879077,43,True,Radiant
8778466035,9025669,24,False,Dire
8778439040,9303383,35,True,Radiant
8778439040,9678463,18,False,Dire
8778430310,9461271,22,False,Radiant
8778430310,9564441,30,True,Dire
8778407321,9600141,10,False,Radiant
8778407321,10108947,29,True,Dire
8778394652,55,44,True,Radiant
8778394652,9973656,11,False,Dire
8778385327,9564441,9,False,Radiant
8778385327,9729342,37,True,Dire
8778335100,9303383,31,True,Radiant
8778335100,9678463,36,False,Dire
8778331594,55,26,True,Radiant
8778331594,9973656,5,False,Dire
8778329837,10108947,40,True,Radiant
8778329837,9600141,23,False,Dire
8778318128,9471435,46,True,Radiant
8778318128,9677506,17,False,Dire
8778259175,9677506,38,True,Radiant
8778259175,9471435,22,False,Dire
8778254726,9572001,29,True,Radiant
8778254726,9303484,6,False,Dire
8778252071,8291895,33,False,Radiant
8778252071,9895392,30,True,Dire
8778234977,9600141,26,True,Radiant
8778234977,9678463,12,False,Dire
8778215966,10108713,51,True,Radiant
8778215966,9973656,25,False,Dire
8778186897,9471435,37,True,Radiant
8778186897,9677506,20,False,Dire
8778168822,9895392,21,False,Radiant
8778168822,8291895,28,True,Dire
8778162915,9572001,28,True,Radiant
8778162915,9303484,12,False,Dire
8778146322,55,31,True,Radiant
8778146322,8680909,15,False,Dire
8778143073,9973656,12,False,Radiant
8778143073,10108713,28,True,Dire
8778140714,9600141,16,False,Radiant
8778140714,9678463,41,True,Dire
8778074211,8291895,5,False,Radiant
8778074211,9895392,29,True,Dire
8778058569,10121883,32,False,Radiant
8778058569,10115965,45,True,Dire
8778053179,55,31,True,Radiant
8778053179,8680909,13,False,Dire
8778051760,9600141,27,True,Radiant
8778051760,9678463,13,False,Dire
8778048389,9879852,4,False,Radiant
8778048389,9255039,21,True,Dire
8778045350,9247354,27,True,Radiant
8778045350,7119388,27,False,Dire
8777969606,10121883,31,False,Radiant
8777969606,10115965,46,True,Dire
8777955132,10108947,31,True,Radiant
8777955132,9823272,25,False,Dire
8777949581,9255039,32,True,Radiant
8777949581,9879852,17,False,Dire
8777936470,9247354,38,True,Radiant
8777936470,7119388,12,False,Dire
8777870860,10115965,27,False,Radiant
8777870860,10121883,51,True,Dire
8777869980,9885310,20,False,Radiant
8777869980,9895247,37,True,Dire
8777861135,7554697,29,True,Radiant
8777861135,5014799,10,False,Dire
8777838108,9823272,22,False,Radiant
8777838108,10108947,26,True,Dire
8777800049,7119388,41,True,Radiant
8777800049,9247354,16,False,Dire
8777788301,9768002,44,False,Radiant
8777788301,8629315,37,True,Dire
8777777604,9928636,32,False,Radiant
8777777604,9255039,38,True,Dire
8777769508,9885310,12,False,Radiant
8777769508,9895247,15,True,Dire
8777767528,7554697,23,True,Radiant
8777767528,5014799,13,False,Dire
8777757647,9828921,33,True,Radiant
8777757647,10060977,27,False,Dire
8777738576,9964962,36,True,Radiant
8777738576,9338413,15,False,Dire
8777729890,8629315,44,True,Radiant
8777729890,9768002,22,False,Dire
8777714725,8255888,32,True,Radiant
8777714725,2163,11,False,Dire
8777713370,9255039,22,True,Radiant
8777713370,9928636,4,False,Dire
8777713189,9894442,19,False,Radiant
8777713189,5017210,33,True,Dire
8777684470,10060977,34,False,Radiant
8777684470,9828921,49,True,Dire
8777683026,7299465,37,True,Radiant
8777683026,9879852,14,False,Dire
8777668509,9768002,47,True,Radiant
8777668509,8629315,17,False,Dire
8777652578,9964962,37,True,Radiant
8777652578,9338413,16,False,Dire
8777647377,9894442,24,True,Radiant
8777647377,9885928,11,False,Dire
8777641706,9885310,4,False,Radiant
8777641706,7554697,18,True,Dire
8777630244,2163,21,False,Radiant
8777630244,8255888,36,True,Dire
8777628944,7299465,29,True,Radiant
8777628944,9879852,2,False,Dire
8777615628,9768243,35,True,Radiant
8777615628,9814269,28,False,Dire
8777607661,10095351,35,True,Radiant
8777607661,9828921,42,False,Dire
8777573565,9814269,32,False,Radiant
8777573565,9768243,36,True,Dire
8777570720,726228,28,True,Radiant
8777570720,36,11,False,Dire
8777560892,8261500,14,False,Radiant
8777560892,9467224,28,True,Dire
8777556612,9885928,18,False,Radiant
8777556612,9894442,30,True,Dire
8777554612,9928636,28,True,Radiant
8777554612,9255039,19,False,Dire
8777551202,7554697,24,True,Radiant
8777551202,9885310,16,False,Dire
8777547487,9828921,34,False,Radiant
8777547487,10115965,28,True,Dire
8777543866,7299465,29,False,Radiant
8777543866,9879852,32,True,Dire
8777507582,9768243,17,False,Radiant
8777507582,9814269,27,True,Dire
8777501479,5017210,24,True,Radiant
8777501479,10108166,5,False,Dire
8777495739,9467224,40,True,Radiant
8777495739,8261500,11,False,Dire
8777492128,36,7,False,Radiant
8777492128,726228,25,True,Dire
8777480877,9718665,39,True,Radiant
8777480877,9684245,19,False,Dire
8777462813,9425656,38,True,Radiant
8777462813,2443375,24,False,Dire
8777462562,7917893,30,True,Radiant
8777462562,9098294,29,False,Dire
8777442409,9684245,25,False,Radiant
8777442409,9718665,36,True,Dire
8777439091,726228,6,False,Radiant
8777439091,36,31,True,Dire
8777437242,5017210,18,False,Radiant
8777437242,10108166,32,True,Dire
8777432261,8261500,28,True,Radiant
8777432261,9467224,14,False,Dire
8777421968,2443375,38,False,Radiant
8777421968,9425656,46,True,Dire
8777391458,7917893,41,True,Radiant
8777391458,9098294,22,False,Dire
8777377390,10108166,11,False,Radiant
8777377390,5017210,31,True,Dire
8777375954,9878494,27,False,Radiant
8777375954,9767998,34,True,Dire
8777347163,8629005,27,False,Radiant
8777347163,9426115,48,True,Dire
8777346407,10027925,47,True,Radiant
8777346407,9397016,40,False,Dire
8777339973,9767998,33,True,Radiant
8777339973,9878494,24,False,Dire
8777318456,9426115,37,True,Radiant
8777318456,8629005,17,False,Dire
8777302423,10027925,28,False,Radiant
8777302423,9397016,43,True,Dire
8777297585,9878494,34,True,Radiant
8777297585,9767998,20,False,Dire
8777287615,8629315,45,True,Radiant
8777287615,9814269,34,False,Dire
8777259758,9814269,19,False,Radiant
8777259758,8629315,28,True,Dire
8777254652,9397016,23,False,Radiant
8777254652,10027925,37,True,Dire
8777115619,2647338,41,True,Radiant
8777115619,581153,7,False,Dire
8777105432,9988580,47,True,Radiant
8777105432,2885851,10,False,Dire
8777071208,2647338,46,True,Radiant
8777071208,581153,35,False,Dire
8777068108,9988580,13,False,Radiant
8777068108,2885851,41,True,Dire
8777046428,10081473,30,False,Radiant
8777046428,10034132,36,True,Dire
8776961561,10081473,44,True,Radiant
8776961561,10034132,27,False,Dire
8776958614,5014799,20,False,Radiant
8776958614,9928636,30,True,Dire
8776882933,9928636,13,False,Radiant
8776882933,5014799,49,True,Dire
8776871332,9895818,48,True,Radiant
8776871332,9729342,46,False,Dire
8776815882,8291895,11,False,Radiant
8776815882,9303484,35,True,Dire
8776804494,5014799,9,False,Radiant
8776804494,9928636,23,True,Dire
8776789587,9729342,50,True,Radiant
8776789587,9895818,30,False,Dire
8776734370,9928636,30,True,Radiant
8776734370,5014799,21,False,Dire
8776713760,9895818,46,True,Radiant
8776713760,9729342,31,False,Dire
8776679266,8291895,29,True,Radiant
8776679266,9303484,30,False,Dire
8776664516,9823272,10,False,Radiant
8776664516,9247354,33,True,Dire
8776629195,9828921,42,True,Radiant
8776629195,10060977,3,False,Dire
8776583882,9303484,20,True,Radiant
8776583882,8291895,13,False,Dire
8776555176,5014799,41,True,Radiant
8776555176,9928636,32,False,Dire
8776550821,10060977,19,False,Radiant
8776550821,9828921,39,True,Dire
8776543835,9247354,32,True,Radiant
8776543835,9823272,15,False,Dire
8776484403,8255888,26,True,Radiant
8776484403,9895392,13,False,Dire
8776439370,10095351,20,True,Radiant
8776439370,10060977,27,False,Dire
8776432038,9572001,30,True,Radiant
8776432038,9338413,21,False,Dire
8776392436,10047709,7,False,Radiant
8776392436,5014799,37,True,Dire
8776380784,8255888,36,True,Radiant
8776380784,9895392,15,False,Dire
8776349791,10060977,12,False,Radiant
8776349791,10095351,32,True,Dire
8776345901,9572001,32,True,Radiant
8776345901,9338413,8,False,Dire
8776302295,10108947,12,False,Radiant
8776302295,9467224,43,True,Dire
8776268738,5014799,51,True,Radiant
8776268738,10047709,31,False,Dire
8776239028,9593609,45,True,Radiant
8776239028,9973477,32,False,Dire
8776238601,10108947,25,True,Radiant
8776238601,9467224,5,False,Dire
8776236178,9964962,21,False,Radiant
8776236178,2163,33,True,Dire
8776170934,10108947,26,False,Radiant
8776170934,9467224,23,True,Dire
8776164524,9973477,29,False,Radiant
8776164524,9593609,52,True,Dire
8776157596,2163,18,False,Radiant
8776157596,9964962,39,True,Dire
8776104175,10115965,48,True,Radiant
8776104175,9691942,28,False,Dire
8776102064,9878494,29,True,Radiant
8776102064,8629005,9,False,Dire
8776094912,7119388,26,True,Radiant
8776094912,726228,12,False,Dire
8776077999,9964962,26,False,Radiant
8776077999,2163,38,True,Dire
8776062237,8629005,33,False,Radiant
8776062237,9878494,41,True,Dire
8776058767,10108166,22,True,Radiant
8776058767,9885310,7,False,Dire
8776022735,9593609,31,False,Radiant
8776022735,10115965,47,True,Dire
8776022657,9878494,38,True,Radiant
8776022657,8629005,16,False,Dire
8776019262,8261500,39,True,Radiant
8776019262,36,10,False,Dire
8776009613,726228,28,False,Radiant
8776009613,7119388,29,True,Dire
8775995860,8629315,8,False,Radiant
8775995860,9878494,29,True,Dire
8775977371,9743822,41,True,Radiant
8775977371,10116131,32,False,Dire
8775972550,9878494,4,True,Radiant
8775972550,8629315,3,False,Dire
8775954955,7119388,8,False,Radiant
8775954955,726228,30,True,Dire
8775954888,8261500,25,True,Radiant
8775954888,36,27,False,Dire
8775947237,9878494,36,True,Radiant
8775947237,8629315,20,False,Dire
8775922536,10116131,22,False,Radiant
8775922536,9743822,38,True,Dire
8775919432,9895695,29,True,Radiant
8775919432,9315393,15,False,Dire
8775901811,9768243,48,False,Radiant
8775901811,8629005,37,True,Dire
8775873614,9860197,27,False,Radiant
8775873614,9628721,45,True,Dire
8775867834,8629005,37,True,Radiant
8775867834,9768243,29,False,Dire
8775837191,7917893,30,True,Radiant
8775837191,10108685,16,False,Dire
8775832733,9860197,32,False,Radiant
8775832733,9628721,46,True,Dire
8775832613,9768243,42,True,Radiant
8775832613,8629005,33,False,Dire
8775791184,9628721,23,False,Radiant
8775791184,9860197,59,True,Dire
8775790040,7917893,38,True,Radiant
8775790040,10108685,9,False,Dire
8775765473,8850016,31,True,Radiant
8775765473,8879077,21,False,Dire
8775744893,8879077,23,False,Radiant
8775744893,8850016,45,True,Dire
8775718999,8850016,30,False,Radiant
8775718999,8879077,38,True,Dire
8775698423,8849833,35,True,Radiant
8775698423,8849837,22,False,Dire
8775676108,8849837,21,False,Radiant
8775676108,8849833,37,True,Dire
8775655922,9048057,21,False,Radiant
8775655922,9005364,43,True,Dire
8775633017,9005364,40,True,Radiant
8775633017,9048057,25,False,Dire
8773553735,9729767,45,True,Radiant
8773553735,9593609,27,False,Dire
8773544508,7299465,40,True,Radiant
8773544508,9948367,17,False,Dire
8773542751,9426115,31,True,Radiant
8773542751,9814269,18,False,Dire
8773510401,9814269,22,False,Radiant
8773510401,9426115,36,True,Dire
8773506061,9593609,39,False,Radiant
8773506061,9729767,73,True,Dire
8773493455,9948367,10,False,Radiant
8773493455,7299465,40,True,Dire
8773476413,8629005,26,False,Radiant
8773476413,9878494,31,True,Dire
8778562232,8879077,15,False,Radiant
8778562232,9025669,29,True,Dire
8773467022,9995737,38,True,Radiant
8773467022,9564888,20,False,Dire
8773445042,9878494,33,False,Radiant
8773445042,8629005,42,True,Dire
8773426150,9768002,37,False,Radiant
8773426150,9425656,51,True,Dire
8773418508,9564888,66,True,Radiant
8773418508,9718665,43,False,Dire
8773417630,8629005,20,False,Radiant
8773417630,9878494,20,True,Dire
8773401898,9425656,31,True,Radiant
8773401898,9768002,20,False,Dire
8773391927,9768243,28,True,Radiant
8773391927,2443375,26,False,Dire
8773387305,9718665,51,True,Radiant
8773387305,9964674,37,False,Dire
8773375106,9426115,32,False,Radiant
8773375106,9814269,42,True,Dire
8773366463,2443375,24,False,Radiant
8773366463,9768243,32,True,Dire
8773353770,9622426,29,False,Radiant
8773353770,9677506,44,True,Dire
8773349421,9814269,40,True,Radiant
8773349421,9426115,36,False,Dire
8773340998,8629315,32,True,Radiant
8773340998,9767998,24,False,Dire
8773328878,9426115,26,True,Radiant
8773328878,9814269,11,False,Dire
8773324108,9879852,27,True,Radiant
8773324108,10108685,13,False,Dire
8773320734,9677506,33,False,Radiant
8773320734,9622426,52,True,Dire
8773319740,9767998,18,False,Radiant
8773319740,8629315,25,True,Dire
8773288949,9622426,34,False,Radiant
8773288949,9677506,39,True,Dire
8773288236,10108685,8,False,Radiant
8773288236,9879852,32,True,Dire
8773264593,8849837,35,True,Radiant
8773264593,9005364,30,False,Dire
8773245557,9005364,30,True,Radiant
8773245557,8849837,22,False,Dire
8770942898,9814269,12,False,Radiant
8770942898,9768243,29,True,Dire
8770941904,2443375,27,False,Radiant
8770941904,8629005,35,True,Dire
8770932974,9894442,36,True,Radiant
8770932974,10108685,20,False,Dire
8770917333,9768243,32,False,Radiant
8770917333,9814269,40,True,Dire
8770915295,8629005,11,False,Radiant
8770915295,2443375,34,True,Dire
8770909575,9828897,12,False,Radiant
8770909575,9691969,26,True,Dire
8770893622,5017210,34,False,Radiant
8770893622,9885310,31,True,Dire
8770891184,10108685,22,False,Radiant
8770891184,9894442,37,True,Dire
8770889561,9768002,13,False,Radiant
8770889561,9767998,33,True,Dire
8770886031,9425656,28,True,Radiant
8770886031,8629315,10,False,Dire
8770865734,9767998,33,True,Radiant
8770865734,9768002,16,False,Dire
8770862493,8629315,32,False,Radiant
8770862493,9425656,31,True,Dire
8770857125,10109281,25,False,Radiant
8770857125,10109294,22,True,Dire
8770854268,10108600,53,True,Radiant
8770854268,9973656,16,False,Dire
8770853808,9691969,19,False,Radiant
8770853808,9828897,47,True,Dire
8770853251,9885310,21,True,Radiant
8770853251,5017210,13,False,Dire
8770842173,9894442,18,False,Radiant
8770842173,10108685,46,True,Dire
8770837839,9303484,47,True,Radiant
8770837839,10108947,22,False,Dire
8770823613,10109281,25,True,Radiant
8770823613,10109294,22,False,Dire
8770814572,8850015,25,False,Radiant
8770814572,9048057,33,True,Dire
8770810338,10108600,49,False,Radiant
8770810338,9973656,51,True,Dire
8770803860,9303484,13,False,Radiant
8770803860,10108947,41,True,Dire
8770795663,9048057,31,True,Radiant
8770795663,8850015,21,False,Dire
8770792846,10109281,26,False,Radiant
8770792846,10109294,26,True,Dire
8770775515,8850015,43,True,Radiant
8770775515,9048057,23,False,Dire
8770765615,10108600,43,True,Radiant
8770765615,9973656,22,False,Dire
8770764646,9303484,32,True,Radiant
8770764646,10108947,13,False,Dire
8770763011,10109291,37,True,Radiant
8770763011,10109292,15,False,Dire
8770753858,8879077,25,False,Radiant
8770753858,8849833,34,True,Dire
8770743671,8843862,5,False,Radiant
8770743671,9600331,13,True,Dire
8770741705,10109291,22,True,Radiant
8770741705,10109292,22,False,Dire
8770737550,8849833,33,True,Radiant
8770737550,8879077,26,False,Dire
8770720679,8879077,34,True,Radiant
8770720679,8849833,18,False,Dire
8769665403,9315393,17,False,Radiant
8769665403,9885310,39,True,Dire
8767742293,9628721,25,False,Radiant
8767742293,9878408,33,True,Dire
8767705117,9658086,5,False,Radiant
8767705117,10114405,33,True,Dire
8778585331,8850016,27,True,Radiant
8778585331,8849837,21,False,Dire
8778568932,9820028,39,True,Radiant
8778568932,8124644,13,False,Dire
8766147608,5250783,9,False,Dire
8766147514,10101932,17,False,Radiant
8766147514,10040639,35,True,Dire
8766128777,9798986,37,True,Dire
8766122013,9025669,15,False,Radiant
8766122013,8879077,32,True,Dire
8766089530,7554697,39,True,Radiant
8766089530,9964962,7,False,Dire
8766051012,10007804,25,False,Radiant
8766051012,9828921,37,True,Dire
8766043944,10040639,44,True,Radiant
8766043944,10101932,33,False,Dire
8765976782,9964962,31,True,Radiant
8765976782,7554697,26,False,Dire
8765936372,9828921,50,True,Radiant
8765936372,10007804,47,False,Dire
8765867665,9572001,41,True,Radiant
8765867665,9338413,25,False,Dire
8765843068,9973477,29,False,Radiant
8765843068,9828921,44,True,Dire
8765834722,9878494,25,False,Radiant
8765834722,9814269,46,True,Dire
8765819628,9572165,14,False,Radiant
8765819628,10108960,31,True,Dire
8765781391,9572001,24,True,Radiant
8765781391,9338413,15,False,Dire
8765770037,9814269,22,False,Radiant
8765770037,9878494,27,True,Dire
8765739689,10101793,17,False,Radiant
8765739689,10060617,46,True,Dire
8765707591,9872558,26,False,Radiant
8765699638,9828921,52,True,Radiant
8765699638,9973477,72,False,Dire
8765689341,9878494,39,False,Radiant
8765689341,9814269,42,True,Dire
8765688078,9303383,12,False,Radiant
8765688078,9964962,33,True,Dire
8765684866,10040801,8,False,Dire
8765668985,10101793,37,True,Radiant
8765668985,10108719,8,False,Dire
8765636469,10060617,23,True,Radiant
8765619705,9824381,37,True,Radiant
8765616330,2443375,24,False,Radiant
8765616330,9425656,50,True,Dire
8765603157,10053545,36,True,Radiant
8765603157,4086533,6,False,Dire
8765597299,9303383,22,True,Radiant
8765597299,9964962,13,False,Dire
8765589752,9886393,16,False,Radiant
8765589752,10040801,41,True,Dire
8765576597,9948367,34,False,Radiant
8765576597,10108713,34,True,Dire
8765574991,9973477,35,True,Radiant
8765574991,9729767,12,False,Dire
8765549087,9425656,39,True,Radiant
8765549087,2443375,18,False,Dire
8765528336,10053545,47,True,Radiant
8765528336,4086533,15,False,Dire
8765518896,9886393,55,True,Radiant
8765518896,10108712,3,False,Dire
8765517451,10108713,43,True,Radiant
8765517451,10034245,9,False,Dire
8765514495,9872558,71,True,Radiant
8765514495,9766265,23,False,Dire
8765510106,9948367,66,True,Radiant
8765510106,9455153,12,False,Dire
8765509135,9947953,1,False,Dire
8765508653,9760182,8,False,Radiant
8765508653,10067887,43,True,Dire
8765484698,9768002,42,True,Radiant
8765484698,8629315,21,False,Dire
8765478656,9964962,39,True,Radiant
8765478656,9303383,9,False,Dire
8765471162,9729767,22,False,Radiant
8765471162,9973477,53,True,Dire
8765434266,8629315,16,False,Radiant
8765434266,9768002,32,True,Dire
8765407551,7554697,49,True,Radiant
8765407551,2163,15,False,Dire
8765393658,10061030,40,False,Radiant
8765393658,9729767,35,True,Dire
8765372076,2443375,20,False,Radiant
8765372076,9814269,39,True,Dire
8765355208,10095351,28,True,Radiant
8765355208,10061030,16,False,Dire
8765339176,10081680,43,True,Radiant
8765322436,9814269,23,False,Radiant
8765322436,2443375,31,True,Dire
8765317021,7554697,34,False,Radiant
8765317021,2163,37,True,Dire
8765298569,10007804,31,False,Radiant
8765298569,8831040,49,True,Dire
8765287761,2443375,18,False,Radiant
8765287761,9814269,34,True,Dire
8765281928,10020555,27,True,Radiant
8765281928,7917893,8,False,Dire
8765274324,10102123,17,False,Dire
8765269161,10007804,18,False,Radiant
8765269161,8831040,33,True,Dire
8765264464,9865903,12,False,Radiant
8765260718,2163,30,False,Radiant
8765260718,7554697,34,True,Dire
8765249669,9426115,41,True,Radiant
8765249669,8629005,25,False,Dire
8765233808,10020555,24,True,Radiant
8765233808,10102110,19,False,Dire
8765233277,8831040,18,False,Radiant
8765233277,10007804,46,True,Dire
8765231116,9545342,13,False,Dire
8765223876,10102123,43,True,Dire
8765220832,10081680,36,True,Radiant
8765218824,10020582,15,False,Dire
8765203917,8629005,18,False,Radiant
8765203917,9426115,31,True,Dire
8765189352,8831040,28,False,Radiant
8765189352,9691942,61,True,Dire
8765176483,2443375,30,False,Radiant
8765176483,9878494,54,True,Dire
8765173401,9768243,40,True,Radiant
8765173401,9425656,25,False,Dire
8765153512,8831040,39,False,Radiant
8765153512,9691942,44,True,Dire
8765149029,9878494,41,True,Radiant
8765149029,2443375,23,False,Dire
8765148239,9425656,21,False,Radiant
8765148239,9768243,32,True,Dire
8765141301,10108885,14,False,Radiant
8765141301,9315393,46,True,Dire
8765123402,9691942,27,False,Radiant
8765123402,8831040,44,True,Dire
8765123371,9768002,27,True,Radiant
8765123371,9814269,16,False,Dire
8765121118,9767998,21,False,Radiant
8765121118,8629315,36,True,Dire
8765101059,9814269,26,False,Radiant
8765101059,9768002,36,True,Dire
8765098825,8629315,34,True,Radiant
8765098825,9767998,20,False,Dire
8765076694,9767998,26,True,Radiant
8765076694,8629315,15,False,Dire
8765075636,9768002,19,False,Radiant
8765075636,9814269,32,True,Dire
8765034315,8879077,33,False,Radiant
8765034315,8850016,43,True,Dire
8765015537,8850016,20,False,Radiant
8765015537,8879077,32,True,Dire
8764992484,8879077,27,False,Radiant
8764992484,8850016,33,True,Dire
8764967100,8849837,38,True,Radiant
8764967100,8849833,28,False,Dire
8764956096,10108960,9,False,Radiant
8764956096,8843862,43,True,Dire
8764937553,8849833,15,False,Radiant
8764937553,8849837,29,True,Dire
8764936140,10040639,26,False,Radiant
8764936140,10108600,50,True,Dire
8764927750,8843862,44,True,Radiant
8764927750,10108960,27,False,Dire
8764915209,9005364,18,False,Radiant
8764915209,9048057,37,True,Dire
8764902052,10108600,22,False,Radiant
8764902052,10040639,51,True,Dire
8764895162,10053545,10,False,Radiant
8764895162,7119077,29,True,Dire
8764894809,9048057,30,True,Radiant
8764894809,9005364,10,False,Dire
8764873049,8850015,26,True,Radiant
8764873049,9025669,16,False,Dire
8764868382,10108944,20,False,Radiant
8764868382,10108781,41,True,Dire
8764865647,9572165,42,False,Radiant
8764865647,9829371,41,True,Dire
8764846486,10108600,47,True,Radiant
8764846486,10040639,26,False,Dire
8764845708,1798457,21,True,Radiant
8764845708,10053545,11,False,Dire
8764841060,9025669,13,False,Radiant
8764841060,8850015,24,True,Dire
8764812557,9303383,12,False,Radiant
8764812557,9338413,34,True,Dire
8764802401,10108944,34,False,Radiant
8764802401,10108781,23,True,Dire
8764801926,9572165,53,True,Radiant
8764801926,9829371,13,False,Dire
8764799166,10108942,29,False,Radiant
8764799166,10108655,30,True,Dire
8764794295,8850015,30,False,Radiant
8764794295,9025669,32,True,Dire
8764724871,9303383,40,False,Radiant
8764724871,9338413,26,True,Dire
8764723698,10019843,37,True,Radiant
8764723698,9872558,16,False,Dire
8764721768,9829371,51,True,Radiant
8764721768,9572165,33,False,Dire
8764641311,9872558,15,False,Radiant
8764641311,10019843,38,True,Dire
8764627906,9818938,56,True,Radiant
8764627906,9878408,47,False,Dire
8764625108,9303383,40,True,Radiant
8764625108,9338413,20,False,Dire
8764573306,4086533,24,False,Radiant
8764573306,10040639,47,True,Dire
8764502762,9303484,23,False,Radiant
8764502762,2163,30,True,Dire
8764498937,8629315,14,False,Radiant
8764498937,9768243,33,True,Dire
8764497347,9628678,66,True,Radiant
8764497347,9878408,47,False,Dire
8764497023,9948367,48,True,Radiant
8764497023,9872558,26,False,Dire
8764493158,10040639,54,True,Radiant
8764493158,4086533,26,False,Dire
8764430671,9768243,46,True,Radiant
8764430671,8629315,25,False,Dire
8764421693,9878408,48,True,Radiant
8764421693,9628678,28,False,Dire
8764396421,9928636,32,True,Radiant
8764396421,10101793,8,False,Dire
8764396152,9948367,45,True,Radiant
8764396152,9872558,25,False,Dire
8764371071,9426115,24,True,Radiant
8764371071,9878494,10,False,Dire
8764351266,2163,50,True,Radiant
8764351266,9303484,26,False,Dire
8764316595,9928636,35,True,Radiant
8764316595,10101793,9,False,Dire
8764304754,9878494,41,True,Radiant
8764304754,9426115,43,False,Dire
8764279597,9878408,19,False,Radiant
8764279597,9886115,32,True,Dire
8764247200,9426115,37,True,Radiant
8764247200,9878494,21,False,Dire
8764219119,9886115,33,True,Radiant
8764219119,9878408,5,False,Dire
8764195976,9767998,13,False,Radiant
8764195976,9425656,32,True,Dire
8764195216,9572001,35,True,Radiant
8764195216,7554697,11,False,Dire
8764148192,9425656,38,True,Radiant
8764148192,9767998,22,False,Dire
8764139457,9886393,27,True,Radiant
8764139457,10101793,4,False,Dire
8764127437,9572001,29,True,Radiant
8764127437,7554697,10,False,Dire
8764095299,9636142,31,False,Radiant
8764095299,10007804,40,True,Dire
8764045768,7119388,15,False,Radiant
8764045768,9964962,40,True,Dire
8764044881,9098294,39,True,Radiant
8764044881,9917087,16,False,Dire
8764041676,9886393,31,True,Radiant
8764041676,10101793,40,False,Dire
8764038460,10007804,38,True,Radiant
8764038460,8831040,16,False,Dire
8764025096,8629315,38,False,Radiant
8764025096,9768002,51,True,Dire
8764012816,9691969,32,True,Radiant
8764012816,10020555,6,False,Dire
8763996860,9098294,13,False,Radiant
8763994878,9768002,30,True,Radiant
8763994878,8629315,15,False,Dire
8763984403,7119388,34,True,Radiant
8763984403,9964962,26,False,Dire
8763983824,9886393,6,False,Radiant
8763983824,10101793,30,True,Dire
8763963582,9834545,29,False,Radiant
8763963582,9691942,60,True,Dire
8763954878,9814269,33,True,Radiant
8763954878,9768243,27,False,Dire
8763952978,7917893,47,True,Radiant
8763952978,10102110,30,False,Dire
8763948007,10020555,12,False,Radiant
8763948007,9691969,34,True,Dire
8763939097,9691942,26,True,Radiant
8763939097,10007804,21,False,Dire
8763938696,9964962,41,True,Radiant
8763938696,7119388,12,False,Dire
8763921209,9768243,22,False,Radiant
8763921209,9814269,41,True,Dire
8763911838,7917893,39,True,Radiant
8763911838,10102110,13,False,Dire
8763898561,10108166,11,False,Radiant
8763898561,5017210,34,True,Dire
8763893334,9315393,13,False,Radiant
8763893334,9886289,24,True,Dire
8763889652,9691942,45,True,Radiant
8763889652,8831040,17,False,Dire
8763886552,9425656,32,True,Radiant
8763886552,2443375,30,False,Dire
8763880389,8629005,28,False,Radiant
8763880389,9426115,54,True,Dire
8763868104,7917893,20,False,Radiant
8763868104,10102110,38,True,Dire
8763861241,2443375,13,False,Radiant
8763861241,9425656,33,True,Dire
8763857081,5017210,27,True,Radiant
8763857081,10101464,9,False,Dire
8763855934,9886289,16,True,Radiant
8763855934,9315393,3,False,Dire
8763852628,9426115,40,True,Radiant
8763852628,8629005,32,False,Dire
8763833160,8831040,30,False,Radiant
8763833160,9691942,43,True,Dire
8763833068,9767998,36,True,Radiant
8763833068,9878494,20,False,Dire
8763825349,8629315,26,False,Radiant
8763825349,9814269,38,True,Dire
8763809420,9878494,19,False,Radiant
8763809420,9767998,35,True,Dire
8763801302,9814269,33,True,Radiant
8763801302,8629315,16,False,Dire
8763731818,8849837,52,True,Radiant
8763731818,8879077,24,False,Dire
8763709813,8879077,49,True,Radiant
8763709813,8849837,29,False,Dire
8763693214,8849837,29,True,Radiant
8763693214,8879077,10,False,Dire
8763673046,9025669,51,True,Radiant
8763673046,9048057,31,False,Dire
8763654529,9048057,23,False,Radiant
8763654529,9025669,41,True,Dire
8763639623,9081369,22,False,Radiant
8763639623,10053545,34,True,Dire
8763635238,9025669,29,False,Radiant
8763635238,9048057,39,True,Dire
8763633860,9600331,19,False,Radiant
8763633860,8526911,33,True,Dire
8763625571,10108600,32,True,Radiant
8763625571,8965331,31,False,Dire
8763611445,8850015,37,True,Radiant
8763611445,8850016,25,False,Dire
8763609151,10108787,15,False,Radiant
8763609151,10053545,50,True,Dire
8763605163,7119077,45,True,Radiant
8763603594,9855673,40,True,Radiant
8763603594,10020357,16,False,Dire
8763602017,9600331,37,True,Radiant
8763602017,2885851,11,False,Dire
8763592761,9081369,36,True,Radiant
8763592761,10095819,10,False,Dire
8763589817,9352634,43,True,Radiant
8763589817,9866035,41,False,Dire
8763587478,8850016,17,False,Radiant
8763587478,8850015,30,True,Dire
8763587013,10108600,41,True,Radiant
8763587013,6765751,8,False,Dire
8763575086,10040639,32,True,Radiant
8763575086,5002734,8,False,Dire
8763574021,10053545,29,True,Radiant
8763574021,9640559,15,False,Dire
8763573685,9806604,8,False,Dire
8763573455,9476603,44,True,Radiant
8763573455,9572187,30,False,Dire
8763572117,2885851,42,True,Radiant
8763572117,5168070,5,False,Dire
8763571797,8965331,42,True,Radiant
8763568340,9658086,21,False,Radiant
8763568340,10108781,47,True,Dire
8763552765,8849833,21,False,Radiant
8763552765,9005364,34,True,Dire
8763532684,10075251,26,True,Radiant
8763532684,10075106,21,False,Dire
8763525775,10026281,8,False,Dire
8763519749,9005364,32,True,Radiant
8763519749,8849833,16,False,Dire
8763493227,9303484,23,False,Radiant
8763493227,9338413,45,True,Dire
8763492322,10075251,11,False,Radiant
8763492322,10075106,31,True,Dire
8763458187,9878408,37,True,Radiant
8763458187,9684245,58,False,Dire
8763451782,10075251,20,True,Radiant
8763451782,10075106,24,False,Dire
8763405558,9303484,13,False,Radiant
8763405558,9338413,36,True,Dire
8763384567,9684245,51,False,Radiant
8763384567,9878408,53,True,Dire
8763377829,10075254,20,False,Radiant
8763377829,10075107,34,True,Dire
8763316707,10075254,29,True,Radiant
8763316707,10075107,18,False,Dire
8763313524,9303383,28,True,Radiant
8763313524,2163,6,False,Dire
8763298132,9828921,42,True,Radiant
8763298132,9729767,43,False,Dire
8763279666,9768002,23,False,Radiant
8763279666,9878494,34,True,Dire
8763263067,9872558,44,True,Dire
8763246637,10101793,46,True,Dire
8763243203,10075254,33,False,Radiant
8763243203,10075107,21,True,Dire
8763238308,2163,31,True,Radiant
8763238308,9303383,10,False,Dire
8763235260,9878494,40,True,Radiant
8763235260,9768002,18,False,Dire
8763231832,9729767,23,False,Radiant
8763231832,9828921,37,True,Dire
8763197606,9928636,30,True,Radiant
8763187127,9752855,57,True,Radiant
8763187127,10108268,45,False,Dire
8763172886,9768002,40,True,Radiant
8763172886,9878494,26,False,Dire
8763163352,10101793,51,True,Radiant
8763163352,10108719,30,False,Dire
8763127519,9928636,26,True,Radiant
8763127519,10055004,3,False,Dire
8763126741,9886393,13,False,Radiant
8763120187,9303383,34,True,Radiant
8763120187,2163,39,False,Dire
8763118278,9828921,18,False,Radiant
8763118278,9729767,63,True,Dire
8763117804,9768243,13,False,Radiant
8763117804,9425656,30,True,Dire
8763116976,9948367,37,False,Radiant
8763107648,9775662,11,False,Radiant
8763052010,9273043,3,False,Dire
8763050962,10019843,35,True,Radiant
8763050962,4461223,7,False,Dire
8763049479,10000246,56,True,Dire
8763049026,9766265,19,False,Radiant
8763049026,10055004,61,True,Dire
8763047466,9425656,36,True,Radiant
8763047466,9768243,44,False,Dire
8763037271,10047709,25,False,Radiant
8763037271,10040864,38,True,Dire
8763005506,10108268,50,True,Radiant
8763005506,9916928,36,False,Dire
8763000090,7554697,36,True,Radiant
8763000090,7119388,26,False,Dire
8762999931,10088400,34,False,Radiant
8762999931,9828921,42,True,Dire
8762985823,9948367,55,True,Radiant
8762985823,10040801,38,False,Dire
8762985228,10108712,7,False,Radiant
8762985228,9273043,36,True,Dire
8762984805,9872558,25,True,Radiant
8762981617,9426115,24,False,Radiant
8762981617,9814269,40,True,Dire
8762963822,9455153,10,False,Dire
8762961353,10040848,0,False,Dire
8762929426,9828921,38,True,Radiant
8762929426,10060977,14,False,Dire
8762926659,9814269,43,True,Radiant
8762926659,9426115,30,False,Dire
8762900221,7119388,14,False,Radiant
8762900221,7554697,44,True,Dire
8762879993,9426115,36,True,Radiant
8762879993,9814269,18,False,Dire
8762861981,9628678,28,False,Radiant
8762861981,10060977,39,True,Dire
8762810886,7554697,18,False,Radiant
8762810886,7119388,39,True,Dire
8762800736,9768002,34,True,Radiant
8762800736,2443375,22,False,Dire
8762788237,10088400,56,True,Radiant
8762788237,9729268,41,False,Dire
8762754966,2443375,27,False,Radiant
8762754966,9768002,37,True,Dire
8762738967,10020555,37,True,Radiant
8762738967,10108685,13,False,Dire
8762735978,8831040,42,False,Radiant
8762735978,9729268,59,True,Dire
8762728001,9691969,31,True,Radiant
8762725627,9572001,43,True,Radiant
8762725627,9964962,21,False,Dire
8762725282,10081680,28,False,Radiant
8762725282,9098294,34,True,Dire
8762721493,9444076,5,False,Radiant
8762721493,9316703,19,True,Dire
8762716548,9878494,34,True,Radiant
8762716548,9768243,37,False,Dire
8762701143,9628678,42,True,Radiant
8762701143,8831040,19,False,Dire
8763014041,10034245,8,False,Radiant
8763014041,9886393,62,True,Dire
8762684560,9768243,23,False,Radiant
8762684560,9878494,38,True,Dire
8762683726,10020555,28,True,Radiant
8762678355,7917893,35,False,Radiant
8762677964,10081680,33,True,Radiant
8762677964,9545342,13,False,Dire
8762674787,9894442,19,False,Radiant
8762674787,10108166,27,True,Dire
8762670913,9572001,31,True,Radiant
8762670913,9964962,6,False,Dire
8762660604,9814269,32,True,Radiant
8762660604,9768002,30,False,Dire
8762657669,9593609,41,True,Radiant
8762657669,8831040,29,False,Dire
8762647031,8629005,32,False,Radiant
8762647031,9425656,34,True,Dire
8762637719,9768002,43,True,Radiant
8762637719,9814269,28,False,Dire
8762634495,9885928,11,False,Radiant
8762634495,9886289,31,True,Dire
8762620750,8831040,43,False,Radiant
8762620750,9593609,34,True,Dire
8762618665,9425656,26,False,Radiant
8762618665,8629005,43,True,Dire
8762610938,9814269,51,True,Radiant
8762610938,9768002,27,False,Dire
8762601368,9315393,33,True,Radiant
8762601368,10108677,17,False,Dire
8762595130,8629005,16,False,Radiant
8762595130,9425656,49,True,Dire
8762580853,2443375,72,True,Radiant
8762580853,9768243,51,False,Dire
8762572899,9593609,52,False,Radiant
8762572899,8831040,63,True,Dire
8762564423,9426115,34,False,Radiant
8762564423,8629315,45,True,Dire
8762557930,9768243,16,False,Radiant
8762557930,2443375,34,True,Dire
8762538021,8629315,39,True,Radiant
8762538021,9426115,32,False,Dire
8762534213,2443375,14,False,Radiant
8762534213,9768243,31,True,Dire
8762472355,9005364,44,True,Radiant
8762472355,8849837,17,False,Dire
8762455019,8849837,25,False,Radiant
8762455019,9005364,40,True,Dire
8762433364,9005364,16,False,Radiant
8762433364,8849837,24,True,Dire
8762414084,9048057,43,True,Radiant
8762414084,8850016,21,False,Dire
8762393297,8850016,29,False,Radiant
8762393297,9048057,37,True,Dire
8762374306,9048057,25,False,Radiant
8762374306,8850016,37,True,Dire
8762350292,9025669,12,False,Radiant
8762350292,8849833,24,True,Dire
8762324984,8849833,44,True,Radiant
8762324984,9025669,31,False,Dire
8762294645,8879077,27,False,Radiant
8762294645,8850015,40,True,Dire
8762271616,9303383,50,True,Radiant
8762271616,2576071,36,False,Dire
8762256360,8850015,27,True,Radiant
8762256360,8879077,15,False,Dire
8762190571,9303383,25,True,Radiant
8762190571,2576071,35,False,Dire
8762174314,9860197,19,False,Radiant
8762174314,9466524,59,True,Dire
8762128911,9303383,10,False,Radiant
8762128911,2576071,28,True,Dire
8762106514,9466524,64,True,Radiant
8762106514,9860197,33,False,Dire
8762007038,9303383,14,False,Radiant
8762007038,7554697,35,True,Dire
8761997317,7299465,31,True,Radiant
8761997317,9872558,19,False,Dire
8761976336,9729767,45,True,Radiant
8761976336,9973477,43,False,Dire
8761916173,8629005,30,False,Radiant
8761916173,9767998,35,True,Dire
8761895154,7554697,31,True,Radiant
8761895154,9303383,14,False,Dire
8761864760,7299465,44,True,Radiant
8761864760,9872558,27,False,Dire
8761856224,9973477,44,False,Radiant
8761856224,9729767,54,True,Dire
8761853810,9767998,46,True,Radiant
8761853810,8629005,31,False,Dire
8761790501,2443375,34,True,Radiant
8761790501,9878494,11,False,Dire
8761774392,55,39,True,Radiant
8761774392,9872667,39,False,Dire
8761770803,9973477,24,False,Radiant
8761770803,9593609,42,True,Dire
8761726846,9948367,14,False,Radiant
8761726846,10019843,50,True,Dire
8761723066,9878494,24,False,Radiant
8761723066,2443375,42,True,Dire
8761688704,9593609,48,True,Radiant
8761688704,9973477,43,False,Dire
8761673426,55,45,True,Radiant
8761673426,9872667,25,False,Dire
8761662943,8629315,13,False,Radiant
8761662943,9768243,38,True,Dire
8761613838,9593609,27,False,Radiant
8761613838,10095351,41,True,Dire
8761610032,9768243,29,True,Radiant
8761610032,8629315,10,False,Dire
8761596720,9948367,27,False,Radiant
8761596720,10019843,44,True,Dire
8761588726,9964962,26,True,Radiant
8761588726,9255039,4,False,Dire
8761543012,10095351,49,True,Radiant
8761543012,9593609,24,False,Dire
8761522487,9768002,32,True,Radiant
8761522487,9425656,22,False,Dire
8761515506,9964962,19,False,Radiant
8761515506,9255039,30,True,Dire
8761498696,10047709,34,True,Radiant
8761498696,10101793,14,False,Dire
8761498049,9425656,8,False,Radiant
8761498049,9768002,18,True,Dire
8761483935,10095351,58,True,Radiant
8761483935,8831040,52,False,Dire
8761463501,9814269,21,False,Radiant
8761463501,9767998,35,True,Dire
8761452929,9255039,22,False,Radiant
8761452929,9964962,36,True,Dire
8761444052,10101793,19,False,Radiant
8761444052,10047709,37,True,Dire
8761440229,10095351,65,True,Radiant
8761440229,8831040,33,False,Dire
8761432363,9767998,24,True,Radiant
8761432363,9814269,32,False,Dire
8761402060,9814269,34,True,Radiant
8761402060,9767998,25,False,Dire
8761397446,9600141,45,True,Radiant
8761397446,9872558,18,False,Dire
8761394747,8831040,45,True,Radiant
8761394747,9956358,51,False,Dire
8761369063,8629005,25,False,Radiant
8761369063,8629315,41,True,Dire
8761368985,7917893,31,True,Radiant
8761368985,9879852,22,False,Dire
8761364295,9425656,14,False,Radiant
8761364295,9878494,24,True,Dire
8761361068,9600141,29,True,Radiant
8761361068,9872558,18,False,Dire
8761351394,9729268,50,True,Radiant
8761351394,8831040,45,False,Dire
8761340599,8629315,31,True,Radiant
8761340599,8629005,22,False,Dire
8761336801,9878494,32,True,Radiant
8761336801,9425656,19,False,Dire
8761332164,9729268,10,False,Radiant
8761332164,8831040,35,True,Dire
8761324160,7917893,24,True,Radiant
8761324160,9879852,8,False,Dire
8761313283,8629005,33,True,Radiant
8761313283,8629315,19,False,Dire
8761307222,9767998,34,False,Radiant
8761307222,2443375,37,True,Dire
8761301137,8831040,29,False,Radiant
8761301137,9628678,38,True,Dire
8761285391,9768243,44,True,Radiant
8761285391,9426115,21,False,Dire
8761282728,9894442,15,False,Radiant
8761282728,10102110,36,True,Dire
8761282462,2443375,28,True,Radiant
8761282462,9767998,21,False,Dire
8761262743,9426115,20,False,Radiant
8761262743,9768243,33,True,Dire
8761262387,9767998,29,True,Radiant
8761262387,2443375,16,False,Dire
8761233160,9894442,31,False,Radiant
8761233160,10102110,29,True,Dire
8761229552,9025669,31,True,Radiant
8761229552,9005364,14,False,Dire
8761209491,9005364,14,False,Radiant
8761209491,9025669,34,True,Dire
8761186017,9025669,15,False,Radiant
8761186017,9005364,37,True,Dire
8761162412,8850015,26,False,Radiant
8761162412,8849837,46,True,Dire
8761146659,8849837,23,True,Radiant
8761146659,8850015,6,False,Dire
8761124209,8879077,39,True,Radiant
8761124209,9048057,24,False,Dire
8761101602,9048057,36,True,Radiant
8761101602,8879077,26,False,Dire
8761078030,8879077,28,True,Radiant
8761078030,9048057,21,False,Dire
8761054697,8850016,30,True,Radiant
8761054697,8849833,12,False,Dire
8761051241,9964962,37,True,Radiant
8761051241,2576071,32,False,Dire
8761013273,8849833,19,True,Radiant
8761013273,8850016,16,False,Dire
8760986413,9964962,37,True,Radiant
8760986413,2576071,28,False,Dire
8760975621,8850016,34,True,Radiant
8760975621,8849833,16,False,Dire
8760924833,9886393,18,False,Radiant
8760924833,9928636,50,True,Dire
8760877821,9895392,17,False,Radiant
8760877821,7554697,38,True,Dire
8760838647,9928636,36,True,Radiant
8760838647,9886393,15,False,Dire
8760831584,9026338,71,True,Radiant
8760831584,9823250,45,False,Dire
8760791666,9973477,47,True,Radiant
8760791666,9729767,14,False,Dire
8760782649,7554697,44,True,Radiant
8760782649,9895392,20,False,Dire
8760767685,10019843,40,True,Radiant
8760767685,9895247,5,False,Dire
8760730552,9729767,36,True,Radiant
8760730552,9973477,13,False,Dire
8760725484,9032628,48,False,Radiant
8760725484,9063293,39,True,Dire
8760693477,9872558,21,False,Radiant
8760693477,9964962,48,True,Dire
8760685178,10019843,28,False,Radiant
8760685178,9895247,40,True,Dire
8760675646,9767998,44,True,Radiant
8760675646,8629315,30,False,Dire
8760645936,9973477,44,True,Radiant
8760645936,9956358,27,False,Dire
8760634975,9964962,24,True,Radiant
8760634975,9872558,3,False,Dire
8760625558,8629315,13,False,Radiant
8760625558,9767998,25,True,Dire
8760592139,9895247,18,False,Radiant
8760592139,10019843,24,True,Dire
8760567854,9767998,17,False,Radiant
8760567854,8629315,30,True,Dire
8760507661,10060977,58,True,Radiant
8760507661,8831040,47,False,Dire
8760501549,9768002,15,False,Radiant
8760501549,9426115,30,True,Dire
8760484541,7299465,17,False,Radiant
8760484541,10019843,20,True,Dire
8760477190,9872558,37,True,Radiant
8760477190,9964962,48,False,Dire
8760440593,9426115,32,True,Radiant
8760440593,9768002,19,False,Dire
8760401372,8831040,40,False,Radiant
8760401372,10088400,59,True,Dire
8760377964,9255039,22,False,Radiant
8760377964,9600141,20,True,Dire
8760373205,9425656,30,True,Radiant
8760373205,2443375,22,False,Dire
8760373084,7299465,9,False,Radiant
8760373084,10019843,32,True,Dire
8760316292,9729767,61,False,Radiant
8760316292,8831040,51,True,Dire
8760314903,2443375,26,False,Radiant
8760314903,9425656,41,True,Dire
8760305858,8680909,13,False,Radiant
8760305858,9872558,35,True,Dire
8760282568,9600141,9,False,Radiant
8760282568,9255039,26,True,Dire
8760261847,9729767,13,False,Radiant
8760261847,8831040,48,True,Dire
8760224171,8629005,25,False,Radiant
8760224171,9878494,34,True,Dire
8760209320,9255039,25,False,Radiant
8760209320,9600141,17,True,Dire
8760207510,8680909,36,False,Radiant
8760207510,9872558,61,True,Dire
8760186273,9878494,30,True,Radiant
8760186273,8629005,21,False,Dire
8760180188,8831040,54,False,Radiant
8760180188,9956358,54,True,Dire
8760139526,9768002,50,True,Radiant
8760139526,9814269,39,False,Dire
8760126026,8680909,34,True,Radiant
8760126026,9872558,8,False,Dire
8760122367,9303383,47,True,Radiant
8760122367,9872667,28,False,Dire
8760097962,9814269,18,False,Radiant
8760097962,9768002,36,True,Dire
8760094725,9691942,40,True,Radiant
8760094725,10014708,15,False,Dire
8760069764,9872667,31,True,Radiant
8760069764,9303383,14,False,Dire
8760060100,7917893,29,True,Radiant
8760060100,10102123,10,False,Dire
8760055150,9768002,20,False,Radiant
8760055150,9814269,43,True,Dire
8760043026,10014708,27,False,Radiant
8760043026,9691942,40,True,Dire
8760025508,8629005,33,True,Radiant
8760025508,9768243,20,False,Dire
8760016923,9767998,21,False,Radiant
8760016923,9425656,42,True,Dire
8760013372,9303383,27,True,Radiant
8760013372,9872667,13,False,Dire
8759993095,9768243,38,True,Radiant
8759993095,8629005,20,False,Dire
8759990500,7917893,31,True,Radiant
8759990500,10102123,23,False,Dire
8759988348,9425656,16,False,Radiant
8759988348,9767998,29,True,Dire
8759983446,9773195,29,False,Radiant
8759983446,9895818,40,True,Dire
8759962430,8629005,35,True,Radiant
8759962430,9768243,17,False,Dire
8759952416,9767998,27,False,Radiant
8759952416,9425656,35,True,Dire
8759947620,9895818,30,True,Radiant
8759947620,9773195,15,False,Dire
8759939273,9894442,16,False,Radiant
8759939273,9879852,42,True,Dire
8759927038,9426115,18,False,Radiant
8759927038,9878494,36,True,Dire
8759921808,8629315,34,True,Radiant
8759921808,2443375,18,False,Dire
8759904212,9878494,30,True,Radiant
8759904212,9426115,17,False,Dire
8759895566,2443375,25,False,Radiant
8759895566,8629315,30,True,Dire
8759892131,9894442,48,True,Radiant
8759892131,9879852,38,False,Dire
8759860116,9894442,9,False,Radiant
8759860116,9879852,31,True,Dire
8759805709,8850015,23,False,Radiant
8759805709,9048057,35,True,Dire
8759786378,9048057,32,True,Radiant
8759786378,8850015,18,False,Dire
8759767418,8849833,28,True,Radiant
8759767418,8879077,14,False,Dire
8759744378,8879077,31,False,Radiant
8759744378,8849833,40,True,Dire
8759719949,8849833,28,False,Radiant
8759719949,8879077,32,True,Dire
8759694911,9025669,25,False,Radiant
8759694911,8849837,38,True,Dire
8759662665,8849837,35,True,Radiant
8759662665,9025669,32,False,Dire
8759632037,9025669,30,True,Radiant
8759632037,8849837,12,False,Dire
8759595848,8850016,38,True,Radiant
8759595848,9005364,25,False,Dire
8759585866,9303383,31,True,Radiant
8759585866,9895392,10,False,Dire
8759554720,9005364,16,False,Radiant
8759554720,8850016,33,True,Dire
8759524795,9303383,7,False,Radiant
8759524795,9895392,19,True,Dire
8759496537,9054352,24,True,Radiant
8759496537,9162355,6,False,Dire
8759495671,10047709,13,False,Radiant
8759495671,2576071,27,True,Dire
8759455338,9303383,29,True,Radiant
8759455338,9895392,8,False,Dire
8759437959,9729267,31,True,Radiant
8759437959,9860197,21,False,Dire
8759404481,2576071,37,True,Radiant
8759404481,10047709,14,False,Dire
8759389654,10040534,24,False,Radiant
8759389654,9054352,23,True,Dire
8759365083,9471435,44,True,Radiant
8759365083,9860197,32,False,Dire
8759332195,7554697,40,True,Radiant
8759332195,55,31,False,Dire
8759275827,9860197,41,True,Radiant
8759275827,9471435,33,False,Dire
8759268855,10040534,47,True,Radiant
8759268855,10054393,28,False,Dire
8759268107,9054352,44,True,Radiant
8759237219,7554697,39,True,Radiant
8759237219,55,28,False,Dire
8759216209,9886393,17,False,Radiant
8759216209,5014799,36,True,Dire
8759148357,10108230,7,False,Radiant
8759148357,9054352,32,True,Dire
8759142969,10040534,51,True,Radiant
8759142969,9012006,21,False,Dire
8759137761,9956358,33,True,Radiant
8759137761,9973477,12,False,Dire
8759131183,10108233,52,True,Radiant
8759131183,10101292,27,False,Dire
8759130935,3333605,45,True,Radiant
8759130935,10108195,17,False,Dire
8759115636,5014799,28,True,Radiant
8759115636,9886393,6,False,Dire
8759107304,55,36,True,Radiant
8759107304,7554697,27,False,Dire
8759043262,10108195,34,True,Dire
8759024455,9973477,18,False,Radiant
8759024455,9729767,55,True,Dire
8758993964,9895392,35,True,Radiant
8758993964,9872667,21,False,Dire
8758984714,9054352,37,True,Radiant
8758984714,9988253,3,False,Dire
8758983947,10108205,47,True,Radiant
8758983947,9554331,24,False,Dire
8758982380,10101292,53,True,Radiant
8758982380,6410706,22,False,Dire
8758981941,10108233,40,True,Radiant
8758981941,10108212,27,False,Dire
8758979828,10054393,39,True,Radiant
8758977970,10040534,58,True,Radiant
8758977703,10060924,15,False,Dire
8758896675,9928636,39,True,Radiant
8758896675,10101793,34,False,Dire
8758886089,9872667,20,False,Radiant
8758886089,9895392,30,True,Dire
8758847285,9530716,26,False,Radiant
8758847285,9729767,55,True,Dire
8758843884,9833894,17,False,Radiant
8758832634,10060588,2,False,Radiant
8758832634,9054352,14,True,Dire
8758825503,9878122,27,False,Dire
8758824924,10060924,43,True,Radiant
8758824517,9607626,42,True,Radiant
8758823229,9554331,58,True,Radiant
8758823229,10097359,26,False,Dire
8758819309,10108195,33,True,Dire
8758818346,10101292,49,True,Dire
8758817667,10040534,56,True,Radiant
8758817667,10108153,13,False,Dire
8758815947,10054393,37,True,Radiant
8758815947,10094706,14,False,Dire
8758809150,10101793,11,False,Radiant
8758809150,9928636,42,True,Dire
8758783804,9895392,16,False,Radiant
8758783804,9872667,38,True,Dire
8758779173,10095351,33,True,Radiant
8758779173,9530716,8,False,Dire
8758724040,9426115,54,True,Radiant
8758724040,8629005,55,False,Dire
8758709861,7299465,31,True,Radiant
8758709861,9948367,8,False,Dire
8758692845,9303383,33,True,Radiant
8758692845,55,15,False,Dire
8758674915,9564441,41,True,Radiant
8758674915,9710806,22,False,Dire
8758665536,8629005,25,False,Radiant
8758665536,9426115,36,True,Dire
8758615771,9710806,20,False,Radiant
8758615771,9564441,36,True,Dire
8758612921,9768002,44,True,Radiant
8758612921,2443375,29,False,Dire
8758604963,9303383,45,True,Radiant
8758604963,55,39,False,Dire
8758577663,9948367,39,False,Radiant
8758577663,7299465,53,True,Dire
8758559758,2443375,16,False,Radiant
8758559758,9768002,45,True,Dire
8758516093,2576071,37,True,Radiant
8758516093,9872558,9,False,Dire
8758509038,9768002,22,False,Radiant
8758509038,2443375,48,True,Dire
8758464141,8629315,55,True,Radiant
8758464141,9425656,30,False,Dire
8758459578,10102110,28,False,Radiant
8758459578,9098294,34,True,Dire
8758458334,2576071,39,True,Radiant
8758458334,9872558,17,False,Dire
8758426711,9425656,45,True,Radiant
8758426711,8629315,25,False,Dire
8758413296,9098294,36,True,Radiant
8758413296,10102110,11,False,Dire
8758397825,9878494,28,False,Radiant
8758397825,2443375,40,True,Dire
8758391315,8629315,42,True,Radiant
8758391315,9425656,39,False,Dire
8758367679,2443375,24,False,Radiant
8758367679,9878494,41,True,Dire
8758351460,8629005,27,False,Radiant
8758351460,9767998,39,True,Dire
8758342663,9878494,6,False,Radiant
8758342663,2443375,31,True,Dire
8758326756,9879852,31,True,Radiant
8758326756,10102123,28,False,Dire
8758320234,9767998,40,True,Radiant
8758320234,8629005,27,False,Dire
8758309976,9814269,46,True,Radiant
8758309976,9768002,32,False,Dire
8758281719,9768002,27,False,Radiant
8758281719,9814269,34,True,Dire
8758278695,9879852,32,True,Radiant
8758278695,10102123,14,False,Dire
8757928349,9600141,12,False,Radiant
8757928349,9964962,25,True,Dire
8757859782,2576071,27,True,Radiant
8757859782,9886393,15,False,Dire
8757847890,9600141,6,False,Radiant
8757847890,9964962,24,True,Dire
8757778062,2576071,32,True,Radiant
8757778062,9886393,3,False,Dire
8757773926,9677506,29,False,Radiant
8757773926,10014708,49,True,Dire
8757769291,55,3,False,Radiant
8757769291,9895392,23,True,Dire
8757661242,9860197,55,True,Radiant
8757661242,9677506,46,False,Dire
8757649115,9895392,35,True,Radiant
8757649115,55,36,False,Dire
8757612474,9895247,36,True,Radiant
8757612474,9948367,16,False,Dire
8757611395,9026338,27,False,Radiant
8757611395,2599202,33,True,Dire
8757544713,9455993,30,True,Radiant
8757544713,9026338,5,False,Dire
8757537699,10014708,46,True,Radiant
8757537699,9563873,35,False,Dire
8757529698,9600141,27,False,Radiant
8757529698,2576071,30,True,Dire
8757502114,9948367,17,False,Radiant
8757502114,9895247,46,True,Dire
8757430059,9563873,44,False,Radiant
8757430059,10014708,59,True,Dire
8757404869,2576071,23,True,Radiant
8757404869,9600141,6,False,Dire
8757342214,10047709,13,False,Radiant
8757342214,5014799,37,True,Dire
8757328241,9677506,40,True,Radiant
8757328241,9878408,22,False,Dire
8757309458,7554697,11,False,Radiant
8757309458,9872667,32,True,Dire
8757271594,9677506,29,True,Radiant
8757271594,9878408,7,False,Dire
8757239436,5014799,37,True,Radiant
8757239436,10047709,9,False,Dire
8757219877,7554697,25,False,Radiant
8757219877,9872667,40,True,Dire
8757190637,9878408,29,True,Radiant
8757190637,9677506,28,False,Dire
8757160530,9895247,23,True,Radiant
8757160530,8680909,21,False,Dire
8757142614,7554697,29,True,Radiant
8757142614,9872667,28,False,Dire
8757102128,9710806,23,False,Radiant
8757102128,9729767,48,True,Dire
8757092595,9895247,31,True,Radiant
8757092595,8680909,17,False,Dire
8757060921,2443375,27,False,Radiant
8757060921,9768002,36,True,Dire
8757049091,9729767,36,True,Radiant
8757049091,9530716,11,False,Dire
8757036119,9255039,49,True,Radiant
8757036119,9872558,44,False,Dire
8757033023,9895247,13,False,Radiant
8757033023,8680909,35,True,Dire
8757009779,9768002,35,True,Radiant
8757009779,2443375,9,False,Dire
8756996224,10102110,32,True,Radiant
8756996224,10102123,13,False,Dire
8756994043,9255039,34,True,Radiant
8756994043,9872558,11,False,Dire
8756965637,2443375,21,False,Radiant
8756965637,9768002,33,True,Dire
8756928815,9768002,36,True,Radiant
8756928815,9814269,11,False,Dire
8756921090,10102123,21,False,Radiant
8756921090,10102110,45,True,Dire
8756907812,9255039,28,False,Radiant
8756907812,9872558,16,True,Dire
8756894277,9814269,15,False,Radiant
8756894277,9768002,29,True,Dire
8756861728,9098294,17,False,Radiant
8756861728,9879852,47,True,Dire
8756846037,9768243,21,False,Radiant
8756846037,2443375,31,True,Dire
8756816056,2443375,24,False,Radiant
8756816056,9768243,31,True,Dire
8756807380,9098294,31,True,Radiant
8756807380,9879852,13,False,Dire
8756780923,9768243,31,False,Radiant
8756780923,2443375,33,True,Dire
8756756115,8850016,26,True,Radiant
8756756115,9025669,11,False,Dire
8756748892,9098294,28,False,Radiant
8756748892,9879852,41,True,Dire
8756734688,9025669,23,True,Radiant
8756734688,8850016,10,False,Dire
8756706438,8850016,45,True,Radiant
8756706438,9025669,33,False,Dire
8756680931,8879077,19,False,Radiant
8756680931,9005364,29,True,Dire
8756657566,9005364,22,True,Radiant
8756657566,8879077,12,False,Dire
8756621294,8879077,32,True,Radiant
8756621294,9005364,17,False,Dire
8756593876,8850015,33,True,Radiant
8756593876,8849833,17,False,Dire
8756562625,8849833,36,True,Radiant
8756562625,8850015,26,False,Dire
8756532183,8850015,28,True,Radiant
8756532183,8849833,15,False,Dire
8756494768,8849837,38,True,Radiant
8756494768,9048057,23,False,Dire
8756483769,7299465,30,True,Radiant
8756483769,8680909,21,False,Dire
8756448674,9048057,31,False,Radiant
8756448674,8849837,39,True,Dire
8756409569,7299465,39,True,Radiant
8756409569,8680909,9,False,Dire
8756397041,8849837,30,False,Radiant
8756397041,9048057,37,True,Dire
8756337979,9724426,42,True,Radiant
8756337979,9878408,31,False,Dire
8756316629,7299465,8,False,Radiant
8756316629,8680909,26,True,Dire
8756252869,9705459,38,True,Radiant
8756252869,9705435,35,False,Dire
8756244734,9729342,23,False,Radiant
8756244734,9724426,35,True,Dire
8756222687,5014799,23,False,Radiant
8756222687,9928636,41,True,Dire
8756138636,9995737,43,False,Radiant
8756138636,9563873,39,True,Dire
8756119510,5014799,53,True,Radiant
8756119510,9928636,22,False,Dire
8756106030,9455993,45,True,Radiant
8756106030,9823250,38,False,Dire
8756066561,10014708,45,True,Radiant
8756066561,9563873,14,False,Dire
8756065308,8629005,26,False,Radiant
8756065308,9814269,44,True,Dire
8756019994,9928636,34,True,Radiant
8756019994,5014799,21,False,Dire
8756013998,9563873,32,True,Radiant
8756013998,10014708,12,False,Dire
8756011660,9814269,38,True,Radiant
8756011660,8629005,14,False,Dire
8755944900,8629005,26,True,Radiant
8755944900,9814269,25,False,Dire
8755904884,9928636,48,True,Radiant
8755904884,10047709,27,False,Dire
8755883203,9426115,25,False,Radiant
8755883203,9768243,38,True,Dire
8755864652,9729268,30,False,Radiant
8755864652,9563873,39,True,Dire
8755824063,10047709,6,False,Radiant
8755824063,9928636,31,True,Dire
8755816932,9768243,30,True,Radiant
8755816932,9426115,18,False,Dire
8755448883,9828897,21,False,Radiant
8755448883,10081680,32,True,Dire
8755445695,9467224,34,True,Radiant
8755445695,9255039,11,False,Dire
8755442469,9098294,33,True,Radiant
8755442469,10102123,18,False,Dire
8755425925,9351740,7,False,Radiant
8755425925,726228,24,True,Dire
8755421741,8629315,35,True,Radiant
8755421741,9425656,20,False,Dire
8755411371,8629005,22,False,Radiant
8755411371,9878494,27,True,Dire
8755401259,9691942,29,False,Radiant
8755401259,9834545,37,True,Dire
8755393069,9691969,17,False,Radiant
8755393069,10081680,30,True,Dire
8755383807,9425656,26,False,Radiant
8755383807,8629315,35,True,Dire
8755376221,9878494,37,True,Radiant
8755376221,8629005,16,False,Dire
8755368636,10102123,36,False,Radiant
8755368636,9098294,39,True,Dire
8755366466,8261500,39,True,Radiant
8755366466,9885310,16,False,Dire
8755358159,9834545,43,True,Radiant
8755358159,9691942,26,False,Dire
8755353377,9767998,14,False,Radiant
8755353377,9768243,24,True,Dire
8755348473,2443375,36,True,Radiant
8755348473,9768002,36,False,Dire
8755330806,9691942,34,True,Radiant
8755330806,9834545,5,False,Dire
8755330238,10081680,10,False,Radiant
8755330238,9691969,25,True,Dire
8755320580,9768002,28,True,Radiant
8755320580,2443375,20,False,Dire
8755319869,9768243,34,True,Radiant
8755319869,9767998,29,False,Dire
8755317345,9885310,17,False,Radiant
8755317345,8261500,16,True,Dire
8755290820,2443375,33,True,Radiant
8755290820,9768002,17,False,Dire
8755286537,9767998,41,True,Radiant
8755286537,9768243,26,False,Dire
8755286011,9879852,58,True,Radiant
8755286011,10102110,47,False,Dire
8755273706,9691969,16,False,Radiant
8755273706,10081680,28,True,Dire
8755245590,10102110,23,False,Radiant
8755245590,9879852,23,True,Dire
8755217018,9828897,32,True,Radiant
8755217018,8254145,27,False,Dire
8755192195,8849833,28,False,Radiant
8755192195,9025669,40,True,Dire
8755174140,9025669,13,False,Radiant
8755174140,8849833,27,True,Dire
8755165095,9828897,43,True,Radiant
8755165095,8254145,21,False,Dire
8755149283,8849833,37,False,Radiant
8755149283,9025669,41,True,Dire
8755129721,9025669,27,True,Radiant
8755129721,8849833,13,False,Dire
8755102469,8879077,17,False,Radiant
8755102469,9025669,34,True,Dire
8755076310,9025669,26,True,Radiant
8755076310,8879077,6,False,Dire
8755038815,8849833,60,True,Radiant
8755038815,8850015,36,False,Dire
8755003831,8850015,26,True,Radiant
8755003831,8849833,14,False,Dire
8754959676,8849833,27,True,Radiant
8754959676,8850015,18,False,Dire
8754924943,8680909,24,False,Radiant
8754924943,9948367,53,True,Dire
8754905468,9303383,9,False,Radiant
8754905468,36,23,True,Dire
8754900794,9743822,45,True,Radiant
8754900794,10047415,12,False,Dire
8754890847,9780969,54,False,Radiant
8754890847,10067679,45,True,Dire
8754844149,10047415,20,False,Radiant
8754844149,9743822,31,True,Dire
8754824467,9948367,52,True,Radiant
8754824467,8680909,25,False,Dire
8754811839,9303383,34,True,Radiant
8754811839,36,11,False,Dire
8754777318,9878408,56,True,Radiant
8754777318,9684245,21,False,Dire
8754738206,7299465,14,False,Radiant
8754738206,9895247,32,True,Dire
8754724708,10061609,61,True,Radiant
8754724708,9026338,39,False,Dire
8754711076,9303383,11,False,Radiant
8754711076,36,30,True,Dire
8754710403,9878408,55,True,Radiant
8754710403,9555752,25,False,Dire
8754651371,9814269,55,True,Radiant
8754651371,9768243,19,False,Dire
8754630807,9555752,77,True,Radiant
8754630807,9878408,53,False,Dire
8754628639,7299465,34,False,Radiant
8754628639,9895247,34,True,Dire
8754582619,9895392,30,False,Radiant
8754582619,9572001,30,True,Dire
8754581610,9768243,6,False,Radiant
8754581610,9814269,37,True,Dire
8754538685,10047709,24,False,Radiant
8754538685,9886393,31,True,Dire
8754532595,9956358,57,True,Radiant
8754532595,9828921,23,False,Dire
8754525806,8629315,26,False,Radiant
8754525806,2443375,42,True,Dire
8754485527,9828921,24,False,Radiant
8754485527,9956358,48,True,Dire
8754467100,2443375,30,True,Radiant
8754467100,8629315,29,False,Dire
8754463676,9572001,39,True,Radiant
8754463676,9895392,8,False,Dire
8754452588,10047709,25,False,Radiant
8754452588,9886393,26,True,Dire
8754403857,9425656,26,False,Radiant
8754403857,9767998,51,True,Dire
8754355614,9767998,26,False,Radiant
8754355614,9425656,25,True,Dire
8754352117,9255039,38,True,Radiant
8754352117,9338413,39,False,Dire
8754333423,9729767,33,True,Radiant
8754333423,8831040,14,False,Dire
8754328354,10047709,29,True,Radiant
8754328354,9886393,17,False,Dire
8754305127,10081680,27,True,Radiant
8754305127,9917087,25,False,Dire
8754301779,9425656,18,False,Radiant
8754301779,9767998,34,True,Dire
8754266490,9426115,39,True,Radiant
8754266490,9814269,21,False,Dire
8754260419,9636142,38,False,Radiant
8754260419,9729767,53,True,Dire
8754248527,9255039,24,True,Radiant
8754248527,9338413,19,False,Dire
8754245420,5014799,44,True,Radiant
8754245420,10101793,22,False,Dire
8754236176,9351740,36,True,Radiant
8754236176,9444076,17,False,Dire
8754228940,10081680,29,True,Radiant
8754228940,9917087,24,False,Dire
8754219728,9995737,37,True,Radiant
8754219728,9773195,8,False,Dire
8754219422,9814269,27,False,Radiant
8754219422,9426115,30,True,Dire
8754200630,10101793,16,False,Radiant
8754200630,5014799,36,True,Dire
8754195782,9928636,8,False,Radiant
8754195782,9467224,30,True,Dire
8754181843,9444076,9,False,Radiant
8754181843,9351740,40,True,Dire
8754176052,8629005,38,True,Radiant
8754176052,9878494,25,False,Dire
8754170570,9917087,25,True,Radiant
8754170570,10081680,5,False,Dire
8754158247,9718665,42,False,Radiant
8754158247,9773195,66,True,Dire
8754154422,9928636,33,True,Radiant
8754154422,9467224,6,False,Dire
8754140367,9878494,41,True,Radiant
8754140367,8629005,28,False,Dire
8754127507,8261500,26,True,Radiant
8754127507,9886289,10,False,Dire
8754120680,10101793,32,True,Radiant
8754120680,5014799,39,False,Dire
8754115683,9710058,27,False,Radiant
8754115683,9718665,37,True,Dire
8754104311,8629005,38,True,Radiant
8754104311,9878494,21,False,Dire
8754095340,9691969,33,True,Radiant
8754095340,10020555,24,False,Dire
8754079014,9928636,27,False,Radiant
8754079014,9467224,34,True,Dire
8754078295,8261500,27,True,Radiant
8754078295,9886289,22,False,Dire
8754072653,9425656,15,False,Radiant
8754072653,9768002,31,True,Dire
8754062970,9718665,33,False,Radiant
8754062970,9906210,50,True,Dire
8754059346,2443375,40,True,Radiant
8754059346,9768243,33,False,Dire
8754040588,9768002,35,True,Radiant
8754040588,9425656,36,False,Dire
8754028170,9691969,26,True,Radiant
8754028170,10020555,10,False,Dire
8754025558,9906210,38,True,Radiant
8754025558,9718665,24,False,Dire
8754023517,9768243,52,True,Radiant
8754023517,2443375,29,False,Dire
8754021619,9885310,38,True,Radiant
8754021619,10101464,26,False,Dire
8754013223,9425656,42,True,Radiant
8754013223,9768002,14,False,Dire
8753994979,2443375,41,True,Radiant
8753994979,9768243,33,False,Dire
8753984687,9426115,25,False,Radiant
8753984687,9814269,49,True,Dire
8753983117,9718665,41,True,Radiant
8753983117,9906210,25,False,Dire
8753981091,10101464,21,False,Radiant
8753981091,9885310,29,True,Dire
8753975018,8254145,28,True,Radiant
8753975018,9879852,7,False,Dire
8753970366,8629315,20,False,Radiant
8753970366,9767998,34,True,Dire
8753955936,9814269,45,True,Radiant
8753955936,9426115,48,False,Dire
8753944256,9885310,14,False,Radiant
8753944256,10101464,23,True,Dire
8753933681,9426115,38,True,Radiant
8753933681,9814269,20,False,Dire
8753933563,9767998,53,True,Radiant
8753933563,8629315,40,False,Dire
8753926295,9879852,18,False,Radiant
8753926295,8254145,33,True,Dire
8753899060,9894442,16,False,Radiant
8753899060,726228,25,True,Dire
8753863501,8879077,51,True,Radiant
8753863501,8849837,42,False,Dire
8753862041,9894442,10,False,Radiant
8753862041,726228,28,True,Dire
8753860786,9828897,34,True,Radiant
8753860786,9865903,6,False,Dire
8753843992,8849837,16,False,Radiant
8753843992,8879077,33,True,Dire
8753832993,9828897,31,True,Radiant
8753832993,9865903,11,False,Dire
8753826236,9025669,37,True,Radiant
8753826236,9048057,19,False,Dire
8753807890,9048057,17,False,Radiant
8753807890,9025669,31,True,Dire
8753787541,9025669,28,False,Radiant
8753787541,9048057,38,True,Dire
8753768394,8936613,21,False,Radiant
8753768394,8850015,35,True,Dire
8753745518,8850015,24,True,Radiant
8753745518,8936613,25,False,Dire
8753715155,8936613,30,True,Radiant
8753715155,8850015,18,False,Dire
8753682469,8849833,29,True,Radiant
8753682469,9005364,13,False,Dire
8753642331,9005364,27,False,Radiant
8753642331,8849833,39,True,Dire
8753565836,9255039,24,False,Radiant
8753565836,2576071,35,True,Dire
8753558232,9818938,68,True,Radiant
8753558232,9579754,17,False,Dire
8753498070,2576071,17,True,Radiant
8753498070,9255039,12,False,Dire
8753468246,9579754,24,False,Radiant
8753468246,9818938,39,True,Dire
8753381564,9834545,19,False,Radiant
8753381564,9973477,41,True,Dire
8753357219,9426115,15,False,Radiant
8753357219,9425656,31,True,Dire
8753304477,9425656,25,True,Radiant
8753304477,9426115,8,False,Dire
8753300405,9973477,39,True,Radiant
8753300405,10007804,31,False,Dire
8753228412,9768243,54,True,Radiant
8753228412,9878494,32,False,Dire
8753172232,9878494,19,False,Radiant
8753172232,9768243,29,True,Dire
8753169124,10007804,35,False,Radiant
8753169124,9828921,39,True,Dire
8753113145,8629005,18,False,Radiant
8753113145,9814269,32,True,Dire
8753055527,9828921,66,True,Radiant
8753055527,10007804,51,False,Dire
8753050639,9814269,44,True,Radiant
8753050639,8629005,38,False,Dire
8753003412,8629005,40,True,Radiant
8753003412,9814269,24,False,Dire
8752965796,9684245,17,False,Radiant
8752965796,9878408,52,True,Dire
8752930654,9426115,33,False,Radiant
8752930654,9768002,51,True,Dire
8752916020,9878408,50,True,Radiant
8752916020,9684245,25,False,Dire
8752883423,9768002,36,False,Radiant
8752883423,9426115,63,True,Dire
8752849864,9729268,53,True,Radiant
8752849864,9724428,37,False,Dire
8752843386,9426115,42,False,Radiant
8752843386,9768002,52,True,Dire
8752812205,9724428,37,True,Radiant
8752812205,9729268,25,False,Dire
8752803846,8629315,49,True,Radiant
8752803846,2443375,26,False,Dire
8752768316,9729268,40,True,Radiant
8752768316,9724428,39,False,Dire
8752763520,2443375,55,False,Radiant
8752763520,8629315,63,True,Dire
8752750688,9878494,8,False,Radiant
8752750688,9767998,27,True,Dire
8752730369,9814269,38,True,Radiant
8752730369,9425656,31,False,Dire
8752720623,9767998,31,True,Radiant
8752720623,9878494,23,False,Dire
8752718181,9729268,71,True,Radiant
8752718181,10047415,47,False,Dire
8752703766,9425656,14,False,Radiant
8752703766,9814269,40,True,Dire
8752691062,9426115,35,True,Radiant
8752691062,2443375,22,False,Dire
8752679610,10047415,14,False,Radiant
8752679610,9729268,35,True,Dire
8752669722,9768243,51,True,Radiant
8752669722,8629005,41,False,Dire
8752664409,2443375,16,False,Radiant
8752664409,9426115,47,True,Dire
8752644846,9426115,26,False,Radiant
8752644846,2443375,40,True,Dire
8752643042,8629005,33,False,Radiant
8752643042,9768243,47,True,Dire
8752601243,8849833,33,True,Radiant
8752601243,9048057,17,False,Dire
8752578602,9048057,19,False,Radiant
8752578602,8849833,33,True,Dire
8752559138,8850015,19,False,Radiant
8752559138,9005364,30,True,Dire
8752542720,9005364,40,True,Radiant
8752542720,8850015,28,False,Dire
8752521387,8850015,44,True,Radiant
8752521387,9005364,34,False,Dire
8752501429,8936613,23,False,Radiant
8752501429,8849837,30,True,Dire
8752481797,8849837,31,True,Radiant
8752481797,8936613,22,False,Dire
8752457685,8936613,34,True,Radiant
8752457685,8849837,22,False,Dire
8752424381,8879077,10,False,Radiant
8752424381,9025669,26,True,Dire
8752385474,9025669,36,False,Radiant
8752385474,8879077,38,True,Dire
8752347694,8879077,16,False,Radiant
8752347694,9025669,27,True,Dire
8752278790,9896157,22,False,Radiant
8752278790,9773195,46,True,Dire
8752213656,9773195,39,True,Radiant
8752213656,9896157,33,False,Dire
8752141618,9973477,11,False,Radiant
8752141618,9729767,41,True,Dire
8752131988,9878494,23,False,Radiant
8752131988,9768002,41,True,Dire
8752064493,9768002,13,False,Radiant
8752064493,9878494,35,True,Dire
8752050349,9729767,52,True,Radiant
8752050349,9973477,29,False,Dire
8752000285,9878494,15,False,Radiant
8752000285,9768002,48,True,Dire
8751948588,9828921,47,True,Radiant
8751948588,8831040,46,False,Dire
8751936358,8629315,22,False,Radiant
8751936358,8629005,41,True,Dire
8751884805,8629005,31,True,Radiant
8751884805,8629315,23,False,Dire
8751867970,8831040,63,True,Radiant
8751867970,9828921,34,False,Dire
8751822928,8629315,34,True,Radiant
8751822928,8629005,25,False,Dire
8751773469,9828921,40,True,Radiant
8751773469,8831040,25,False,Dire
8751758182,9767998,32,True,Radiant
8751758182,9426115,15,False,Dire
8751705789,9426115,19,False,Radiant
8751705789,9767998,29,True,Dire
8751666743,9729767,41,True,Radiant
8751666743,10088400,39,False,Dire
8751636114,9768002,29,False,Radiant
8751636114,9768243,51,True,Dire
8751616425,10088400,11,False,Radiant
8751616425,9729767,28,True,Dire
8751608259,9894442,28,True,Radiant
8751608259,9886289,9,False,Dire
8751596818,9768243,21,False,Radiant
8751596818,9768002,43,True,Dire
8751573848,8831040,19,False,Radiant
8751573848,9729767,66,True,Dire
8751558522,9894442,13,True,Radiant
8751558522,9885928,5,False,Dire
8751557760,9768002,30,False,Radiant
8751557760,9768243,31,True,Dire
8751517759,9426115,35,False,Radiant
8751517759,9878494,56,True,Dire
8751517501,9729767,68,True,Radiant
8751517501,8831040,41,False,Dire
8751498764,9894442,26,False,Radiant
8751498764,9885928,32,True,Dire
8751486879,9878494,41,True,Radiant
8751486879,9426115,21,False,Dire
8751482407,10101293,10,False,Radiant
8751482407,9886289,38,True,Dire
8751464842,8831040,62,True,Radiant
8751464842,9729767,48,False,Dire
8751450814,8629005,42,False,Radiant
8751450814,2443375,51,True,Dire
8751441718,9894442,27,True,Radiant
8751441718,9885928,26,False,Dire
8751439553,10101293,13,False,Radiant
8751439553,9886289,23,True,Dire
8751427702,9995737,31,False,Radiant
8751427702,9906210,54,True,Dire
8751423684,2443375,21,False,Radiant
8751423684,8629005,41,True,Dire
8751416235,9814269,36,False,Radiant
8751416235,9768243,45,True,Dire
8751390913,8629005,45,False,Radiant
8751390913,2443375,42,True,Dire
8751389419,9768243,46,True,Radiant
8751389419,9814269,17,False,Dire
8751385274,9906210,48,True,Radiant
8751385274,9995737,37,False,Dire
8751367633,9425656,36,True,Radiant
8751367633,8629315,24,False,Dire
8751363937,9768002,17,False,Radiant
8751363937,9767998,23,True,Dire
8751340143,9767998,33,True,Radiant
8751340143,9768002,12,False,Dire
8751339290,8629315,36,False,Radiant
8751339290,9425656,42,True,Dire
8751321501,10101606,12,False,Radiant
8751321501,10101293,27,True,Dire
8751303527,8936613,15,False,Radiant
8751303527,8879077,25,True,Dire
8751282578,8879077,34,True,Radiant
8751282578,8936613,29,False,Dire
8751258067,8936613,38,True,Radiant
8751258067,8879077,26,False,Dire
8751236402,8849837,27,False,Radiant
8751236402,8849833,39,True,Dire
8751215179,8849833,32,True,Radiant
8751215179,8849837,17,False,Dire
8751192361,8849837,24,True,Radiant
8751192361,8849833,19,False,Dire
8751170701,9005364,28,True,Radiant
8751170701,9048057,23,False,Dire
8751147323,9048057,24,True,Radiant
8751147323,9005364,10,False,Dire
8751127569,9896157,31,False,Radiant
8751127569,9684245,51,True,Dire
8751118379,9005364,28,True,Radiant
8751118379,9048057,13,False,Dire
8751088438,9896157,20,False,Radiant
8751088438,9684245,34,True,Dire
8751084859,8850015,15,False,Radiant
8751084859,9025669,28,True,Dire
8751041189,9025669,36,True,Radiant
8751041189,8850015,35,False,Dire
8751024420,9773195,10,False,Radiant
8751024420,9896157,44,True,Dire
8750955292,9828921,24,False,Radiant
8750955292,10007804,34,True,Dire
8750880708,9834545,45,True,Radiant
8750880708,9828921,26,False,Dire
8750823879,9828921,44,True,Radiant
8750823879,10007804,7,False,Dire
8750768642,2443375,17,False,Radiant
8750768642,9767998,45,True,Dire
8750754956,8831040,47,True,Radiant
8750754956,10007804,18,False,Dire
8750715385,9767998,37,True,Radiant
8750715385,2443375,19,False,Dire
8750655017,10007804,37,False,Radiant
8750655017,8831040,59,True,Dire
8750649789,2443375,35,True,Radiant
8750649789,9767998,19,False,Dire
8750578961,8629005,42,True,Radiant
8750578961,9878494,32,False,Dire
8750563954,55,45,True,Radiant
8750563954,9895247,22,False,Dire
8750547785,10054916,41,False,Radiant
8750547785,9773195,41,True,Dire
8750518921,9878494,21,False,Radiant
8750518921,8629005,32,True,Dire
8750488026,55,32,True,Radiant
8750488026,9895247,18,False,Dire
8750451722,9814269,21,False,Radiant
8750451722,8629315,43,True,Dire
8750450313,9813102,38,False,Radiant
8750450313,9773195,41,True,Dire
8750388568,8629315,56,True,Radiant
8750388568,9814269,33,False,Dire
8750373432,9773195,66,False,Radiant
8750373432,9813102,49,True,Dire
8750369233,9895247,32,False,Radiant
8750369233,9872558,32,True,Dire
8750316733,9444076,16,False,Radiant
8750316733,10101464,26,True,Dire
8750308006,9886115,48,True,Radiant
8750308006,9729268,24,False,Dire
8750304734,9872558,21,False,Radiant
8750304734,9895247,37,True,Dire
8750283605,9767998,25,True,Radiant
8750283605,9768002,16,False,Dire
8750259236,9895247,16,False,Radiant
8750259236,9872558,50,True,Dire
8750249409,9886115,45,False,Radiant
8750249409,9729268,46,True,Dire
8750247101,9768002,25,False,Radiant
8750247101,9767998,30,True,Dire
8750240751,9444076,24,True,Radiant
8750240751,10101293,12,False,Dire
8750218681,9729268,27,False,Radiant
8750218681,9886115,40,True,Dire
8750213645,9426115,47,True,Radiant
8750213645,9425656,25,False,Dire
8750183428,9444076,43,True,Radiant
8750183428,10101293,19,False,Dire
8750174677,9425656,21,False,Radiant
8750174677,9426115,49,True,Dire
8750161286,55,31,True,Radiant
8750161286,9872558,21,False,Dire
8750150836,10054177,55,True,Radiant
8750150836,9906210,34,False,Dire
8750147055,9878494,33,True,Radiant
8750147055,9814269,18,False,Dire
8750146152,9426115,20,False,Radiant
8750146152,9425656,26,True,Dire
8750126383,9444076,20,False,Radiant
8750126383,10101293,23,True,Dire
8750123500,9895695,7,False,Radiant
8750123500,10101464,17,True,Dire
8750122430,10054177,23,False,Radiant
8750122430,9906210,34,True,Dire
8750122085,55,45,True,Radiant
8750122085,9872558,11,False,Dire
8750111726,2443375,30,False,Radiant
8750111726,9768243,44,True,Dire
8750111268,9814269,50,True,Radiant
8750111268,9878494,36,False,Dire
8750082422,9768243,54,True,Radiant
8750082422,2443375,29,False,Dire
8750080327,9878494,39,True,Radiant
8750080327,9814269,33,False,Dire
8750066183,9906210,68,False,Radiant
8750066183,10054177,82,True,Dire
8750053858,8629005,38,True,Radiant
8750053858,9767998,26,False,Dire
8750048700,9768002,45,False,Radiant
8750048700,8629315,58,True,Dire
8750021792,8629315,40,True,Radiant
8750021792,9768002,27,False,Dire
8750021443,9767998,10,False,Radiant
8750021443,8629005,29,True,Dire
8750000578,9894442,16,False,Radiant
8750000578,10101293,38,True,Dire
8749999437,10101462,38,True,Radiant
8749999437,9886289,23,False,Dire
8749999137,9885928,18,False,Radiant
8749999137,10101464,20,True,Dire
8749985307,8879077,29,False,Radiant
8749985307,8849837,40,True,Dire
8749957591,8849837,48,True,Radiant
8749957591,8879077,42,False,Dire
8749933739,8879077,43,True,Radiant
8749933739,8849837,31,False,Dire
8749912983,9048057,25,False,Radiant
8749912983,9025669,36,True,Dire
8749892091,9025669,43,True,Radiant
8749892091,9048057,29,False,Dire
8749871656,9048057,37,True,Radiant
8749871656,9025669,22,False,Dire
8749845136,8936613,33,False,Radiant
8749845136,8850015,32,True,Dire
8749833141,10039783,26,False,Radiant
8749833141,9866035,44,True,Dire
8749823604,10081473,14,False,Radiant
8749823604,9988580,37,True,Dire
8749809128,8850015,39,True,Radiant
8749809128,8936613,21,False,Dire
8749790435,9866035,48,True,Radiant
8749790435,10039783,15,False,Dire
8749780096,8849833,38,True,Radiant
8749780096,9005364,22,False,Dire
8749777329,9988580,47,True,Radiant
8749777329,10081473,22,False,Dire
8749741237,9005364,32,False,Radiant
8749741237,8849833,43,True,Dire
8749737860,10053545,38,True,Radiant
8749737860,8124644,15,False,Dire
8749721094,2647338,21,False,Radiant
8749721094,8080754,58,True,Dire
8749698741,8849833,24,False,Radiant
8749698741,9005364,33,True,Dire
8749655300,8291895,27,True,Radiant
8749655300,9823272,10,False,Dire
8749652988,9718665,37,True,Radiant
8749652988,9818938,22,False,Dire
8749644755,8080754,27,True,Radiant
8749644755,2647338,10,False,Dire
8749625824,8124644,13,False,Radiant
8749625824,10053545,25,True,Dire
8749589036,9729268,20,False,Radiant
8749589036,9718665,47,True,Dire
8749533801,9823272,14,False,Radiant
8749533801,8291895,42,True,Dire
8749530326,10094688,12,False,Radiant
8749530326,9054352,32,True,Dire
8749463873,9886115,41,True,Radiant
8749463873,9878408,20,False,Dire
8749454702,9554331,15,False,Radiant
8749454702,9054352,57,True,Dire
8749440696,9784901,15,False,Radiant
8749440696,10094688,38,True,Dire
8749433933,9887333,56,True,Radiant
8749401157,8291895,41,True,Radiant
8749401157,9823272,39,False,Dire
8749367028,9729342,26,False,Radiant
8749367028,9886115,39,True,Dire
8749317442,10094706,51,True,Radiant
8749317442,9964991,25,False,Dire
8749309716,3333605,35,False,Dire
8749299001,9784901,46,True,Radiant
8749296182,9225524,48,False,Radiant
8749296182,9887333,67,True,Dire
8749292870,9264050,31,False,Radiant
8749292870,10094688,46,True,Dire
8749290937,9823272,41,True,Radiant
8749290937,8291895,11,False,Dire
8749282562,9886115,35,True,Radiant
8749282562,9718665,18,False,Dire
8749187348,9886115,49,False,Radiant
8749187348,9718665,53,True,Dire
8749147435,10094706,42,True,Radiant
8749140718,10101336,11,False,Radiant
8749140718,9887333,48,True,Dire
8749133252,9054352,37,True,Radiant
8749133252,9878122,7,False,Dire
8749127626,10040773,45,False,Radiant
8749126860,10094686,26,False,Radiant
8749126860,9148992,38,True,Dire
8749124693,9964987,15,False,Radiant
8749124621,9964991,34,True,Radiant
8749124403,9784901,59,True,Radiant
8749124403,2232219,16,False,Dire
8749123972,9554331,48,True,Radiant
8749119981,10094688,33,True,Radiant
8749119981,10101292,12,False,Dire
8749102310,8261500,15,False,Radiant
8749102310,9823272,31,True,Dire
8749092500,9718665,30,False,Radiant
8749092500,9555752,40,True,Dire
8749005585,9729767,48,True,Radiant
8749005585,9530716,30,False,Dire
8749004525,9554331,54,True,Dire
8748997250,10094706,66,True,Radiant
8748993823,10094686,58,True,Dire
8748993377,8261500,37,True,Radiant
8748993377,9823272,15,False,Dire
8748988858,9833894,22,False,Radiant
8748988858,10101292,49,True,Dire
8748987284,9964991,51,True,Radiant
8748987284,10095642,14,False,Dire
8748987175,9878122,47,True,Dire
8748985791,10040773,38,True,Radiant
8748985791,10075147,6,False,Dire
8748984652,10094688,36,True,Radiant
8748984145,10055138,34,False,Radiant
8748983971,9784901,35,True,Radiant
8748983086,10067854,32,True,Radiant
8748962660,9768243,38,True,Radiant
8748962660,8629005,13,False,Dire
8748935977,9710806,24,False,Radiant
8748935977,9729767,31,True,Dire
8748904227,8261500,19,False,Radiant
8748904227,9823272,28,True,Dire
8748880560,8629005,32,False,Radiant
8748880560,9768243,50,True,Dire
8748838607,9691942,63,True,Radiant
8748838607,9729767,47,False,Dire
8748816019,9768243,37,False,Radiant
8748816019,8629005,41,True,Dire
8748777873,9691942,45,True,Radiant
8748777873,9729767,20,False,Dire
8748759002,9425656,48,True,Radiant
8748759002,9814269,24,False,Dire
8748726162,9878494,38,False,Radiant
8748726162,9768243,49,True,Dire
8748714132,9814269,32,True,Radiant
8748714132,9425656,21,False,Dire
8748701183,9729767,51,True,Radiant
8748701183,9691942,52,False,Dire
8748684403,9768243,18,False,Radiant
8748684403,9878494,28,True,Dire
8748666605,9425656,40,True,Radiant
8748666605,9814269,25,False,Dire
8748636158,9878494,41,False,Radiant
8748636158,9768243,49,True,Dire
8748626074,9767998,33,True,Radiant
8748626074,9426115,20,False,Dire
8748615379,9563873,23,False,Radiant
8748615379,9995737,45,True,Dire
8748590365,9426115,36,True,Radiant
8748590365,9767998,28,False,Dire
8748589867,9425656,44,True,Radiant
8748589867,8629005,21,False,Dire
8748564044,9995737,39,True,Radiant
8748564044,9563873,32,False,Dire
8748556960,8629005,28,True,Radiant
8748556960,9425656,19,False,Dire
8748550719,9767998,58,True,Radiant
8748550719,9426115,33,False,Dire
8748527298,9425656,46,True,Radiant
8748527298,8629005,32,False,Dire
8748503689,9768002,49,True,Radiant
8748503689,2443375,38,False,Dire
8748473200,2443375,28,False,Radiant
8748473200,9768002,32,True,Dire
8748268838,7258250,31,False,Radiant
8748268838,10082589,54,True,Dire
8748247022,2114225,47,True,Radiant
8748247022,10034132,57,False,Dire
8748186049,10082589,38,False,Radiant
8748186049,7258250,58,True,Dire
8748183371,2114225,38,True,Radiant
8748183371,10034132,19,False,Dire
8748176080,8261500,26,True,Radiant
8748176080,9572001,13,False,Dire
8748115138,9461271,29,True,Radiant
8748115138,9886115,12,False,Dire
8748105023,581153,56,True,Radiant
8748105023,7155747,39,False,Dire
8748097177,2885851,59,True,Radiant
8748097177,9820028,19,False,Dire
8748080084,8261500,23,True,Radiant
8748080084,9572001,27,False,Dire
8748032480,9466524,58,False,Radiant
8748032480,9677506,57,True,Dire
8748020535,2885851,43,True,Radiant
8748020535,9820028,13,False,Dire
8748017712,581153,47,True,Radiant
8748017712,7155747,20,False,Dire
8748008577,9572001,22,True,Radiant
8748008577,8261500,1,False,Dire
8747972285,9886115,17,False,Radiant
8747972285,9545569,42,True,Dire
8747893642,9628721,46,True,Radiant
8747893642,9896157,16,False,Dire
8747822091,9823272,7,False,Radiant
8747822091,8291895,25,True,Dire
8747789593,9563873,21,False,Radiant
8747789593,9906210,59,True,Dire
8747660830,9823272,11,False,Radiant
8747660830,8291895,34,True,Dire
8747634932,10095351,62,True,Radiant
8747634932,9973477,44,False,Dire
8747525830,9973477,30,False,Radiant
8747525830,10095351,64,True,Dire
8747486863,9572001,44,True,Radiant
8747486863,9467224,12,False,Dire
8747430390,10095351,42,True,Radiant
8747430390,10054177,25,False,Dire
8747354565,9572001,43,True,Radiant
8747354565,9467224,20,False,Dire
8747345967,9593609,34,False,Radiant
8747345967,10095351,60,True,Dire
8747301386,9426115,45,True,Radiant
8747301386,8629315,30,False,Dire
8747254451,8629315,42,True,Radiant
8747254451,9426115,10,False,Dire
8747241875,9828921,59,False,Radiant
8747241875,9593609,54,True,Dire
8747195737,9426115,30,True,Radiant
8747195737,8629315,19,False,Dire
8747179150,9593609,51,True,Radiant
8747179150,9828921,42,False,Dire
8747149373,9768002,20,False,Radiant
8747149373,8629005,38,True,Dire
8747105300,8629005,29,True,Radiant
8747105300,9768002,23,False,Dire
8747087851,9691942,53,True,Radiant
8747087851,10014708,44,False,Dire
8747069956,9767998,27,True,Radiant
8747069956,9814269,19,False,Dire
8747049674,9691942,40,True,Radiant
8747049674,10014708,20,False,Dire
8747027812,9814269,40,False,Radiant
8747027812,9767998,40,True,Dire
8747007006,10014708,58,True,Radiant
8747007006,9691942,23,False,Dire
8746994454,9425656,34,False,Radiant
8746994454,9878494,36,True,Dire
8746964633,9878494,39,True,Radiant
8746964633,9425656,25,False,Dire
8746932153,9425656,40,True,Radiant
8746932153,9878494,24,False,Dire
8746835631,8849837,38,True,Radiant
8746835631,9005364,18,False,Dire
8746809299,9005364,39,True,Radiant
8746809299,8849837,23,False,Dire
8746784326,8849837,31,True,Radiant
8746784326,9005364,19,False,Dire
8746757013,9048057,42,True,Radiant
8746757013,8936613,34,False,Dire
8746733146,8936613,13,False,Radiant
8746733146,9048057,34,True,Dire
8746708010,8849833,24,True,Radiant
8746708010,9025669,16,False,Dire
8746677034,9025669,18,False,Radiant
8746677034,8849833,26,True,Dire
8746649774,8261500,45,True,Radiant
8746649774,7119388,28,False,Dire
8746634226,8879077,34,True,Radiant
8746634226,8850015,18,False,Dire
8746592208,9906210,12,False,Radiant
8746592208,9886115,40,True,Dire
8746589986,8850015,34,True,Radiant
8746589986,8879077,27,False,Dire
8746557862,8261500,33,True,Radiant
8746557862,7119388,16,False,Dire
8746541961,8879077,36,True,Radiant
8746541961,8850015,17,False,Dire
8746511263,9600141,48,True,Radiant
8746511263,9928636,13,False,Dire
8746490111,9493513,43,False,Radiant
8746490111,9906210,56,True,Dire
8746446635,8261500,19,False,Radiant
8746446635,7119388,24,True,Dire
8746404665,9906210,34,False,Radiant
8746404665,9724428,47,True,Dire
8746401916,9928636,55,True,Radiant
8746401916,9600141,42,False,Dire
8746313247,9247354,12,False,Radiant
8746313247,9572001,35,True,Dire
8746310653,9600141,4,False,Radiant
8746310653,9928636,36,True,Dire
8746308850,9973477,20,False,Radiant
8746308850,9729767,39,True,Dire
8746231075,9729767,47,True,Radiant
8746231075,9973477,17,False,Dire
8746223990,10001733,40,False,Radiant
8746223990,9895247,29,True,Dire
8746219838,9878494,39,True,Radiant
8746219838,9814269,35,False,Dire
8746216605,9572001,30,True,Radiant
8746216605,9247354,6,False,Dire
8746211447,9928636,25,False,Radiant
8746211447,9600141,44,True,Dire
8746165195,9814269,17,False,Radiant
8746165195,9878494,33,True,Dire
8746135052,10001733,14,False,Radiant
8746135052,9895247,28,True,Dire
8746100664,9878494,14,False,Radiant
8746100664,9814269,39,True,Dire
8746092219,8831040,27,True,Radiant
8746092219,9973477,19,False,Dire
8746052384,8261500,39,True,Radiant
8746052384,9338413,10,False,Dire
8746039009,9600141,57,True,Radiant
8746039009,9928636,36,False,Dire
8746035381,2443375,44,True,Radiant
8746035381,9425656,23,False,Dire
8745992471,9973477,21,False,Radiant
8745992471,8831040,35,True,Dire
8745975995,9425656,26,False,Radiant
8745975995,2443375,36,True,Dire
8745947296,8261500,39,True,Radiant
8745947296,9338413,23,False,Dire
8745921397,9768002,19,False,Radiant
8745921397,8629315,32,True,Dire
8745919736,9600141,42,True,Radiant
8745919736,5014799,9,False,Dire
8745878417,9729767,65,True,Radiant
8745878417,10061030,44,False,Dire
8745871069,8629315,37,True,Radiant
8745871069,9768002,19,False,Dire
8745869043,9814269,43,True,Radiant
8745869043,2443375,31,False,Dire
8745841573,9600141,31,True,Radiant
8745841573,5014799,12,False,Dire
8745834843,8261500,12,False,Radiant
8745834843,9338413,38,True,Dire
8745822216,2443375,28,False,Radiant
8745822216,9814269,35,True,Dire
8745797560,9593609,23,False,Radiant
8745797560,9729767,44,True,Dire
8745771816,8629005,20,True,Radiant
8745771816,9426115,1,False,Dire
8745739244,9600141,30,False,Radiant
8745739244,5014799,36,True,Dire
8745725618,9426115,44,True,Radiant
8745725618,8629005,43,False,Dire
8745724916,8831040,54,True,Radiant
8745724916,9729767,42,False,Dire
8745687860,8629005,39,True,Radiant
8745687860,9426115,20,False,Dire
8745669040,10095351,31,False,Radiant
8745669040,8831040,53,True,Dire
8745647290,9425656,47,True,Radiant
8745647290,9768243,42,False,Dire
8745637798,8831040,14,False,Radiant
8745637798,9593609,45,True,Dire
8745635210,2443375,41,True,Radiant
8745635210,9878494,34,False,Dire
8745620592,9768243,40,True,Radiant
8745620592,9425656,16,False,Dire
8745603372,9593609,45,True,Radiant
8745603372,8831040,26,False,Dire
8745593344,9878494,40,False,Radiant
8745593344,2443375,38,True,Dire
8745586194,9425656,66,True,Radiant
8745586194,9768243,48,False,Dire
8745568093,8831040,53,True,Radiant
8745568093,9593609,21,False,Dire
8745564197,9768002,59,True,Radiant
8745564197,9814269,30,False,Dire
8745555592,8629315,33,False,Radiant
8745555592,9767998,44,True,Dire
8745535208,9814269,39,True,Radiant
8745535208,9768002,27,False,Dire
8745528506,9767998,25,True,Radiant
8745528506,8629315,10,False,Dire
8745511760,9768002,46,True,Radiant
8745511760,9814269,32,False,Dire
8745420395,8849837,41,True,Radiant
8745420395,8850015,35,False,Dire
8745398775,8850015,33,True,Radiant
8745398775,8849837,19,False,Dire
8745377746,8849837,39,True,Radiant
8745377746,8850015,30,False,Dire
8745353837,9025669,31,False,Radiant
8745353837,9005364,36,True,Dire
8745321886,9005364,33,True,Radiant
8745321886,9025669,22,False,Dire
8745289466,8879077,41,True,Radiant
8745289466,9048057,25,False,Dire
8745281465,9628721,58,True,Radiant
8745281465,10014708,43,False,Dire
8745257904,9048057,16,False,Radiant
8745257904,8879077,31,True,Dire
8745254772,5014799,26,True,Radiant
8745254772,8494848,11,False,Dire
8745238714,10014708,17,False,Radiant
8745238714,9628721,41,True,Dire
8745222657,8936613,39,True,Radiant
8745222657,8849833,20,False,Dire
8745181014,8849833,19,False,Radiant
8745181014,8936613,31,True,Dire
8745168195,8494848,21,False,Radiant
8745168195,5014799,26,True,Dire
8745148947,9628721,53,False,Radiant
8745148947,10014708,52,True,Dire
8745090204,8291895,29,True,Radiant
8745090204,9467224,18,False,Dire
8745090122,9455993,29,False,Radiant
8745090122,9026338,34,True,Dire
8745059094,9710806,18,False,Radiant
8745059094,9729767,43,True,Dire
8745047609,9872558,18,False,Radiant
8745047609,5014799,40,True,Dire
8744989711,9729767,45,True,Radiant
8744989711,9530716,40,False,Dire
8744971178,9467224,42,True,Radiant
8744971178,8291895,32,False,Dire
8744950315,9872558,19,False,Radiant
8744950315,5014799,26,True,Dire
8744943305,9768243,30,True,Radiant
8744943305,8629315,26,False,Dire
8744910225,9729767,47,True,Radiant
8744910225,9593609,28,False,Dire
8744891169,8629315,31,True,Radiant
8744891169,9768243,22,False,Dire
8744876410,8291895,25,True,Radiant
8744876410,9467224,15,False,Dire
8744834576,9768243,46,True,Radiant
8744834576,8629315,30,False,Dire
8744833833,9593609,68,True,Radiant
8744833833,9729767,26,False,Dire
8744766119,9878494,37,True,Radiant
8744766119,9426115,34,False,Dire
8744743926,9823272,40,True,Radiant
8744743926,7119388,7,False,Dire
8744701904,9426115,32,False,Radiant
8744701904,9878494,41,True,Dire
8744692565,10095351,45,True,Radiant
8744692565,9593609,35,False,Dire
8744641110,9425656,43,True,Radiant
8744641110,9767998,22,False,Dire
8744628933,7119388,27,True,Radiant
8744628933,9823272,20,False,Dire
8744613508,10060977,28,False,Radiant
8744613508,8831040,45,True,Dire
8744582152,9767998,39,True,Radiant
8744582152,9425656,28,False,Dire
8744541889,9928636,33,True,Radiant
8744541889,9600141,22,False,Dire
8744541526,9636142,30,True,Radiant
8744541526,10060977,26,False,Dire
8744526303,9425656,53,True,Radiant
8744526303,9767998,36,False,Dire
8744516025,7119388,19,False,Radiant
8744516025,9823272,49,True,Dire
8744498105,8629315,22,False,Radiant
8744498105,9768002,38,True,Dire
8744484891,9729268,19,False,Radiant
8744484891,10095351,38,True,Dire
8744476155,9600141,31,True,Radiant
8744476155,9928636,16,False,Dire
8744452586,9768002,46,True,Radiant
8744452586,8629315,28,False,Dire
8744444353,9879852,14,False,Radiant
8744444353,10081680,34,True,Dire
8744405700,9729268,60,True,Radiant
8744405700,10095351,51,False,Dire
8744401385,9768243,48,True,Radiant
8744401385,9814269,28,False,Dire
8744395141,9928636,47,True,Radiant
8744395141,9600141,16,False,Dire
8744386591,10081680,28,True,Radiant
8744386591,9879852,22,False,Dire
8744368806,10095351,48,True,Radiant
8744368806,9729268,20,False,Dire
8744357763,9814269,39,True,Radiant
8744357763,9768243,23,False,Dire
8744330452,9879852,7,False,Radiant
8744330452,10081680,25,True,Dire
8744321142,9768243,41,True,Radiant
8744321142,9814269,24,False,Dire
8744296485,8831040,54,True,Radiant
8744296485,9729268,52,False,Dire
8744282942,9425656,40,True,Radiant
8744282942,2443375,18,False,Dire
8744270029,8629005,44,True,Radiant
8744270029,9426115,30,False,Dire
8744261482,9729268,42,True,Radiant
8744261482,8831040,23,False,Dire
8744253246,9879852,44,True,Radiant
8744253246,8944230,16,False,Dire
8744250312,2443375,20,False,Radiant
8744250312,9425656,42,True,Dire
8744242631,9426115,22,False,Radiant
8744242631,8629005,41,True,Dire
8744235313,8831040,27,True,Radiant
8744235313,9729268,19,False,Dire
8744215322,9814269,34,True,Radiant
8744215322,8629315,25,False,Dire
8744212261,9767998,42,True,Radiant
8744212261,9878494,34,False,Dire
8744200545,9546449,59,True,Radiant
8744200545,9879852,43,False,Dire
8744190953,8629315,26,False,Radiant
8744190953,9814269,35,True,Dire
8744182837,9878494,30,False,Radiant
8744182837,9767998,39,True,Dire
8744165380,9814269,22,False,Radiant
8744165380,8629315,36,True,Dire
8744148604,9879852,55,True,Radiant
8744148604,8944230,30,False,Dire
8744109859,8850015,38,True,Radiant
8744109859,9048057,29,False,Dire
8744085947,9048057,35,True,Radiant
8744085947,8850015,25,False,Dire
8744061638,8850015,28,True,Radiant
8744061638,9048057,15,False,Dire
8744040426,8849833,12,False,Radiant
8744040426,8879077,29,True,Dire
8744020219,8879077,44,True,Radiant
8744020219,8849833,26,False,Dire
8743998602,8849837,22,False,Radiant
8743998602,9025669,29,True,Dire
8743972436,8494848,51,True,Radiant
8743972436,9895247,36,False,Dire
8743971559,9025669,29,False,Radiant
8743971559,8849837,35,True,Dire
8743945405,8849837,25,False,Radiant
8743945405,9025669,28,True,Dire
8743926725,8494848,45,True,Radiant
8743926725,9895247,43,False,Dire
8743921139,10054769,39,False,Radiant
8743921139,10095079,60,True,Dire
8743908566,8936613,32,False,Radiant
8743908566,9005364,40,True,Dire
8743872621,8494848,16,False,Radiant
8743872621,9895247,43,True,Dire
8743870106,9886115,25,False,Radiant
8743870106,9878408,41,True,Dire
8743867042,9005364,23,False,Radiant
8743867042,8936613,40,True,Dire
8743857239,10095079,45,True,Radiant
8743857239,10054769,37,False,Dire
8743829330,8936613,14,False,Radiant
8743829330,9005364,23,True,Dire
8743796321,9878408,48,True,Radiant
8743796321,9886115,35,False,Dire
8743795264,8494848,32,True,Radiant
8743795264,10075008,24,False,Dire
8743783853,8255888,14,False,Radiant
8743783853,9572001,20,True,Dire
8743783694,10054769,56,True,Radiant
8743783694,9791482,45,False,Dire
8743716527,9729767,30,True,Radiant
8743716527,9973477,34,False,Dire
8743711780,10075008,29,False,Radiant
8743711780,8494848,42,True,Dire
8743688613,9572001,29,True,Radiant
8743688613,9964962,22,False,Dire
8743685965,10095079,50,True,Radiant
8743685965,9054301,29,False,Dire
8743668316,9768002,31,True,Radiant
8743668316,9878494,4,False,Dire
8743649693,9973477,40,True,Radiant
8743649693,9729767,21,False,Dire
8743649096,9964995,27,False,Radiant
8743649096,10054769,45,True,Dire
8743622019,9054301,31,True,Radiant
8743622019,10095079,21,False,Dire
8743615657,9878494,31,False,Radiant
8743615657,9768002,56,True,Dire
8743612345,10075008,29,True,Radiant
8743612345,8494848,19,False,Dire
8743574732,9729767,60,True,Radiant
8743574732,9973477,30,False,Dire
8743561222,9467224,36,True,Radiant
8743561222,67,6,False,Dire
8743559760,9768002,23,False,Radiant
8743559760,9878494,38,True,Dire
8743555498,9895392,20,False,Radiant
8743555498,9247354,40,True,Dire
8743549934,9054301,21,False,Radiant
8743549934,10095079,35,True,Dire
8743545122,8261500,36,True,Radiant
8743545122,2586976,14,False,Dire
8743542356,7554697,27,False,Radiant
8743542356,7119388,42,True,Dire
8743534086,10054769,57,True,Radiant
8743534086,9964995,55,False,Dire
8743524657,9895247,51,True,Radiant
8743524657,9948367,15,False,Dire
8743489142,9425656,33,False,Radiant
8743489142,9768243,34,True,Dire
8743477908,9729268,33,True,Radiant
8743477908,10088400,26,False,Dire
8743439283,67,17,False,Radiant
8743439283,9467224,24,True,Dire
8743439281,7119388,16,True,Radiant
8743439281,7554697,10,False,Dire
8743439271,9247354,26,True,Radiant
8743439271,9895392,29,False,Dire
8743439140,8261500,27,True,Radiant
8743439140,2586976,11,False,Dire
8743437235,9948367,14,False,Radiant
8743437235,9895247,35,True,Dire
8743423405,9768243,26,False,Radiant
8743423405,9425656,37,True,Dire
8743378574,10060977,43,False,Radiant
8743378574,9729268,44,True,Dire
8743362379,9425656,14,False,Radiant
8743362379,9768243,39,True,Dire
8743292734,9426115,26,False,Radiant
8743292734,9814269,36,True,Dire
8743259155,8255888,38,True,Radiant
8743259155,9964962,40,False,Dire
8743243642,9729767,48,True,Radiant
8743243642,10088400,46,False,Dire
8743239684,9823272,40,True,Radiant
8743239684,9338413,9,False,Dire
8743236667,9351740,14,False,Radiant
8743236667,9572001,30,True,Dire
8743235152,8291895,31,True,Radiant
8743235152,9828897,13,False,Dire
8743229675,9814269,22,False,Radiant
8743229675,9426115,31,True,Dire
8743176373,9426115,7,False,Radiant
8743176373,9814269,25,True,Dire
8743166936,10088400,25,False,Radiant
8743166936,9729767,34,True,Dire
8743150184,9828897,5,False,Radiant
8743150184,8291895,33,True,Dire
8743150168,9572001,33,True,Radiant
8743150168,9351740,13,False,Dire
8743150103,8255888,40,True,Radiant
8743150103,9964962,14,False,Dire
8743150101,9823272,32,True,Radiant
8743150101,9338413,20,False,Dire
8743114112,9768002,45,True,Radiant
8743114112,2443375,28,False,Dire
8743108866,10041315,23,False,Radiant
8743108866,5014799,38,True,Dire
8743099747,9729767,22,False,Radiant
8743099747,10060977,46,True,Dire
8743063058,2443375,39,False,Radiant
8743063058,9768002,51,True,Dire
8743016533,10041315,20,False,Radiant
8743016533,5014799,32,True,Dire
8743012883,9768243,40,False,Radiant
8743012883,9878494,59,True,Dire
8743010344,7917893,31,False,Radiant
8743010344,9879852,32,True,Dire
8742985126,9729268,41,False,Radiant
8742985126,9593609,47,True,Dire
8742972287,9878494,49,True,Radiant
8742972287,9768243,39,False,Dire
8742963479,7917893,30,True,Radiant
8742963479,9879852,20,False,Dire
8742944193,9593609,38,True,Radiant
8742944193,9729268,12,False,Dire
8742931925,9768243,51,True,Radiant
8742931925,9878494,35,False,Dire
8742903823,7917893,26,False,Radiant
8742903823,9879852,33,True,Dire
8742894803,9425656,45,True,Radiant
8742894803,8629005,32,False,Dire
8742892931,9768002,24,False,Radiant
8742892931,9814269,42,True,Dire
8742863727,9814269,35,True,Radiant
8742863727,9768002,21,False,Dire
8742861301,8629005,21,False,Radiant
8742861301,9425656,32,True,Dire
8742848863,8944230,13,False,Radiant
8742848863,10081680,39,True,Dire
8742836060,9768243,40,True,Radiant
8742836060,2443375,27,False,Dire
8742829105,9426115,47,True,Radiant
8742829105,8629315,23,False,Dire
8742818025,8944230,10,False,Radiant
8742818025,10081680,30,True,Dire
8742812448,2443375,28,False,Radiant
8742812448,9768243,31,True,Dire
8742799249,8629315,12,False,Radiant
8742799249,9426115,37,True,Dire
8742718833,9025669,32,True,Radiant
8742718833,8936613,29,False,Dire
8742685788,8936613,54,False,Radiant
8742685788,9025669,52,True,Dire
8742659562,9025669,26,False,Radiant
8742659562,8936613,35,True,Dire
8742627411,8879077,14,False,Radiant
8742627411,9005364,30,True,Dire
8742606270,9005364,33,True,Radiant
8742606270,8879077,20,False,Dire
8742576775,8849833,39,True,Radiant
8742576775,8850015,39,False,Dire
8742548246,8850015,25,False,Radiant
8742548246,8849833,38,True,Dire
8742532065,10047415,25,False,Radiant
8742532065,10014708,40,True,Dire
8742519033,8849833,13,False,Radiant
8742519033,8850015,28,True,Dire
8742507954,7554697,31,True,Radiant
8742507954,67,22,False,Dire
8742497814,10054769,39,True,Radiant
8742497814,10095068,19,False,Dire
8742497663,10047415,40,True,Radiant
8742497663,10014708,21,False,Dire
8742496748,2586976,37,True,Radiant
8742496748,9247354,21,False,Dire
8742491783,8261500,28,False,Radiant
8742491783,7119388,39,True,Dire
8742487596,8849837,31,True,Radiant
8742487596,9048057,16,False,Dire
8742477122,9895392,13,False,Radiant
8742477122,9467224,36,True,Dire
8742454637,9995737,33,True,Radiant
8742454637,10047415,17,False,Dire
8742447882,9048057,39,False,Radiant
8742447882,8849837,36,True,Dire
8742432204,7554697,24,False,Radiant
8742432204,67,26,True,Dire
8742432109,2586976,18,False,Radiant
8742432109,9247354,32,True,Dire
8742422889,8261500,14,False,Radiant
8742422889,7119388,32,True,Dire
8742422808,9467224,31,True,Radiant
8742422808,9895392,7,False,Dire
8742413399,10095068,63,True,Radiant
8742413399,10054769,32,False,Dire
8742407240,9286811,10,False,Radiant
8742407240,1360586,39,True,Dire
8780882799,9678463,8,False,Radiant
8780882799,10108713,28,True,Dire
8780810284,10108713,27,True,Radiant
8780810284,9678463,15,False,Dire
8780806034,9718665,54,True,Radiant
8780806034,9545682,26,False,Dire
8780800449,10108947,23,False,Radiant
8780800449,9303383,40,True,Dire
8780797486,9973656,20,False,Radiant
8780797486,8680909,50,True,Dire
8780746620,9545682,14,False,Radiant
8780746620,9718665,40,True,Dire
8780717476,9878494,35,True,Radiant
8780717476,9768002,18,False,Dire
8780717096,10108947,20,True,Radiant
8780717096,55,19,False,Dire
8780679550,10108713,33,True,Radiant
8780679550,8680909,15,False,Dire
8780671862,9768002,38,True,Radiant
8780671862,9878494,19,False,Dire
8780664964,9303383,10,False,Radiant
8780664964,9600141,29,True,Dire
8780655093,9593609,32,True,Radiant
8780655093,9397016,39,False,Dire
8780648655,10108947,33,True,Radiant
8780648655,55,9,False,Dire
8780626283,9878494,43,True,Radiant
8780626283,9768002,27,False,Dire
8780585672,9397016,12,False,Radiant
8780585672,9593609,38,True,Dire
8780584953,10108713,33,True,Radiant
8780584953,8680909,12,False,Dire
8780573865,8629315,38,True,Radiant
8780573865,8629005,18,False,Dire
8780559893,9255039,25,True,Radiant
8780559893,7299465,14,False,Dire
8780553618,9600141,31,True,Radiant
8780553618,9303383,10,False,Dire
8780527869,9338413,30,True,Radiant
8780527869,9895392,12,False,Dire
8780512802,8629005,50,True,Radiant
8780512802,8629315,36,False,Dire
8780497317,9255039,24,True,Radiant
8780497317,7299465,5,False,Dire
8780485180,5014799,8,False,Radiant
8780485180,9895247,25,True,Dire
8780466236,8831040,38,False,Radiant
8780466236,9397016,55,True,Dire
8780454747,10108947,5,False,Radiant
8780454747,9572001,35,True,Dire
8780440451,8629315,44,True,Radiant
8780440451,8629005,29,False,Dire
8780428772,9338413,28,True,Radiant
8780428772,9895392,6,False,Dire
8780401197,9397016,23,True,Radiant
8780401197,8831040,16,False,Dire
8780393201,9928636,16,False,Radiant
8780393201,7554697,28,True,Dire
8780389906,5014799,30,False,Radiant
8780389906,9895247,29,True,Dire
8780385742,9767998,15,False,Radiant
8780385742,9426115,39,True,Dire
8780381253,9572001,24,True,Radiant
8780381253,10108947,5,False,Dire
8780342142,9338413,19,False,Radiant
8780342142,9895392,21,True,Dire
8780330374,9768002,18,False,Radiant
8780330374,9768243,43,True,Dire
8780317242,9426115,39,True,Radiant
8780317242,9767998,16,False,Dire
8780310228,7299465,50,True,Radiant
8780310228,9255039,32,False,Dire
8780308140,9895247,11,False,Radiant
8780308140,5014799,39,True,Dire
8780306900,7554697,29,True,Radiant
8780306900,9928636,23,False,Dire
8780302268,10108947,24,True,Radiant
8780302268,9572001,19,False,Dire
8780290118,9768243,13,False,Radiant
8780290118,9768002,29,True,Dire
8780270320,8261500,40,True,Radiant
8780270320,726228,8,False,Dire
8780261154,9691942,35,False,Radiant
8780261154,10095351,51,True,Dire
8780241785,9768002,35,False,Radiant
8780241785,9768243,51,True,Dire
8780224945,9964962,21,False,Radiant
8780224945,9247354,29,True,Dire
8780216704,5014799,29,True,Radiant
8780216704,9885310,22,False,Dire
8780212309,726228,6,False,Radiant
8780212309,8261500,22,True,Dire
8780208383,10095351,34,True,Radiant
8780208383,9691942,13,False,Dire
8780206607,9879852,10,False,Radiant
8780206607,9895247,25,True,Dire
8780204861,9878494,34,True,Radiant
8780204861,9426115,11,False,Dire
8780201618,7299465,41,True,Radiant
8780201618,9928636,18,False,Dire
8780168397,9426115,27,False,Radiant
8780168397,9878494,42,True,Dire
8780164509,36,6,False,Radiant
8780164509,7119388,38,True,Dire
8780159415,9964962,18,False,Radiant
8780159415,9247354,36,True,Dire
8780158762,9895247,41,True,Radiant
8780158762,9879852,19,False,Dire
8780147251,9928636,10,False,Radiant
8780147251,7299465,30,True,Dire
8780147134,9885310,41,False,Radiant
8780147134,5014799,43,True,Dire
8780135441,9878494,20,False,Radiant
8780135441,9426115,31,True,Dire
8780135366,10095351,53,True,Radiant
8780135366,8831040,45,False,Dire
8780111494,9303484,18,False,Radiant
8780111494,2163,48,True,Dire
8780111466,7119388,30,True,Radiant
8780111466,36,20,False,Dire
8780105771,9768243,47,True,Radiant
8780105771,9814269,31,False,Dire
8780102418,9894442,25,False,Radiant
8780102418,10102110,35,True,Dire
8780102001,8629005,16,False,Radiant
8780102001,2443375,27,True,Dire
8780096406,9636142,24,False,Radiant
8780096406,10095351,42,True,Dire
8780079013,9814269,42,True,Radiant
8780079013,9768243,23,False,Dire
8780072753,7119388,8,False,Radiant
8780072753,36,31,True,Dire
8780072726,2163,30,True,Radiant
8780072726,9303484,8,False,Dire
8780067754,2443375,19,False,Radiant
8780067754,8629005,36,True,Dire
8780054728,9768243,21,True,Radiant
8780054728,9814269,11,False,Dire
8780045164,9894442,42,False,Radiant
8780045164,10102110,35,True,Dire
8780043126,9628678,48,True,Radiant
8780043126,9860197,42,False,Dire
8780042536,8629005,30,False,Radiant
8780042536,2443375,31,True,Dire
8780032478,9768002,35,True,Radiant
8780032478,9767998,24,False,Dire
8780017434,9425656,32,True,Radiant
8780017434,8629315,20,False,Dire
8780011149,9860197,16,False,Radiant
8780011149,9743822,37,True,Dire
8779994372,8629315,26,False,Radiant
8779994372,9425656,32,True,Dire
8779991056,10108685,20,False,Radiant
8779991056,9879852,40,True,Dire
8779983603,9860197,7,False,Radiant
8779983603,10027925,37,True,Dire
8779979649,9767998,38,False,Radiant
8779979649,9768002,47,True,Dire
8779947685,9879852,42,True,Radiant
8779947685,10108685,18,False,Dire
8779944570,9677506,33,True,Radiant
8779944570,9718665,28,False,Dire
8779884382,8849837,38,True,Radiant
8779884382,9005364,27,False,Dire
8779863149,9005364,23,False,Radiant
8779863149,8849837,42,True,Dire
8779846051,8850016,35,True,Radiant
8779846051,9048057,25,False,Dire
8779822909,9048057,22,False,Radiant
8779822909,8850016,41,True,Dire
8779798616,9025669,42,True,Radiant
8779798616,8849833,30,False,Dire
8779774736,8849833,16,False,Radiant
8779774736,9025669,26,True,Dire
8779737162,8879077,25,True,Radiant
8779737162,8850015,24,False,Dire
8779726093,9600141,39,True,Radiant
8779726093,55,26,False,Dire
8779701254,8850015,17,False,Radiant
8779701254,8879077,31,True,Dire
8779682366,9303383,44,True,Radiant
8779682366,9973656,19,False,Dire
8779673916,55,31,True,Radiant
8779673916,9600141,9,False,Dire
8779671368,9397016,51,True,Radiant
8779671368,9839211,18,False,Dire
8779658823,9338413,33,True,Radiant
8779658823,8291895,13,False,Dire
8779649339,10108947,30,True,Radiant
8779649339,9678463,12,False,Dire
8779589316,9303383,20,True,Radiant
8779589316,9973656,31,False,Dire
8779586566,9600141,46,True,Radiant
8779586566,55,26,False,Dire
8779584921,9839211,34,False,Radiant
8779584921,9397016,37,True,Dire
8779581832,9572001,18,False,Radiant
8779581832,9467224,41,True,Dire
8779574003,9338413,23,False,Radiant
8779574003,8291895,33,True,Dire
8779553077,10108947,19,True,Radiant
8779553077,9678463,12,False,Dire
8779506831,10108713,16,False,Radiant
8779506831,55,31,True,Dire
8779504746,9593609,38,False,Radiant
8779504746,10121883,60,True,Dire
8779492402,9600141,26,False,Radiant
8779492402,8680909,39,True,Dire
8779491334,9338413,34,True,Radiant
8779491334,8291895,7,False,Dire
8779478244,9572001,48,True,Radiant
8779478244,9467224,24,False,Dire
8779421682,9973656,30,False,Radiant
8779421682,9678463,43,True,Dire
8779415901,10121883,58,True,Radiant
8779415901,9593609,36,False,Dire
8779409470,55,35,False,Radiant
8779409470,10108713,50,True,Dire
8779408254,9600141,21,False,Radiant
8779408254,8680909,38,True,Dire
8779404735,9767998,16,False,Radiant
8779404735,2443375,28,True,Dire
8779396380,36,22,True,Radiant
8779396380,9823272,19,False,Dire
8779372774,9572001,26,False,Radiant
8779372774,9467224,46,True,Dire
8779354849,2443375,37,True,Radiant
8779354849,9767998,19,False,Dire
8779322877,10121883,48,True,Radiant
8779322877,10095351,34,False,Dire
8779320448,10108713,17,False,Radiant
8779320448,55,23,True,Dire
8779311623,9973656,14,False,Radiant
8779311623,9678463,43,True,Dire
8779303056,8629005,25,False,Radiant
8779303056,9878494,41,True,Dire
8779297009,36,32,True,Radiant
8779297009,9823272,14,False,Dire
8779265864,8255888,38,True,Radiant
8779265864,9247354,9,False,Dire
8779250143,10095351,39,True,Radiant
8779250143,10121883,28,False,Dire
8779241293,9878494,42,True,Radiant
8779241293,8629005,20,False,Dire
8779214847,9823272,23,True,Radiant
8779214847,36,5,False,Dire
8779186170,8629315,36,True,Radiant
8779186170,9814269,15,False,Dire
8779175913,7554697,32,True,Radiant
8779175913,9895247,15,False,Dire
8779174694,10121883,54,True,Radiant
8779174694,10095351,19,False,Dire
8779161382,5014799,29,True,Radiant
8779161382,9255039,7,False,Dire
8779155491,9247354,17,False,Radiant
8779155491,8255888,37,True,Dire
8779147705,9885310,26,True,Radiant
8779147705,9879852,13,False,Dire
8779137116,9814269,41,True,Radiant
8779137116,8629315,17,False,Dire
8779123262,10108947,37,True,Radiant
8779123262,8261500,17,False,Dire
8779092837,8831040,60,True,Radiant
8779092837,9691942,35,False,Dire
8779087288,8629315,29,True,Radiant
8779087288,9814269,23,False,Dire
8779082204,9885310,33,True,Radiant
8779082204,9879852,5,False,Dire
8779082104,7554697,37,True,Radiant
8779082104,9895247,13,False,Dire
8779079174,5014799,37,True,Radiant
8779079174,9255039,18,False,Dire
8779067796,8255888,24,False,Radiant
8779067796,9247354,19,True,Dire
8779057857,10108947,4,False,Radiant
8779057857,8261500,27,True,Dire
8779039544,9768002,27,False,Radiant
8779039544,9767998,33,True,Dire
8779026369,8831040,59,True,Radiant
8779026369,9593609,33,False,Dire
8779006190,9303484,30,True,Radiant
8779006190,9895392,12,False,Dire
8779004984,10108947,27,True,Radiant
8779004984,8261500,8,False,Dire
8779001584,9767998,24,True,Radiant
8779001584,9768002,30,False,Dire
8778991479,7299465,28,True,Radiant
8778991479,9885310,13,False,Dire
8778986053,9255039,12,False,Radiant
8778986053,7554697,25,True,Dire
8778983705,9879852,8,False,Radiant
8778983705,9928636,24,True,Dire
8778977085,9593609,31,True,Radiant
8778977085,8831040,17,False,Dire
8778971437,9768002,38,True,Radiant
8778971437,9767998,19,False,Dire
8778960929,2163,33,True,Radiant
8778960929,726228,8,False,Dire
8778945001,9303484,34,True,Radiant
8778945001,9895392,19,False,Dire
8778936372,10095351,52,True,Radiant
8778936372,9593609,24,False,Dire
8778935546,9426115,38,True,Radiant
8778935546,9425656,23,False,Dire
8778928145,7554697,29,True,Radiant
8778928145,9255039,8,False,Dire
8778927086,9885310,20,False,Radiant
8778927086,7299465,36,True,Dire
8778926809,9879852,22,False,Radiant
8778926809,9928636,35,True,Dire
8778923632,7917893,16,True,Radiant
8778923632,10102110,30,False,Dire
8778912772,726228,13,False,Radiant
8778912772,2163,29,True,Dire
8778907200,9593609,13,False,Radiant
8778907200,10115965,29,True,Dire
8778905264,9425656,9,False,Radiant
8778905264,9426115,27,True,Dire
8778896415,7119388,12,False,Radiant
8778896415,9964962,37,True,Dire
8778890213,7917893,31,True,Radiant
8778890213,10102110,10,False,Dire
8778868887,10115965,37,False,Radiant
8778868887,9593609,32,True,Dire
8778865154,9426115,24,False,Radiant
8778865154,9425656,36,True,Dire
8778849893,2163,37,False,Radiant
8778849893,726228,40,True,Dire
8778849866,9964962,42,True,Radiant
8778849866,7119388,16,False,Dire
8778842506,7917893,20,False,Radiant
8778842506,10102110,41,True,Dire
8778834470,2443375,42,True,Radiant
8778834470,9768243,25,False,Dire
8778830201,9814269,33,False,Radiant
8778830201,9878494,39,True,Dire
8778812050,10116131,26,False,Radiant
8778812050,9628678,56,True,Dire
8778807621,9768243,29,False,Radiant
8778807621,2443375,37,True,Dire
8778804583,9878494,30,True,Radiant
8778804583,9814269,34,False,Dire
8778803034,9879852,15,False,Radiant
8778803034,9098294,40,True,Dire
8778781865,9628678,33,True,Radiant
8778781865,10116131,17,False,Dire
8778781683,9768002,37,True,Radiant
8778781683,8629315,21,False,Dire
8778778484,8629005,18,False,Radiant
8778778484,9767998,31,True,Dire
8778764440,9098294,13,False,Radiant
8778764440,9879852,32,True,Dire
8778757286,9767998,39,True,Radiant
8778757286,8629005,18,False,Dire
8778755504,8629315,22,False,Radiant
8778755504,9768002,23,True,Dire
8778743718,9628678,42,True,Radiant
8778743718,9860197,34,False,Dire
8778738519,9048057,36,True,Radiant
8778738519,8849833,15,False,Dire
8778735089,9098294,34,True,Radiant
8778735089,9879852,16,False,Dire
8778724528,9860197,15,False,Radiant
8778724528,9628678,24,True,Dire
8778720816,8849833,20,False,Radiant
8778720816,9048057,35,True,Dire
8778701088,9048057,15,False,Radiant
8778701088,8849833,28,True,Dire
8778678810,9005364,36,True,Radiant
8778678810,8850015,28,False,Dire
8778658941,8850015,18,False,Radiant
8778658941,9005364,32,True,Dire
8778634871,8850016,28,False,Radiant
8778634871,8849837,37,True,Dire
8778606649,8849837,37,True,Radiant
8778606649,8850016,28,False,Dire
8778603563,8124644,46,True,Radiant
8778603563,9820028,35,False,Dire
8755793139,9729268,23,False,Radiant
8755793139,9563873,37,True,Dire
8755766042,9572001,30,True,Radiant
8755766042,36,17,False,Dire
8755745769,8629315,26,False,Radiant
8755745769,9878494,29,True,Dire
8755735231,8261500,17,True,Radiant
8755735231,9351740,3,False,Dire
8755727364,9729342,16,False,Radiant
8755727364,9729268,39,True,Dire
8755709137,9928636,19,False,Radiant
8755709137,10047709,42,True,Dire
8755690713,9878494,28,True,Radiant
8755690713,8629315,20,False,Dire
8755676521,9572001,20,True,Radiant
8755676521,36,7,False,Dire
8755637158,8261500,29,True,Radiant
8755637158,9351740,22,False,Dire
8755628154,10014708,23,False,Radiant
8755628154,9677506,39,True,Dire
8755586257,2443375,32,True,Radiant
8755586257,9426115,16,False,Dire
8755569308,9467224,28,True,Radiant
8755569308,9255039,41,False,Dire
8755561796,9677506,58,True,Radiant
8755561796,10014708,47,False,Dire
8755560373,9895247,27,True,Radiant
8755560373,9872558,16,False,Dire
8755545409,9426115,28,False,Radiant
8755545409,2443375,24,True,Dire
8755539394,9351740,32,True,Radiant
8755539394,726228,12,False,Dire
8755511101,9255039,31,True,Radiant
8755511101,9467224,12,False,Dire
8755506725,9828897,20,False,Radiant
8755506725,10081680,28,True,Dire
8755505655,9895247,25,True,Radiant
8755505655,9872558,18,False,Dire
8755502230,9768002,40,True,Radiant
8755502230,8629005,28,False,Dire
8755493968,9818938,19,False,Radiant
8755493968,9691942,39,True,Dire
8755468072,9351740,38,True,Radiant
8755468072,726228,24,False,Dire
8755459754,8629005,36,False,Radiant
8755459754,9768002,41,True,Dire
8755457718,9691942,36,True,Radiant
8755457718,9818938,16,False,Dire
8742398301,10095057,27,False,Radiant
8742398301,9054301,42,True,Dire
8742391830,9828921,23,False,Radiant
8742391830,9973477,36,True,Dire
8742349274,67,13,False,Radiant
8742349274,9247354,37,True,Dire
8742349256,9895392,5,False,Radiant
8742349256,7119388,31,True,Dire
8742349162,9467224,30,True,Radiant
8742349162,2586976,13,False,Dire
8742347239,10054769,44,True,Radiant
8742347239,10095068,26,False,Dire
8742345807,9286811,27,False,Radiant
8742345807,1360586,39,True,Dire
8742339646,9054301,38,True,Radiant
8742339646,10095057,19,False,Dire
8742334442,8261500,32,True,Radiant
8742334442,7554697,5,False,Dire
8742318115,9973477,38,True,Radiant
8742318115,9828921,24,False,Dire
8742291159,9375234,5,False,Radiant
8742291159,1360586,19,True,Dire
8742274880,10054769,46,True,Radiant
8742274880,9972930,29,False,Dire
8742267069,67,34,True,Radiant
8742267069,9247354,12,False,Dire
8742267022,7119388,38,True,Radiant
8742267022,9895392,17,False,Dire
8742266886,7554697,20,True,Radiant
8742266886,8261500,7,False,Dire
8742266812,2586976,13,False,Radiant
8742266812,9467224,25,True,Dire
8742263390,9828921,35,True,Radiant
8742263390,9973477,15,False,Dire
8742260265,10095057,30,True,Radiant
8742260265,8623207,33,False,Dire
8742256872,9956940,3,False,Radiant
8742256872,10095079,17,True,Dire
8742254205,10047709,14,False,Radiant
8742254205,10001733,31,True,Dire
8742209485,10054769,27,False,Radiant
8742209485,9972930,52,True,Dire
8742180275,10001733,31,True,Radiant
8742180275,10047709,11,False,Dire
8742179381,10095057,52,True,Radiant
8742179381,8623207,39,False,Dire
8742137378,8255888,14,False,Radiant
8742137378,9823272,22,True,Dire
8742136025,9338413,26,True,Radiant
8742136025,9572001,17,False,Dire
8742135055,8629005,28,False,Radiant
8742135055,9767998,33,True,Dire
8742124178,8291895,36,False,Radiant
8742124178,9351740,38,True,Dire
8742118850,9964962,46,True,Radiant
8742118850,9828897,19,False,Dire
8742113642,9972930,31,False,Radiant
8742113642,10054769,44,True,Dire
8742106753,2704744,48,True,Radiant
8742106753,9375234,49,False,Dire
8742101192,10047709,26,True,Radiant
8742101192,10001733,14,False,Dire
8742096790,8623207,40,True,Radiant
8742096790,10095057,19,False,Dire
8742082993,9767998,37,True,Radiant
8742082993,8629005,15,False,Dire
8742079293,9600141,44,True,Radiant
8742079293,9872558,33,False,Dire
8742051677,9338413,32,True,Radiant
8742051677,9572001,10,False,Dire
8742051676,9351740,13,False,Radiant
8742051676,8291895,34,True,Dire
8742039319,9828897,13,False,Radiant
8742039319,9964962,32,True,Dire
8742039237,8255888,16,False,Radiant
8742039237,9823272,40,True,Dire
8742035906,9828921,34,False,Radiant
8742035906,9729268,60,True,Dire
8742019345,2443375,30,False,Radiant
8742019345,9878494,40,True,Dire
8741991954,9872558,9,False,Radiant
8741991954,9600141,37,True,Dire
8741970387,9729268,22,True,Radiant
8741970387,9828921,14,False,Dire
8741965571,9270895,7,False,Radiant
8741965571,9781824,29,True,Dire
8741959434,9878494,40,True,Radiant
8741959434,2443375,26,False,Dire
8741955597,9425656,51,True,Radiant
8741955597,9768002,26,False,Dire
8741939284,8255888,39,True,Radiant
8741939284,9351740,21,False,Dire
8741931257,9338413,28,False,Radiant
8741931257,8291895,38,True,Dire
8741922328,9964962,7,False,Radiant
8741922328,9823272,32,True,Dire
8741914801,9828897,11,False,Radiant
8741914801,9572001,37,True,Dire
8741900634,8629315,31,False,Radiant
8741900634,9768243,41,True,Dire
8741887833,9928636,28,True,Radiant
8741887833,9895247,35,False,Dire
8741885616,9768002,62,False,Radiant
8741885616,9425656,61,True,Dire
8741879065,9878354,26,False,Radiant
8741879065,9781824,44,True,Dire
8741853476,9768243,41,True,Radiant
8741853476,8629315,26,False,Dire
8741845660,8291895,34,True,Radiant
8741845660,9338413,20,False,Dire
8741845584,9828897,8,False,Radiant
8741845584,9572001,31,True,Dire
8741845565,9964962,17,False,Radiant
8741845565,9823272,35,True,Dire
8741845487,9351740,14,False,Radiant
8741845487,8255888,33,True,Dire
8741842687,9593609,43,True,Radiant
8741842687,9729268,42,False,Dire
8741841883,9425656,27,False,Radiant
8741841883,9768002,41,True,Dire
8741822574,9928636,48,True,Radiant
8741822574,9895247,21,False,Dire
8741801256,9729268,13,False,Radiant
8741801256,9593609,39,True,Dire
8741777746,9767998,51,False,Radiant
8741777746,9814269,55,True,Dire
8741749692,9729767,47,True,Radiant
8741749692,8831040,26,False,Dire
8741741757,9814269,43,True,Radiant
8741741757,9767998,14,False,Dire
8741739640,9895247,53,True,Radiant
8741739640,9928636,46,False,Dire
8741704476,8629005,44,True,Radiant
8741704476,8629315,24,False,Dire
8741683323,9636142,41,False,Radiant
8741683323,9729767,57,True,Dire
8741671816,8629315,22,False,Radiant
8741671816,8629005,46,True,Dire
8741657595,9098294,12,False,Radiant
8741657595,9879852,31,True,Dire
8741639271,9729767,29,False,Radiant
8741639271,9593609,35,True,Dire
8741638497,8629005,33,False,Radiant
8741638497,8629315,37,True,Dire
8741621355,9879852,22,True,Radiant
8741621355,9098294,13,False,Dire
8741612335,9425656,32,False,Radiant
8741612335,9878494,38,True,Dire
8741611356,9426115,20,False,Radiant
8741611356,9768243,27,True,Dire
8741589759,9878494,26,True,Radiant
8741589759,9425656,13,False,Dire
8741589168,9593609,42,True,Radiant
8741589168,9729767,21,False,Dire
8741585567,9768243,30,True,Radiant
8741585567,9426115,17,False,Dire
8741563415,7917893,30,True,Radiant
8741563415,9894442,6,False,Dire
8741561838,2443375,8,False,Radiant
8741561838,9767998,29,True,Dire
8741558314,9426115,37,True,Radiant
8741558314,9768243,33,False,Dire
8741538362,9767998,24,True,Radiant
8741538362,2443375,23,False,Dire
8741521598,9894442,19,False,Radiant
8741521598,7917893,25,True,Dire
8741447146,8849833,36,True,Radiant
8741447146,9048057,35,False,Dire
8741426861,9048057,32,False,Radiant
8741426861,8849833,34,True,Dire
8741406460,8849833,20,False,Radiant
8741406460,9048057,30,True,Dire
8741386957,8850015,28,False,Radiant
8741386957,9005364,40,True,Dire
8741363284,9005364,36,True,Radiant
8741363284,8850015,34,False,Dire
8741336264,2586976,13,False,Radiant
8741336264,7119388,27,True,Dire
8741335973,8936613,29,False,Radiant
8741335973,8849837,41,True,Dire
8741331131,9895392,33,True,Radiant
8741331131,67,25,False,Dire
8741330468,7554697,23,False,Radiant
8741330468,9247354,41,True,Dire
8741326557,9467224,33,True,Radiant
8741326557,8261500,8,False,Dire
8741306929,8849837,33,True,Radiant
8741306929,8936613,16,False,Dire
8741297948,9677506,37,True,Radiant
8741297948,10014708,19,False,Dire
8741280965,9247354,50,True,Radiant
8741280965,7554697,21,False,Dire
8741274980,8879077,28,False,Radiant
8741274980,9025669,41,True,Dire
8741272513,8261500,15,False,Radiant
8741272513,9467224,24,True,Dire
8741272511,67,26,False,Radiant
8741272511,9895392,32,True,Dire
8741269915,2586976,21,False,Radiant
8741269915,7119388,32,True,Dire
8741245211,10007804,51,False,Radiant
8741245211,9677506,47,True,Dire
8741235281,9025669,24,True,Radiant
8741235281,8879077,17,False,Dire
8741234193,5014799,27,False,Radiant
8741234193,9928636,19,True,Dire
8741195818,2586976,39,True,Radiant
8741195818,9895392,16,False,Dire
8741192577,8261500,17,False,Radiant
8741192577,67,31,True,Dire
8741191435,7119388,13,False,Radiant
8741191435,9247354,39,True,Dire
8741190380,9467224,46,True,Radiant
8741190380,7554697,11,False,Dire
8741170520,9677506,50,True,Radiant
8741170520,9729342,22,False,Dire
8741152208,5014799,18,False,Radiant
8741152208,9928636,31,True,Dire
8741115712,9677506,34,True,Radiant
8741115712,9965265,21,False,Dire
8741101264,7119388,14,False,Radiant
8741101264,9247354,30,True,Dire
8741100540,67,26,False,Radiant
8741100540,8261500,30,True,Dire
8741100522,9467224,42,True,Radiant
8741100522,7554697,29,False,Dire
8741100481,9895392,40,True,Radiant
8741100481,2586976,23,False,Dire
8741042432,9397016,47,True,Radiant
8741042432,9677506,31,False,Dire
8741026307,9895247,34,True,Radiant
8741026307,10041315,16,False,Dire
8741009944,9767998,14,False,Radiant
8741009944,8629315,42,True,Dire
8740976908,9823272,28,False,Radiant
8740976908,8291895,46,True,Dire
8740966610,9964962,23,True,Radiant
8740966610,9572001,22,False,Dire
8740961422,10041315,8,False,Radiant
8740961422,9895247,23,True,Dire
8740958775,9338413,37,True,Radiant
8740958775,8255888,26,False,Dire
8740954537,8831040,49,True,Radiant
8740954537,9828921,35,False,Dire
8740951148,8629315,44,False,Radiant
8740951148,9767998,32,True,Dire
8740943610,9828897,37,True,Radiant
8740943610,9351740,37,False,Dire
8740882007,9828921,18,False,Radiant
8740882007,8831040,48,True,Dire
8740879371,9767998,48,False,Radiant
8740879371,8629315,42,True,Dire
8740873838,8255888,16,False,Radiant
8740873838,9338413,32,True,Dire
8740872359,9964962,30,True,Radiant
8740872359,9572001,25,False,Dire
8740872334,9823272,40,True,Radiant
8740872334,8291895,14,False,Dire
8740861210,10075008,7,False,Radiant
8740861210,9600141,27,True,Dire
8740834081,9828897,28,False,Radiant
8740834081,9351740,32,True,Dire
8740813326,9768002,29,False,Radiant
8740813326,9426115,42,True,Dire
8740793399,8831040,23,False,Radiant
8740793399,9973477,39,True,Dire
8740762589,9426115,40,True,Radiant
8740762589,9768002,13,False,Dire
8740762542,10075008,13,False,Radiant
8740762542,9600141,34,True,Dire
8740744491,9572001,26,True,Radiant
8740744491,8255888,21,False,Dire
8740736669,8831040,34,True,Radiant
8740736669,9973477,22,False,Dire
8740724446,9964962,54,True,Radiant
8740724446,8291895,25,False,Dire
8740715038,9338413,22,False,Radiant
8740715038,9351740,38,True,Dire
8740715037,9828897,11,False,Radiant
8740715037,9823272,35,True,Dire
8740706414,9425656,46,True,Radiant
8740706414,2443375,24,False,Dire
8740675184,9872558,59,True,Radiant
8740675184,8494848,17,False,Dire
8740673454,9973477,44,True,Radiant
8740673454,8831040,19,False,Dire
8740648852,8629005,58,True,Radiant
8740648852,9878494,49,False,Dire
8740647342,2443375,20,False,Radiant
8740647342,9425656,37,True,Dire
8740635173,9964962,33,False,Radiant
8740635173,8291895,28,True,Dire
8740634750,9338413,14,False,Radiant
8740634750,9351740,24,True,Dire
8740634695,9828897,15,False,Radiant
8740634695,9823272,35,True,Dire
8740634671,8255888,40,True,Radiant
8740634671,9572001,24,False,Dire
8740605482,8831040,35,False,Radiant
8740605482,9906210,41,True,Dire
8740605345,8629005,45,True,Radiant
8740605345,9878494,27,False,Dire
8740600507,9872558,37,True,Radiant
8740600507,8494848,17,False,Dire
8740567955,9878494,41,True,Radiant
8740567955,8629005,19,False,Dire
8740565629,9906210,16,False,Radiant
8740565629,8831040,37,True,Dire
8740532047,9814269,43,True,Radiant
8740532047,9768002,33,False,Dire
8740529852,8494848,33,True,Radiant
8740529852,9872558,21,False,Dire
8740511033,7917893,23,False,Radiant
8740511033,8944230,33,True,Dire
8740510041,8831040,26,False,Radiant
8740510041,9729268,53,True,Dire
8740496486,9768002,29,False,Radiant
8740496486,9814269,56,True,Dire
8740472112,9849465,43,True,Radiant
8740472112,10007804,24,False,Dire
8740462986,7917893,23,False,Radiant
8740462986,9546449,37,True,Dire
8740455268,9425656,50,False,Radiant
8740455268,9767998,49,True,Dire
8740430953,9768243,25,False,Radiant
8740430953,8629005,39,True,Dire
8740426009,9767998,36,True,Radiant
8740426009,9425656,22,False,Dire
8740413783,9849465,34,False,Radiant
8740413783,10007804,44,True,Dire
8740406106,7653080,25,False,Radiant
8740406106,7917893,30,True,Dire
8740404132,8629005,40,True,Radiant
8740404132,9768243,28,False,Dire
8740394463,2443375,40,True,Radiant
8740394463,8629315,33,False,Dire
8740386918,9766927,11,False,Radiant
8740386918,9849465,23,True,Dire
8740376901,9878494,47,True,Radiant
8740376901,9426115,30,False,Dire
8740366470,8629315,38,True,Radiant
8740366470,2443375,32,False,Dire
8740349068,9426115,45,True,Radiant
8740349068,9878494,33,False,Dire
8740339003,10081680,30,True,Radiant
8740339003,9098294,10,False,Dire
8740337823,2443375,35,True,Radiant
8740337823,8629315,19,False,Dire
8740320375,9878494,30,True,Radiant
8740320375,9426115,20,False,Dire
8740306145,10081680,26,True,Radiant
8740306145,9098294,9,False,Dire
8740276351,8879077,31,True,Radiant
8740276351,8936613,14,False,Dire
8740254604,8936613,25,False,Radiant
8740254604,8879077,34,True,Dire
8740229893,8879077,32,False,Radiant
8740229893,8936613,47,True,Dire
8740206708,8849837,26,False,Radiant
8740206708,8849833,33,True,Dire
8740188210,8849833,32,True,Radiant
8740188210,8849837,21,False,Dire
8740164753,9048057,26,False,Radiant
8740164753,9005364,39,True,Dire
8740137466,9005364,41,True,Radiant
8740137466,9048057,37,False,Dire
8740119742,10039783,13,False,Radiant
8740119742,10082589,41,True,Dire
8740113631,67,21,False,Radiant
8740113631,2586976,52,True,Dire
8740109615,9048057,22,True,Radiant
8740109615,9005364,21,False,Dire
8740099172,8124644,20,False,Radiant
8740099172,2885851,46,True,Dire
8740097396,9895392,41,True,Radiant
8740097396,7554697,21,False,Dire
8740094561,8261500,30,True,Radiant
8740094561,9247354,11,False,Dire
8740093861,9467224,23,False,Radiant
8740093861,7119388,31,True,Dire
8740073999,8850015,21,False,Radiant
8740073999,9025669,37,True,Dire
8740068776,7155747,19,False,Radiant
8740068776,10034132,26,True,Dire
8740064442,2885851,37,True,Radiant
8740064442,8124644,12,False,Dire
8740062264,10039783,42,False,Radiant
8740062264,10082589,58,True,Dire
8740041870,9025669,32,True,Radiant
8740041870,8850015,28,False,Dire
8740039655,9895392,15,False,Radiant
8740039655,7554697,39,True,Dire
8740039531,8261500,5,False,Radiant
8740039531,9247354,30,True,Dire
8740037628,7119388,19,False,Radiant
8740037628,9467224,34,True,Dire
8740037610,67,21,True,Radiant
8740037610,2586976,24,False,Dire
8740029167,10088088,33,True,Radiant
8740029167,10088089,19,False,Dire
8739999325,8850015,34,True,Radiant
8739999325,9025669,20,False,Dire
8739997841,9600141,24,True,Radiant
8739997841,10041315,16,False,Dire
8739992397,9866035,27,True,Radiant
8739992397,10053545,22,False,Dire
8739964866,9677559,32,False,Radiant
8739964866,7856045,51,True,Dire
8782309920,9005364,29,False,Radiant
8782309920,8849850,31,True,Dire
8782292557,8849850,34,True,Radiant
8782292557,9005364,15,False,Dire
8782265016,8849833,23,False,Radiant
8782265016,8850015,42,True,Dire
8782239218,8850015,43,True,Radiant
8782239218,8849833,32,False,Dire
8782215329,9678463,34,True,Radiant
8782215329,8680909,12,False,Dire
8782214393,8849837,13,False,Radiant
8782214393,9048057,26,True,Dire
8782183957,9995737,52,False,Radiant
8782183957,9729351,54,True,Dire
8782181892,9048057,26,False,Radiant
8782181892,8849837,39,True,Dire
8782163465,9678463,56,True,Radiant
8782163465,8680909,13,False,Dire
8782144224,8849837,13,False,Radiant
8782144224,9048057,27,True,Dire
8782130283,10108947,41,True,Radiant
8782130283,9973656,17,False,Dire
8782124201,9729351,48,True,Radiant
8782124201,9995737,43,False,Dire
8782104100,10108713,40,True,Radiant
8782104100,9303383,21,False,Dire
8782066777,9678463,41,False,Radiant
8782066777,8680909,42,True,Dire
8782062737,10108947,37,True,Radiant
8782062737,9973656,19,False,Dire
8782036445,9303383,6,False,Radiant
8782036445,10108713,28,True,Dire
8782026639,10121883,53,True,Radiant
8782026639,9397016,51,False,Dire
8781981503,10108947,44,False,Radiant
8781981503,8680909,40,True,Dire
8781947923,10121883,34,True,Radiant
8781947923,9397016,39,False,Dire
8781942116,55,34,True,Radiant
8781942116,9303383,15,False,Dire
8781923699,9425656,39,True,Radiant
8781923699,9426115,25,False,Dire
8781904566,10108947,14,False,Radiant
8781904566,8680909,33,True,Dire
8781879925,9600141,33,True,Radiant
8781879925,10108713,24,False,Dire
8781875710,55,26,True,Radiant
8781875710,9303383,24,False,Dire
8781875296,9426115,30,True,Radiant
8781875296,9425656,22,False,Dire
8781870689,9397016,47,True,Radiant
8781870689,10121883,25,False,Dire
8781827611,9425656,27,True,Radiant
8781827611,9426115,11,False,Dire
8781808385,7119388,22,True,Radiant
8781808385,8261500,24,False,Dire
8781798380,9928636,18,False,Radiant
8781798380,5014799,20,True,Dire
8781780279,10108713,19,False,Radiant
8781780279,9600141,40,True,Dire
8781774413,9303383,40,True,Radiant
8781774413,55,22,False,Dire
8781766105,9878494,26,False,Radiant
8781766105,9768243,37,True,Dire
8781762269,10060977,33,False,Radiant
8781762269,9563873,56,True,Dire
8781713672,9768243,21,False,Radiant
8781713672,9878494,26,True,Dire
8781705399,5014799,15,False,Radiant
8781705399,9928636,25,True,Dire
8781692076,10060977,36,True,Radiant
8781692076,9563873,41,False,Dire
8781677671,9895247,4,False,Radiant
8781677671,9255039,20,True,Dire
8781676071,7554697,31,True,Radiant
8781676071,7299465,19,False,Dire
8781669218,8261500,38,False,Radiant
8781669218,7119388,36,True,Dire
8781655313,9878494,35,False,Radiant
8781655313,9768243,46,True,Dire
8781602319,9814269,22,False,Radiant
8781602319,8629005,29,True,Dire
8781599917,9255039,35,True,Radiant
8781599917,9895247,6,False,Dire
8781594842,9563873,47,True,Radiant
8781594842,10060977,9,False,Dire
8781585273,7299465,19,False,Radiant
8781585273,7554697,36,True,Dire
8781584788,9928636,36,False,Radiant
8781584788,5014799,50,True,Dire
8781560526,9338413,25,False,Radiant
8781560526,10108947,35,True,Dire
8781560305,8629005,30,True,Radiant
8781560305,9814269,19,False,Dire
8781506124,9895247,18,True,Radiant
8781506124,7299465,22,False,Dire
8781499375,8831040,38,False,Radiant
8781499375,9593609,53,True,Dire
8781484100,10108947,38,False,Radiant
8781484100,9338413,38,True,Dire
8781457139,9593609,31,True,Radiant
8781457139,8831040,29,False,Dire
8781452740,9895247,29,True,Radiant
8781452740,7299465,20,False,Dire
8781448344,9768002,34,True,Radiant
8781448344,9426115,26,False,Dire
8781432852,9885310,31,False,Radiant
8781432852,9928636,27,True,Dire
8781429756,9879852,6,False,Radiant
8781429756,5014799,21,True,Dire
8781428124,10108947,38,True,Radiant
8781428124,9338413,20,False,Dire
8781421166,9426115,26,False,Radiant
8781421166,9768002,30,True,Dire
8781410967,8831040,37,False,Radiant
8781410967,10095351,62,True,Dire
8781402200,5014799,26,True,Radiant
8781402200,9879852,2,False,Dire
8781398008,9928636,21,True,Radiant
8781398008,9885310,5,False,Dire
8781394339,7917893,20,False,Radiant
8781394339,9098294,33,True,Dire
8781391290,7299465,32,True,Radiant
8781391290,9895247,13,False,Dire
8781384427,2443375,45,True,Radiant
8781384427,8629315,43,False,Dire
8781380057,10095351,50,True,Radiant
8781380057,8831040,16,False,Dire
8781366014,9303484,37,True,Radiant
8781366014,9964962,19,False,Dire
8781358046,8629315,22,False,Radiant
8781358046,2443375,34,True,Dire
8781346934,9628678,32,True,Radiant
8781346934,9622426,9,False,Dire
8781340960,7917893,42,True,Radiant
8781340960,9098294,17,False,Dire
8781329280,2443375,22,False,Radiant
8781329280,8629315,41,True,Dire
8781318601,9964962,17,False,Radiant
8781318601,9303484,31,True,Dire
8781314967,9767998,40,False,Radiant
8781314967,9878494,60,True,Dire
8781313180,9628678,23,False,Radiant
8781313180,9622426,30,True,Dire
8781301871,9814269,25,True,Radiant
8781301871,9425656,25,False,Dire
8781298926,7917893,11,False,Radiant
8781298926,9098294,36,True,Dire
8781292238,9878494,38,True,Radiant
8781292238,9767998,17,False,Dire
8781281070,9622426,22,False,Radiant
8781281070,9628678,42,True,Dire
8781277131,9425656,30,False,Radiant
8781277131,9814269,34,True,Dire
8781268530,9767998,36,True,Radiant
8781268530,9878494,28,False,Dire
8781257364,9879852,31,True,Radiant
8781257364,10102110,39,False,Dire
8781248637,9768243,22,False,Radiant
8781248637,8629005,37,True,Dire
8781247179,9718665,18,False,Radiant
8781247179,9628678,32,True,Dire
8781245440,2443375,24,False,Radiant
8781245440,9426115,30,True,Dire
8781226280,9879852,9,False,Radiant
8781226280,10102110,39,True,Dire
8781225686,8629005,41,True,Radiant
8781225686,9768243,22,False,Dire
8781225187,9426115,27,True,Radiant
8781225187,2443375,17,False,Dire
8781223905,9628678,33,True,Radiant
8781223905,9718665,10,False,Dire
8781194267,9718665,18,True,Radiant
8781194267,9628678,14,False,Dire
8781193627,10102110,23,False,Radiant
8781193627,9879852,34,True,Dire
8781190605,8850016,27,True,Radiant
8781190605,8879077,5,False,Dire
8781153982,8879077,17,False,Radiant
8781153982,8850016,29,True,Dire
8781129592,8850016,19,False,Radiant
8781129592,8879077,31,True,Dire
8781108089,8879077,35,True,Radiant
8781108089,8850016,29,False,Dire
8781090048,8850016,32,True,Radiant
8781090048,8879077,14,False,Dire
8781071666,8850016,38,True,Radiant
8781071666,8849837,19,False,Dire
8781044489,8849837,30,True,Radiant
8781044489,8850016,30,False,Dire
8781014170,8850016,34,True,Radiant
8781014170,8849837,22,False,Dire
8780983890,9025669,21,False,Radiant
8780983890,8879077,32,True,Dire
8780953040,9303383,20,False,Radiant
8780953040,10108947,26,True,Dire
8780945348,8879077,27,True,Radiant
8780945348,9025669,12,False,Dire
8780889411,10108947,32,True,Radiant
8780889411,9303383,10,False,Dire
8739961836,9860197,64,True,Radiant
8739961836,9710058,34,False,Dire
8739958658,7119388,41,True,Radiant
8739958658,67,16,False,Dire
8739957415,9467224,40,True,Radiant
8739957415,9247354,3,False,Dire
8739952710,7554697,18,False,Radiant
8739952710,2586976,34,True,Dire
8739952615,9895392,32,True,Radiant
8739952615,8261500,20,False,Dire
8739942372,10053545,28,True,Radiant
8739942372,9866035,15,False,Dire
8739942292,10088089,53,True,Radiant
8739942292,10088088,22,False,Dire
8739932237,7155747,71,True,Radiant
8739932237,10034132,59,False,Dire
8739928575,10041315,7,False,Radiant
8739928575,9600141,25,True,Dire
8739895187,9710058,20,False,Radiant
8739895187,9860197,34,True,Dire
8739880207,9677559,46,True,Radiant
8739878090,7856045,41,True,Radiant
8739878090,9132931,11,False,Dire
8739868152,10088088,37,True,Radiant
8739868152,10088089,23,False,Dire
8739863882,2586976,17,False,Radiant
8739863882,7554697,28,True,Dire
8739851105,9467224,34,True,Radiant
8739851105,9247354,16,False,Dire
8739851099,67,20,False,Radiant
8739851099,7119388,30,True,Dire
8739850995,8261500,32,True,Radiant
8739850995,9895392,20,False,Dire
8739808106,9729342,21,False,Radiant
8739808106,9860197,37,True,Dire
8739802865,9895247,20,True,Radiant
8739802865,5014799,24,False,Dire
8739787255,9677559,33,True,Radiant
8739787255,10094698,8,False,Dire
8739785340,9264050,12,False,Radiant
8739785340,7856045,35,True,Dire
8739784859,9257546,46,False,Radiant
8739777219,10088089,26,False,Radiant
8739777219,10088088,46,True,Dire
8739736654,9964962,32,True,Radiant
8739736654,9351740,19,False,Dire
8739725793,9823272,39,True,Radiant
8739725793,9572001,33,False,Dire
8739720304,5014799,8,False,Radiant
8739720304,9895247,20,True,Dire
8739710260,9828897,10,False,Radiant
8739710260,9338413,29,True,Dire
8739698608,9860197,40,True,Radiant
8739698608,9397016,42,False,Dire
8739662427,8255888,14,False,Radiant
8739662427,8291895,31,True,Dire
8739653602,10047709,27,True,Radiant
8739653602,10075008,5,False,Dire
8739623562,9677559,41,True,Radiant
8739620266,9257546,28,True,Radiant
8739620266,9629413,8,False,Dire
8739619302,10055138,63,False,Radiant
8739619302,9132931,54,True,Dire
8739616771,7856045,40,True,Radiant
8739616771,10094688,20,False,Dire
8739615625,10040534,23,False,Radiant
8739615625,9264050,33,True,Dire
8739611060,9351740,26,True,Radiant
8739611060,9964962,12,False,Dire
8739610783,9572001,32,True,Radiant
8739610783,9823272,20,False,Dire
8739610662,9338413,27,True,Radiant
8739610662,9828897,11,False,Dire
8739565718,10067598,8,False,Radiant
8739565718,10088088,49,True,Dire
8739563995,8291895,25,True,Radiant
8739563995,8255888,14,False,Dire
8739551044,10047709,34,False,Radiant
8739551044,10075008,44,True,Dire
8739494661,10094706,18,False,Dire
8739489606,10040534,38,True,Radiant
8739487125,9629413,49,True,Radiant
8739487125,2232219,36,False,Dire
8739485284,9677559,38,True,Radiant
8739482920,10088881,45,False,Radiant
8739482920,10055138,43,True,Dire
8739480827,9878122,24,False,Radiant
8739480827,9257546,38,True,Dire
8739479946,10094688,34,True,Radiant
8739479703,9132931,31,True,Radiant
8739479703,10087967,21,False,Dire
8739479572,7856045,32,True,Radiant
8739479572,9711402,8,False,Dire
8739477865,10094698,33,True,Radiant
8739477865,9554331,34,False,Dire
8739472184,9338413,32,True,Radiant
8739472184,9964962,21,False,Dire
8739457443,10088400,23,False,Radiant
8739457443,9729268,44,True,Dire
8739448492,9572001,13,False,Radiant
8739448492,8291895,27,True,Dire
8739419093,10088088,43,True,Radiant
8739419093,10067598,41,False,Dire
8739418859,10075008,27,False,Radiant
8739418859,10047709,41,True,Dire
8739405645,9828897,32,True,Radiant
8739405645,8255888,20,False,Dire
8739395303,9351740,5,False,Radiant
8739395303,9823272,28,True,Dire
8739369490,9729268,41,True,Radiant
8739369490,10060977,33,False,Dire
8739350122,10060924,13,False,Radiant
8739350122,10094686,44,True,Dire
8739348819,10041175,30,False,Dire
8739348815,7856045,46,True,Dire
8782376294,8850016,41,True,Radiant
8782376294,9025669,31,False,Dire
8782351921,9025669,21,False,Radiant
8782351921,8850016,43,True,Dire
8782331865,8850016,23,False,Radiant
8782331865,9025669,36,True,Dire
8739346977,2232219,35,True,Radiant
8739346977,10000167,31,False,Dire
8739345591,9554331,38,True,Dire
8739343662,8629005,27,True,Radiant
8739343662,9426115,20,False,Dire
8739341590,9964962,16,False,Radiant
8739341590,9338413,34,True,Dire
8739340568,10047486,9,False,Radiant
8739340568,9257546,27,True,Dire
8739337514,9705515,61,True,Dire
8739337447,10081504,50,True,Radiant
8739337354,9711402,41,True,Radiant
8739337354,9957994,15,False,Dire
8739336354,10055138,46,True,Radiant
8739336354,8769787,26,False,Dire
8739335731,9629413,35,True,Radiant
8739335731,10068848,20,False,Dire
8739335497,7851527,24,False,Radiant
8739335497,9782864,61,True,Dire
8739334965,10040534,30,True,Radiant
8739334867,10087967,54,True,Radiant
8739333999,10075147,24,False,Radiant
8739333418,9825368,30,False,Radiant
8739333418,9736352,48,True,Dire
8739333139,9878122,30,True,Radiant
8739323142,9351740,7,False,Radiant
8739323142,9823272,23,True,Dire
8739323005,8255888,29,True,Radiant
8739323005,9828897,9,False,Dire
8739322940,8291895,41,True,Radiant
8739322940,9572001,30,False,Dire
8739297402,9426115,41,True,Radiant
8739297402,8629005,17,False,Dire
8739282581,9828921,37,True,Radiant
8739282581,10060977,13,False,Dire
8739246794,8629005,37,True,Radiant
8739246794,9426115,24,False,Dire
8739224606,10060977,28,False,Radiant
8739224606,9828921,45,True,Dire
8739189979,9768002,39,True,Radiant
8739189979,2443375,27,False,Dire
8739148577,2443375,5,False,Radiant
8739148577,9768002,24,True,Dire
8739138444,9729268,57,True,Radiant
8739138444,9828921,32,False,Dire
8739090148,9768002,52,False,Radiant
8739090148,2443375,52,True,Dire
8739066502,9828921,25,False,Radiant
8739066502,9729268,45,True,Dire
8739058652,10047487,50,False,Radiant
8739058652,9098294,42,True,Dire
8739045863,9425656,22,False,Radiant
8739045863,8629315,42,True,Dire
8739008861,8629315,30,True,Radiant
8739008861,9425656,19,False,Dire
8738993271,10047487,16,False,Radiant
8738993271,9098294,36,True,Dire
8738966640,9767998,51,True,Radiant
8738966640,8629005,22,False,Dire
8738955654,9768002,51,True,Radiant
8738955654,2443375,21,False,Dire
8738930688,8629005,24,False,Radiant
8738930688,9767998,35,True,Dire
8738926550,2443375,6,False,Radiant
8738926550,9768002,32,True,Dire
8738898386,9767998,10,False,Radiant
8738898386,8629005,24,True,Dire
8738897787,9768002,24,False,Radiant
8738897787,2443375,26,True,Dire
8738872901,9878494,32,True,Radiant
8738872901,9814269,7,False,Dire
8738840526,9814269,25,False,Radiant
8738840526,9878494,34,True,Dire
8738815257,9878494,31,False,Radiant
8738815257,9814269,36,True,Dire
8738704454,9504944,21,False,Radiant
8738704454,10067598,36,True,Dire
8738675369,9504944,30,True,Radiant
8738675369,10067598,19,False,Dire
8738635591,2114225,5,False,Radiant
8738635591,8080754,21,True,Dire
8738628422,9504944,16,False,Radiant
8738628422,10067598,37,True,Dire
8738574604,7258250,60,True,Radiant
8738574604,581153,39,False,Dire
8738569082,2114225,17,False,Radiant
8738569082,8080754,41,True,Dire
8738568440,9895247,21,True,Radiant
8738568440,10075008,10,False,Dire
8738521139,10088088,14,False,Radiant
8738521139,10088089,34,True,Dire
8738513464,9895247,25,True,Radiant
8738513464,10075008,17,False,Dire
8738500753,9820028,45,False,Radiant
8738500753,10081473,46,True,Dire
8738441343,10088089,38,True,Radiant
8738441343,10088088,20,False,Dire
8738421001,10081473,48,True,Radiant
8738421001,9820028,24,False,Dire
8738414954,10075008,45,True,Radiant
8738414954,9895247,31,False,Dire
8738387051,2576071,26,True,Radiant
8738387051,9872558,14,False,Dire
8738320065,9872558,17,False,Radiant
8738320065,2576071,41,True,Dire
8738243757,5014799,37,True,Radiant
8738243757,9948367,25,False,Dire
8738216823,9895247,23,False,Radiant
8738216823,2576071,42,True,Dire
8738165947,9948367,13,False,Radiant
8738165947,5014799,30,True,Dire
8738132472,9895247,29,False,Radiant
8738132472,2576071,42,True,Dire
8738055187,9303383,26,True,Radiant
8738055187,9872667,15,False,Dire
8738044337,8494848,18,False,Radiant
8738044337,5014799,47,True,Dire
8737993354,2576071,28,False,Radiant
8737993354,9895247,40,True,Dire
8737958835,7917893,45,True,Radiant
8737958835,9098294,10,False,Dire
8737955896,9872667,17,False,Radiant
8737955896,9303383,37,True,Dire
8737879857,8494848,25,False,Radiant
8737879857,5014799,47,True,Dire
8737877182,9895247,27,True,Radiant
8737877182,9498970,15,False,Dire
8737864780,7917893,18,False,Radiant
8737864780,9098294,27,True,Dire
8737827439,9948367,51,True,Radiant
8737827439,10081431,25,False,Dire
8737799816,9895247,23,True,Radiant
8737799816,9498970,17,False,Dire
8737751581,9928636,28,True,Radiant
8737751581,10041315,11,False,Dire
8737741494,9948367,38,True,Radiant
8737741494,10081431,26,False,Dire
8737736483,9498970,35,True,Radiant
8737736483,9895247,11,False,Dire
8737735205,9426115,7,False,Radiant
8737735205,9814269,42,True,Dire
8737732388,7917893,35,True,Radiant
8737732388,9098294,28,False,Dire
8737709488,10088400,18,False,Radiant
8737709488,9906210,37,True,Dire
8737685531,9814269,40,True,Radiant
8737685531,9426115,40,False,Dire
8737680219,10041315,7,False,Radiant
8737680219,9928636,28,True,Dire
8737673659,10081431,24,True,Radiant
8737673659,9948367,13,False,Dire
8737663753,9906210,14,False,Radiant
8737663753,10088400,35,True,Dire
8737653975,8944230,23,False,Radiant
8737653975,10047487,38,True,Dire
8737652913,9426115,19,False,Radiant
8737652913,9814269,41,True,Dire
8737636269,55,42,True,Radiant
8737636269,10074637,19,False,Dire
8737611689,9814269,24,False,Radiant
8737611689,9426115,47,True,Dire
8737605784,10088400,25,False,Radiant
8737605784,9906210,42,True,Dire
8737597681,9546449,25,True,Radiant
8737597681,10047487,14,False,Dire
8737569070,55,42,True,Radiant
8737569070,10074637,18,False,Dire
8737561100,9729268,19,False,Radiant
8737561100,9593609,31,True,Dire
8737560678,9814269,45,True,Radiant
8737560678,9768243,26,False,Dire
8737526779,9768243,23,False,Radiant
8737526779,9814269,35,True,Dire
8737511589,9593609,50,True,Radiant
8737511589,9729268,31,False,Dire
8737506532,8944230,32,False,Radiant
8737506532,10081680,36,True,Dire
8737185933,9504944,31,True,Radiant
8737185933,10088079,19,False,Dire
8737168657,8936613,26,True,Radiant
8737168657,8850015,12,False,Dire
8737131804,9504944,41,True,Radiant
8737131804,10088079,31,False,Dire
8737127984,9005364,37,True,Radiant
8737127984,8849833,22,False,Dire
8737090366,8849833,23,False,Radiant
8737090366,9005364,36,True,Dire
8737070678,10088079,43,True,Radiant
8737070678,9504944,20,False,Dire
8737041855,10041315,25,False,Radiant
8737041855,10001733,30,True,Dire
8737039198,10047709,12,False,Radiant
8737039198,5014799,39,True,Dire
8737038416,9005364,34,False,Radiant
8737038416,8849833,37,True,Dire
8737024946,9026338,18,False,Radiant
8737024946,10067932,21,True,Dire
8737018987,10081431,38,False,Radiant
8737018987,9872667,45,True,Dire
8737003029,9498970,10,False,Radiant
8737003029,55,30,True,Dire
8736977138,9530716,59,True,Radiant
8736977138,9813102,31,False,Dire
8736966821,5014799,35,True,Radiant
8736966821,10047709,8,False,Dire
8736965320,10067598,35,True,Radiant
8736965320,10088014,12,False,Dire
8736944341,10041315,24,False,Radiant
8736944341,10001733,38,True,Dire
8736924720,9498970,11,False,Radiant
8736924720,55,36,True,Dire
8736895462,10088014,11,False,Radiant
8736895462,10067598,14,True,Dire
8736891827,9797883,17,False,Radiant
8736891827,9710806,39,True,Dire
8736888113,10081431,41,True,Radiant
8736888113,9872667,28,False,Dire
8736855860,55,15,False,Radiant
8736855860,9498970,39,True,Dire
8736853845,10041296,19,False,Radiant
8736853845,9948367,49,True,Dire
8736841044,8494848,32,True,Radiant
8736841044,10047709,21,False,Dire
8736840892,9729767,58,True,Radiant
8736840892,9530716,15,False,Dire
8736810536,10081431,14,False,Radiant
8736810536,9872667,32,True,Dire
8736781343,9530716,19,False,Radiant
8736781343,9729767,52,True,Dire
8736758458,9948367,37,False,Radiant
8736758458,10041296,46,True,Dire
8736748141,10047709,18,False,Radiant
8736748141,8494848,31,True,Dire
8736731439,9814269,35,True,Radiant
8736731439,8629005,25,False,Dire
8736725776,10067598,29,False,Radiant
8736725776,10088089,46,True,Dire
8736709181,9872558,49,True,Radiant
8736709181,55,34,False,Dire
8736695667,10088088,32,True,Radiant
8736695667,9504944,14,False,Dire
8736694261,10081431,25,True,Radiant
8736694261,5014799,20,False,Dire
8736682553,8831040,20,False,Radiant
8736682553,9729767,48,True,Dire
8736678026,8629005,14,False,Radiant
8736678026,9814269,36,True,Dire
8736669742,9895247,51,True,Radiant
8736669742,9824381,22,False,Dire
8736655323,9948367,25,True,Radiant
8736655323,10041296,17,False,Dire
8736652684,10088089,41,True,Radiant
8736652684,10067598,13,False,Dire
8736621837,9768243,23,False,Radiant
8736621837,9426115,33,True,Dire
8736613632,8831040,10,False,Radiant
8736613632,9729767,30,True,Dire
8736603299,55,36,False,Radiant
8736603299,9872558,33,True,Dire
8736589962,9504944,16,False,Radiant
8736589962,10088088,28,True,Dire
8736589646,10081431,26,True,Radiant
8736589646,5014799,20,False,Dire
8736567199,9895247,32,True,Radiant
8736567199,9824381,20,False,Dire
8736564286,9426115,19,False,Radiant
8736564286,9768243,37,True,Dire
8736529530,9729767,25,False,Radiant
8736529530,8831040,31,True,Dire
8736504866,9255039,7,False,Radiant
8736504866,67,28,True,Dire
8736503497,9768243,21,False,Radiant
8736503497,9426115,33,True,Dire
8736495153,9498970,13,False,Radiant
8736495153,2576071,37,True,Dire
8736455000,9948367,19,False,Radiant
8736455000,9303383,27,True,Dire
8736453554,10081431,44,True,Radiant
8736453554,10041315,25,False,Dire
8736447707,8629315,37,True,Radiant
8736447707,9878494,19,False,Dire
8736439121,9593609,20,False,Radiant
8736439121,9729268,58,True,Dire
8736409951,67,28,True,Radiant
8736409951,9255039,14,False,Dire
8736405150,9878494,15,False,Radiant
8736405150,8629315,34,True,Dire
8736399153,9498970,43,True,Radiant
8736399153,2576071,31,False,Dire
8736374063,9729268,23,True,Radiant
8736374063,9593609,20,False,Dire
8736359956,9303383,46,True,Radiant
8736359956,9948367,34,False,Dire
8736352151,9546449,39,True,Radiant
8736352151,9098294,23,False,Dire
8736341319,2443375,11,False,Radiant
8736341319,9426115,35,True,Dire
8736339285,2576071,22,True,Radiant
8736339285,9498970,6,False,Dire
8736339236,9255039,19,False,Radiant
8736339236,67,31,True,Dire
8736337564,10041315,27,True,Radiant
8736337564,10081431,34,False,Dire
8736302132,9426115,46,True,Radiant
8736302132,2443375,39,False,Dire
8736299909,8831040,56,True,Radiant
8736299909,9973477,42,False,Dire
8736289602,10081431,36,True,Radiant
8736289602,10041315,7,False,Dire
8736288421,8944230,27,True,Radiant
8736288421,9098294,8,False,Dire
8736272742,9768002,18,False,Radiant
8736272742,8629005,33,True,Dire
8736271975,9303383,39,True,Radiant
8736271975,9600141,30,False,Dire
8736255306,10067598,22,False,Radiant
8736255306,9872558,30,True,Dire
8736247594,8629005,30,True,Radiant
8736247594,9768002,11,False,Dire
8736240519,9973477,24,False,Radiant
8736240519,8831040,52,True,Dire
8736236910,9600141,23,True,Radiant
8736236910,9303383,5,False,Dire
8736215274,9425656,27,False,Radiant
8736215274,8629315,35,True,Dire
8736211318,9872558,22,True,Radiant
8736211318,10067598,12,False,Dire
8736208336,9973477,11,False,Radiant
8736208336,9593609,33,True,Dire
8736205785,10047487,26,False,Radiant
8736205785,9886289,32,True,Dire
8736191343,9600141,23,False,Radiant
8736191343,9303383,37,True,Dire
8736183479,8629315,36,True,Radiant
8736183479,9425656,32,False,Dire
8736182019,9797883,24,False,Radiant
8736182019,9973477,44,True,Dire
8736162969,9878494,49,True,Radiant
8736162969,8629005,25,False,Dire
8736159013,9886289,34,True,Radiant
8736159013,10047487,22,False,Dire
8736154865,9425656,45,True,Radiant
8736154865,8629315,31,False,Dire
8736138979,8629005,41,True,Radiant
8736138979,9878494,15,False,Dire
8736128495,9767998,29,False,Radiant
8736128495,9768243,39,True,Dire
8736127490,9973477,7,False,Radiant
8736127490,9593609,48,True,Dire
8736114739,9878494,37,True,Radiant
8736114739,8629005,20,False,Dire
8736105991,9768243,16,False,Radiant
8736105991,9767998,39,True,Dire
8736094830,7917893,15,True,Radiant
8736094830,9894442,5,False,Dire
8736084952,9768002,42,True,Radiant
8736084952,2443375,24,False,Dire
8736083249,9767998,8,False,Radiant
8736083249,9768243,29,True,Dire
8736064834,2443375,11,False,Radiant
8736064834,9768002,25,True,Dire
8736052986,9894442,17,False,Radiant
8736052986,7917893,22,True,Dire
8736003467,9005364,26,False,Radiant
8736003467,8849837,42,True,Dire
8735984392,8849837,23,True,Radiant
8735984392,9005364,13,False,Dire
8735963089,9005364,46,True,Radiant
8735963089,8849837,26,False,Dire
8735937156,8936613,16,False,Radiant
8735937156,9048057,27,True,Dire
8735920882,9048057,20,True,Radiant
8735920882,8936613,10,False,Dire
8735903160,8849833,5,False,Radiant
8735903160,9025669,21,True,Dire
8735881600,9025669,15,False,Radiant
8735881600,8849833,22,True,Dire
8735854783,8849833,15,False,Radiant
8735854783,9025669,24,True,Dire
8735821683,8850015,9,False,Radiant
8735821683,8879077,20,True,Dire
8735819319,10081431,21,False,Radiant
8735819319,9928636,28,True,Dire
8735804717,9773195,8,False,Radiant
8735804717,10007804,57,True,Dire
8735788267,8879077,15,False,Radiant
8735788267,8850015,26,True,Dire
8735761913,9928636,31,True,Radiant
8735761913,10081431,14,False,Dire
8735752131,8850015,7,False,Radiant
8735752131,8879077,16,True,Dire
8735745862,10007804,52,True,Radiant
8735745862,9677506,32,False,Dire
8735701434,10088089,47,True,Radiant
8735701434,10088094,23,False,Dire
8735684810,10081431,24,True,Radiant
8735684810,9928636,24,False,Dire
8735683839,9948367,39,False,Radiant
8735683839,10047709,36,True,Dire
8735670863,9973477,43,True,Radiant
8735670863,9729767,10,False,Dire
8735633601,10088094,10,False,Radiant
8735633601,10088089,33,True,Dire
8735627727,9872667,21,False,Radiant
8735627727,9600141,40,True,Dire
8735617539,9948367,11,False,Radiant
8735617539,10047709,31,True,Dire
8735597113,9886393,13,False,Radiant
8735597113,9928636,32,True,Dire
8735585642,9729767,20,False,Radiant
8735585642,9973477,36,True,Dire
8735563038,67,37,True,Radiant
8735563038,9303383,47,False,Dire
8735535573,9600141,42,True,Radiant
8735535573,9872667,15,False,Dire
8735529893,9455993,49,True,Radiant
8735529893,9026338,37,False,Dire
8735505908,9928636,27,True,Radiant
8735505908,9886393,13,False,Dire
8735498697,9564441,36,True,Radiant
8735498697,9729268,48,False,Dire
8735488686,9895247,25,True,Radiant
8735488686,10041315,11,False,Dire
8735486600,10088079,41,False,Radiant
8735486600,10067598,43,True,Dire
8735473869,9303383,14,False,Radiant
8735473869,67,31,True,Dire
8735471897,9768243,40,True,Radiant
8735471897,9814269,11,False,Dire
8735435989,9718665,39,False,Radiant
8735435989,9729268,29,True,Dire
8735430998,9814269,14,False,Radiant
8735430998,9768243,22,True,Dire
8735399640,9600141,44,False,Radiant
8735399640,9872558,29,True,Dire
8735382978,9895247,31,True,Radiant
8735382978,10041315,8,False,Dire
8735377440,10067598,36,True,Radiant
8735377440,10088079,14,False,Dire
8735375240,9768243,21,False,Radiant
8735375240,9814269,42,True,Dire
8735373226,9872667,35,True,Radiant
8735373226,5014799,26,False,Dire
8735372496,55,19,False,Radiant
8735372496,9303383,25,True,Dire
8735353791,9729268,6,False,Radiant
8735353791,9564441,35,True,Dire
8735316790,8629315,42,True,Radiant
8735316790,2443375,31,False,Dire
8735298054,9872558,40,True,Radiant
8735298054,9600141,28,False,Dire
8735281161,5014799,8,False,Radiant
8735281161,9872667,31,True,Dire
8735270277,9530716,43,False,Radiant
8735270277,8831040,57,True,Dire
8735250651,2443375,37,False,Radiant
8735250651,8629315,47,True,Dire
8735239684,55,39,True,Radiant
8735239684,9303383,32,False,Dire
8735226880,9504944,37,True,Radiant
8735226880,10088079,46,False,Dire
8735205353,9600141,32,True,Radiant
8735205353,9872558,15,False,Dire
8735189244,9767998,29,True,Radiant
8735189244,9425656,24,False,Dire
8735156098,8831040,53,True,Radiant
8735156098,9530716,42,False,Dire
8735137842,9303383,30,True,Radiant
8735137842,55,23,False,Dire
8735137448,9425656,14,False,Radiant
8735137448,9767998,44,True,Dire
8735134998,10088079,25,False,Radiant
8735134998,9504944,38,True,Dire
8735130980,10067598,13,False,Radiant
8735130980,9895247,33,True,Dire
8735091109,5014799,47,True,Radiant
8735091109,9824381,19,False,Dire
8735073516,9729268,43,True,Radiant
8735073516,9691942,29,False,Dire
8735070981,9895247,45,True,Radiant
8735070981,10067598,16,False,Dire
8735066227,9426115,33,True,Radiant
8735066227,9814269,31,False,Dire
8735029197,9814269,25,False,Radiant
8735029197,9426115,38,True,Dire
8735019638,5014799,47,True,Radiant
8735019638,9824381,20,False,Dire
8735014902,9593609,46,True,Radiant
8735014902,9729268,37,False,Dire
8735008407,9879852,12,False,Radiant
8735008407,10081680,25,True,Dire
8734998975,9878494,19,False,Radiant
8734998975,8629005,27,True,Dire
8734988695,9872558,32,True,Radiant
8734988695,9498970,15,False,Dire
8734979158,9729268,38,True,Radiant
8734979158,9593609,38,False,Dire
8734972505,9879852,28,True,Radiant
8734972505,10081680,14,False,Dire
8734966565,8629005,39,True,Radiant
8734966565,9878494,22,False,Dire
8734940584,9768243,26,True,Radiant
8734940584,2443375,15,False,Dire
8734932208,9498970,18,False,Radiant
8734932208,9872558,32,True,Dire
8734926782,9879852,7,False,Radiant
8734926782,10081680,27,True,Dire
8734916288,2443375,7,False,Radiant
8734916288,9768243,32,True,Dire
8734901551,9593609,27,False,Radiant
8734901551,8831040,28,True,Dire
8734892768,9767998,26,True,Radiant
8734892768,8629315,18,False,Dire
8734891963,7917893,29,True,Radiant
8734891963,10047487,14,False,Dire
8734877550,9768002,32,False,Radiant
8734877550,9425656,39,True,Dire
8734868614,8831040,32,True,Radiant
8734868614,9593609,7,False,Dire
8734865602,8629315,21,False,Radiant
8734865602,9767998,41,True,Dire
8734854403,9425656,36,True,Radiant
8734854403,9768002,10,False,Dire
8734849370,7917893,38,True,Radiant
8734849370,10047487,21,False,Dire
8734845746,9767998,13,False,Radiant
8734845746,8629315,39,True,Dire
8734836807,9814269,12,False,Radiant
8734836807,9426115,31,True,Dire
8734817555,9426115,27,True,Radiant
8734817555,9814269,17,False,Dire
8734798881,7917893,25,False,Radiant
8734798881,10047487,41,True,Dire
8734758223,9005364,8,False,Radiant
8734758223,9025669,31,True,Dire
8734734985,9025669,37,True,Radiant
8734734985,9005364,22,False,Dire
8734713715,8849837,35,True,Radiant
8734713715,8850015,20,False,Dire
8734697850,8850015,28,True,Radiant
8734697850,8849837,14,False,Dire
8734673000,8849837,36,True,Radiant
8734673000,8850015,23,False,Dire
8734655209,8879077,27,True,Radiant
8734655209,9048057,17,False,Dire
8734635371,9048057,26,True,Radiant
8734635371,8879077,22,False,Dire
8734608232,8879077,45,True,Radiant
8734608232,9048057,31,False,Dire
8734605739,10047709,43,True,Radiant
8734605739,9824381,26,False,Dire
8734587284,9828921,35,True,Radiant
8734587284,9691942,21,False,Dire
8734578258,8936613,9,False,Radiant
8734578258,8849833,29,True,Dire
8734569333,10047709,33,True,Radiant
8734569333,9824381,14,False,Dire
8734547140,9691942,19,False,Radiant
8734547140,9828921,51,True,Dire
8734545641,8849833,21,False,Radiant
8734545641,8936613,31,True,Dire
8734517487,10047709,6,False,Radiant
8734517487,9824381,25,True,Dire
8734507601,8936613,16,False,Radiant
8734507601,8849833,27,True,Dire
8734500532,9828921,24,False,Radiant
8734500532,9691942,48,True,Dire
8734456905,10027435,35,False,Radiant
8734456905,10001733,34,True,Dire
8783555953,9025669,24,False,Radiant
8783555953,8849837,31,True,Dire
8783535140,8849837,34,True,Radiant
8783535140,9025669,23,False,Dire
8783510038,9025669,28,True,Radiant
8783510038,8849837,14,False,Dire
8783477559,9005364,20,False,Radiant
8783477559,8850016,33,True,Dire
8783442804,8850016,38,True,Radiant
8783442804,9005364,27,False,Dire
8783405690,9005364,24,True,Radiant
8783405690,8850016,10,False,Dire
8783374933,10122651,36,True,Radiant
8783374933,9684245,9,False,Dire
8783326059,10122651,42,True,Radiant
8783326059,9684245,8,False,Dire
8783255311,9684245,42,True,Radiant
8783255311,10122651,25,False,Dire
8783198427,8255888,26,True,Radiant
8783198427,7119388,4,False,Dire
8783134044,10121883,38,False,Radiant
8783134044,9397016,52,True,Dire
8783105237,7119388,5,False,Radiant
8783105237,8255888,32,True,Dire
8783046460,9397016,51,True,Radiant
8783046460,10121883,32,False,Dire
8783046434,9814269,29,False,Radiant
8783046434,9768243,46,True,Dire
8783006717,9247354,13,False,Radiant
8783006717,2163,33,True,Dire
8782988989,9768243,26,True,Radiant
8782988989,9814269,16,False,Dire
8782965033,10108713,14,False,Radiant
8782965033,10108947,42,True,Dire
8782952765,10121883,35,True,Radiant
8782952765,9530716,25,False,Dire
8782930341,8629315,38,False,Radiant
8782930341,2443375,44,True,Dire
8782920537,10108947,16,True,Radiant
8782920537,10108713,1,False,Dire
8782878079,2443375,25,True,Radiant
8782878079,8629315,13,False,Dire
8782877140,9828921,19,False,Radiant
8782877140,10121883,39,True,Dire
8782870472,9247354,25,False,Radiant
8782870472,2163,42,True,Dire
8782870288,9600141,46,True,Radiant
8782870288,9973656,18,False,Dire
8782867414,9303383,33,True,Radiant
8782867414,8680909,3,False,Dire
8782851195,55,42,True,Radiant
8782851195,9678463,40,False,Dire
8782845762,9593609,61,False,Radiant
8782845762,10095351,53,True,Dire
8782822873,9767998,18,False,Radiant
8782822873,9425656,35,True,Dire
8782786363,9593609,24,False,Radiant
8782786363,10095351,43,True,Dire
8782782376,9600141,48,True,Radiant
8782782376,9973656,12,False,Dire
8782781890,9303383,33,True,Radiant
8782781890,8680909,14,False,Dire
8782776059,9425656,37,True,Radiant
8782776059,9767998,12,False,Dire
8782773613,55,25,True,Radiant
8782773613,9678463,11,False,Dire
8782773236,10108713,39,True,Radiant
8782773236,10108947,42,False,Dire
8782750796,9303484,30,False,Radiant
8782750796,9467224,31,True,Dire
8782723524,9098294,24,True,Radiant
8782723524,9879852,13,False,Dire
8782722935,10095351,19,False,Radiant
8782722935,9593609,35,True,Dire
8782706180,9885310,13,False,Radiant
8782706180,9255039,27,True,Dire
8782704043,7299465,11,False,Radiant
8782704043,5014799,37,True,Dire
8782678248,9467224,33,True,Radiant
8782678248,9303484,17,False,Dire
8782673276,9426115,26,True,Radiant
8782673276,9814269,11,False,Dire
8782664821,9886115,27,False,Radiant
8782664821,9593609,50,True,Dire
8782664642,9098294,39,True,Radiant
8782664642,9879852,18,False,Dire
8782663412,7299465,36,True,Radiant
8782663412,5014799,7,False,Dire
8782650848,9928636,17,False,Radiant
8782650848,9895247,41,True,Dire
8782646164,9885310,41,True,Radiant
8782646164,9255039,21,False,Dire
8782639708,9814269,19,False,Radiant
8782639708,9426115,26,True,Dire
8782625329,9572001,23,True,Radiant
8782625329,10108947,13,False,Dire
8782624979,9886115,34,True,Radiant
8782624979,9593609,27,False,Dire
8782611362,9255039,28,True,Radiant
8782611362,9885310,11,False,Dire
8782608765,9895247,23,True,Radiant
8782608765,9928636,6,False,Dire
8782607658,9879852,38,True,Radiant
8782607658,9098294,15,False,Dire
8782604707,5014799,25,True,Radiant
8782604707,7299465,19,False,Dire
8782601418,9878494,33,True,Radiant
8782601418,8629005,15,False,Dire
8782584741,9593609,42,True,Radiant
8782584741,9886115,25,False,Dire
8782581053,10108947,13,False,Radiant
8782581053,9572001,26,True,Dire
8782565352,8629005,35,False,Radiant
8782565352,9878494,39,True,Dire
8782560260,9098294,36,True,Radiant
8782560260,9879852,22,False,Dire
8782545181,9564441,43,True,Radiant
8782545181,9743822,18,False,Dire
8782534661,2443375,15,False,Radiant
8782534661,9768243,34,True,Dire
8782527726,9572001,22,False,Radiant
8782527726,10108947,40,True,Dire
8782523384,9768002,37,True,Radiant
8782523384,9425656,25,False,Dire
8782516296,9879852,32,True,Radiant
8782516296,9098294,11,False,Dire
8782503956,9768243,30,False,Radiant
8782503956,2443375,43,True,Dire
8782499239,9425656,23,False,Radiant
8782499239,9768002,27,True,Dire
8782495542,9564441,49,True,Radiant
8782495542,9743822,26,False,Dire
8782476881,2443375,28,False,Radiant
8782476881,9768243,34,True,Dire
8782474270,9426115,37,True,Radiant
8782474270,9814269,24,False,Dire
8782458265,9743822,42,True,Radiant
8782458265,9564441,40,False,Dire
8782451273,8629315,35,True,Radiant
8782451273,9767998,17,False,Dire
8782449967,9814269,11,False,Radiant
8782449967,9426115,41,True,Dire
8782444414,7917893,42,False,Radiant
8782444414,9879852,33,True,Dire
8782425749,9426115,21,False,Radiant
8782425749,9814269,43,True,Dire
8782425154,9767998,15,False,Radiant
8782425154,8629315,29,True,Dire
8782421758,9628678,35,False,Radiant
8782421758,9878408,34,True,Dire
8782390301,9878408,31,True,Radiant
8782390301,9628678,29,False,Dire
8782390024,7917893,13,False,Radiant
8782390024,9879852,32,True,Dire
