external_id,match_date,duration,patch,tournament_external_id
8773164413,2026-04-15T23:02:40,1643,60,19201
8773163240,2026-04-15T23:02:42,2873,60,19503
8773144900,2026-04-15T22:18:30,1713,60,19201
8773135284,2026-04-15T22:02:07,1430,60,19503
8773116005,2026-04-15T21:32:00,2138,60,19201
8773081143,2026-04-15T20:43:39,2073,60,19201
8773063531,2026-04-15T20:22:26,1609,60,19503
8773045946,2026-04-15T20:02:36,1632,60,19201
8773027499,2026-04-15T19:40:53,2060,60,18867
8772993641,2026-04-15T19:10:48,2208,60,19503
8772930238,2026-04-15T18:12:29,4178,60,18867
8772862779,2026-04-15T17:21:08,2637,60,19503
8772859813,2026-04-15T17:14:42,1967,60,18867
8772835058,2026-04-15T16:56:56,3795,60,18866
8772776996,2026-04-15T16:08:45,1724,60,18959
8772775906,2026-04-15T16:08:42,2495,60,19503
8772774254,2026-04-15T16:06:16,2934,60,18867
8772756790,2026-04-15T15:53:03,2505,60,18866
8772724497,2026-04-15T15:30:46,1712,60,18959
8772693853,2026-04-15T15:07:53,1927,60,18867
8772680011,2026-04-15T15:00:29,1571,60,18866
8772666670,2026-04-15T14:48:12,1682,60,18959
8772612655,2026-04-15T14:10:32,1668,60,18959
8772608912,2026-04-15T14:07:17,1193,60,18867
8772555332,2026-04-15T13:29:48,1739,60,18959
8772546524,2026-04-15T13:22:56,1930,60,18866
8772522712,2026-04-15T13:05:48,2499,60,18867
8772498058,2026-04-15T12:47:00,2104,60,18867
8772492705,2026-04-15T12:41:48,1873,60,18959
8772447814,2026-04-15T12:03:27,1751,60,18959
8772444429,2026-04-15T12:03:52,2553,60,18866
8772415364,2026-04-15T11:31:20,3540,60,18867
8772384512,2026-04-15T10:59:47,1834,60,18959
8772360630,2026-04-15T10:35:02,2473,60,18867
8772350546,2026-04-15T10:19:00,1873,60,18959
8772345621,2026-04-15T10:12:04,2705,60,18866
8772318848,2026-04-15T09:36:46,1713,60,18959
8772316010,2026-04-15T09:32:26,2219,60,18867
8772281743,2026-04-15T08:45:43,1777,60,18959
8772277447,2026-04-15T08:57:44,2696,60,18866
8772273885,2026-04-15T08:32:36,2379,60,18867
8772251711,2026-04-15T08:00:01,1843,60,18959
8772231847,2026-04-15T07:33:13,1800,60,18867
8772220872,2026-04-15T07:11:49,1988,60,18959
8772199908,2026-04-15T06:35:48,2012,60,18959
8772196391,2026-04-15T06:30:08,1924,60,18959
8772192452,2026-04-15T06:22:12,2125,60,18867
8772177233,2026-04-15T05:55:19,1813,60,18959
8772171845,2026-04-15T05:46:53,2072,60,18959
8772160467,2026-04-15T05:24:49,1531,60,18867
8773210139,2026-04-16T00:24:37+00:00,1656,60,19201
8773192961,2026-04-15T23:44:04+00:00,1852,60,19201
8772145373,2026-04-15T04:55:53+00:00,2044,60,18959
8772144681,2026-04-15T04:55:42+00:00,1709,60,18959
8772125460,2026-04-15T04:18:18+00:00,2326,60,18867
8772123748,2026-04-15T04:15:05+00:00,2428,60,18865
8772122045,2026-04-15T04:12:57+00:00,1972,60,18959
8772119938,2026-04-15T04:09:22+00:00,1931,60,18959
8772099290,2026-04-15T03:27:49+00:00,1951,60,19502
8772095327,2026-04-15T03:21:17+00:00,2525,60,18867
8772088364,2026-04-15T03:11:37+00:00,2094,60,18865
8772078390,2026-04-15T02:47:03+00:00,1489,60,19502
8772062569,2026-04-15T02:15:26+00:00,4013,60,19448
8772060414,2026-04-15T02:10:52+00:00,1202,60,19502
8772057231,2026-04-15T02:05:06+00:00,1574,60,19201
8772039814,2026-04-15T01:26:21+00:00,1716,60,19201
8772030835,2026-04-15T01:05:37+00:00,1301,60,19502
8772021404,2026-04-15T00:46:06+00:00,1635,60,19201
8772012963,2026-04-15T00:26:08+00:00,4157,60,19448
8772003939,2026-04-15T00:05:49+00:00,2058,60,19502
8772000724,2026-04-14T23:59:14+00:00,1828,60,19201
8771985360,2026-04-14T23:23:58+00:00,1602,60,19201
8771982857,2026-04-14T23:18:01+00:00,2197,60,19448
8771979685,2026-04-14T23:11:30+00:00,1753,60,19502
8771978390,2026-04-14T23:12:03+00:00,1777,60,19503
8771966431,2026-04-14T22:45:19+00:00,1764,60,19201
8771950914,2026-04-14T22:14:57+00:00,3546,60,19448
8771915732,2026-04-14T21:20:38+00:00,1699,60,19201
8771908040,2026-04-14T21:08:05+00:00,1745,60,19448
8771903245,2026-04-14T21:02:56+00:00,2266,60,19448
8771896823,2026-04-14T20:55:03+00:00,1659,60,19503
8771881987,2026-04-14T20:36:48+00:00,1806,60,19201
8771849856,2026-04-14T20:06:40+00:00,1752,60,19448
8771849353,2026-04-14T20:00:41+00:00,1476,60,19201
8771842603,2026-04-14T19:52:10+00:00,2725,60,18866
8771836796,2026-04-14T19:54:26+00:00,1642,60,19503
8771831491,2026-04-14T19:41:00+00:00,3205,60,18867
8771808831,2026-04-14T19:23:58+00:00,2362,60,19448
8771795286,2026-04-14T19:07:52+00:00,1384,60,18867
8771742393,2026-04-14T18:25:56+00:00,2982,60,19503
8771740540,2026-04-14T18:26:36+00:00,3332,60,18866
8771733676,2026-04-14T18:15:30+00:00,2029,60,18867
8771720467,2026-04-14T18:05:04+00:00,2780,60,19448
8771667663,2026-04-14T17:25:15+00:00,1987,60,18867
8771661539,2026-04-14T17:18:54+00:00,1212,60,19448
8771651304,2026-04-14T17:13:21+00:00,2570,60,19503
8771647303,2026-04-14T17:16:15+00:00,2485,60,18866
8771948020,2026-04-14T22:10:40+00:00,2168,60,19448
8771945949,2026-04-14T22:07:52+00:00,2242,60,19503
8771938733,2026-04-14T22:00:11+00:00,2081,60,19201
8773226934,2026-04-16T01:05:46+00:00,1694,60,19201
8771637279,2026-04-14T17:00:18+00:00,2100,60,19448
8771613554,2026-04-14T16:45:57+00:00,2126,60,19448
8771584298,2026-04-14T16:21:26+00:00,1527,60,18867
8771577847,2026-04-14T16:16:05+00:00,1654,60,18959
8771577074,2026-04-14T16:15:04+00:00,1884,60,18866
8771575711,2026-04-14T16:14:29+00:00,1973,60,19503
8771545553,2026-04-14T15:52:06+00:00,2296,60,19448
8771531671,2026-04-14T15:42:41+00:00,1429,60,18959
8771519532,2026-04-14T15:33:35+00:00,2246,60,19448
8771502135,2026-04-14T15:21:19+00:00,2688,60,18867
8771469496,2026-04-14T15:00:32+00:00,2028,60,18959
8771465420,2026-04-14T15:02:40+00:00,2596,60,18866
8771417171,2026-04-14T14:25:07+00:00,3414,60,19448
8771398338,2026-04-14T14:12:57+00:00,2594,60,19503
8771395659,2026-04-14T14:11:51+00:00,2173,60,18959
8771393482,2026-04-14T14:10:24+00:00,2478,60,18867
8771377141,2026-04-14T14:01:32+00:00,3480,60,19448
8771330557,2026-04-14T13:30:14+00:00,1908,60,18959
8771315035,2026-04-14T13:20:26+00:00,2128,60,19448
8771290592,2026-04-14T13:05:52+00:00,2185,60,19503
8771270777,2026-04-14T12:48:02+00:00,2459,60,18867
8771270456,2026-04-14T12:48:40+00:00,1783,60,18959
8771216355,2026-04-14T12:06:33+00:00,1905,60,18959
8771187999,2026-04-14T11:52:11+00:00,2241,60,19448
8771176095,2026-04-14T11:32:03+00:00,3416,60,18867
8771168740,2026-04-14T11:23:56+00:00,2385,60,19448
8771159660,2026-04-14T11:14:57+00:00,2115,60,19448
8771139799,2026-04-14T10:54:29+00:00,1595,60,19448
8771122196,2026-04-14T10:35:13+00:00,1684,60,19448
8771114054,2026-04-14T10:25:53+00:00,1532,60,19448
8771098914,2026-04-14T10:10:27+00:00,1423,60,18959
8771090952,2026-04-14T09:58:45+00:00,1885,60,18867
8771090406,2026-04-14T10:01:19+00:00,2553,60,19448
8771072179,2026-04-14T09:48:47+00:00,2631,60,19448
8771070305,2026-04-14T09:34:11+00:00,1543,60,18959
8771055032,2026-04-14T09:12:28+00:00,3013,60,19448
8771051434,2026-04-14T09:08:24+00:00,2002,60,18867
8771037293,2026-04-14T08:48:23+00:00,1763,60,19448
8771035859,2026-04-14T08:46:55+00:00,1795,60,18959
8771033118,2026-04-14T09:03:13+00:00,4867,60,19448
8771005146,2026-04-14T08:03:33+00:00,1719,60,18959
8771000125,2026-04-14T08:00:01+00:00,1174,60,19448
8770996605,2026-04-14T08:11:16+00:00,1786,60,19448
8770984518,2026-04-14T07:32:33+00:00,2672,60,18867
8770969060,2026-04-14T07:10:05+00:00,2002,60,18959
8770967122,2026-04-14T07:07:38+00:00,1821,60,18959
8770950146,2026-04-14T06:39:56+00:00,2090,60,18867
8770945218,2026-04-14T06:41:01+00:00,2246,60,19448
8770716224,2026-04-13T23:28:09+00:00,1654,60,19448
8770711352,2026-04-13T23:04:44+00:00,1810,60,19502
8770708794,2026-04-13T23:03:55+00:00,2572,60,19503
8770699223,2026-04-13T22:42:26+00:00,1947,60,19201
8770689953,2026-04-13T22:24:08+00:00,1842,60,19448
8770686611,2026-04-13T22:18:11+00:00,2726,60,19448
8770678222,2026-04-13T22:08:54+00:00,1451,60,19503
8770673742,2026-04-13T21:58:50+00:00,2085,60,19201
8770648807,2026-04-13T21:21:25+00:00,1543,60,19201
8770636166,2026-04-13T21:05:45+00:00,2374,60,19448
8770630007,2026-04-13T21:00:02+00:00,3050,60,19448
8770616434,2026-04-13T20:41:18+00:00,3246,60,19448
8770613911,2026-04-13T20:39:14+00:00,1823,60,19201
8770589525,2026-04-13T20:14:06+00:00,2516,60,19503
8770579211,2026-04-13T20:01:10+00:00,1541,60,19201
8770558138,2026-04-13T19:41:27+00:00,2695,60,19448
8770550929,2026-04-13T19:33:43+00:00,2158,60,19448
8770515203,2026-04-13T19:05:38+00:00,2498,60,19503
8770470368,2026-04-13T18:25:24+00:00,2683,60,19448
8770459198,2026-04-13T18:16:29+00:00,2119,60,19448
8770456297,2026-04-13T18:16:11+00:00,2650,60,19448
8770453510,2026-04-13T18:12:07+00:00,3255,60,19448
8770449153,2026-04-13T18:08:42+00:00,2793,60,19448
8770395461,2026-04-13T17:30:02+00:00,1564,60,18959
8770372144,2026-04-13T17:08:20+00:00,1973,60,19448
8770371214,2026-04-13T17:07:38+00:00,1996,60,19448
8770362797,2026-04-13T17:02:20+00:00,3099,60,19448
8770356923,2026-04-13T16:58:03+00:00,2509,60,19448
8770347238,2026-04-13T17:00:12+00:00,2561,60,19448
8770342863,2026-04-13T17:00:05+00:00,2446,60,19448
8770312495,2026-04-13T16:23:53+00:00,1347,60,18959
8770282236,2026-04-13T16:03:29+00:00,1703,60,19448
8770261466,2026-04-13T15:46:48+00:00,1567,60,18959
8770207175,2026-04-13T15:09:15+00:00,4326,60,19448
8770186240,2026-04-13T14:56:21+00:00,2237,60,18959
8770150523,2026-04-13T14:43:10+00:00,2531,60,19448
8770148606,2026-04-13T14:34:10+00:00,2104,60,19503
8770130252,2026-04-13T14:18:24+00:00,1800,60,19448
8770126755,2026-04-13T14:16:39+00:00,1704,60,18959
8770119366,2026-04-13T14:11:15+00:00,1704,60,18866
8770109795,2026-04-13T14:06:08+00:00,1802,60,19448
8770109769,2026-04-13T14:05:05+00:00,2450,60,18867
8770107089,2026-04-13T14:16:07+00:00,2849,60,19448
8770095630,2026-04-13T13:55:48+00:00,2542,60,19448
8770076857,2026-04-13T13:43:29+00:00,2386,60,18477
8770055476,2026-04-13T13:29:58+00:00,2197,60,18959
8770051414,2026-04-13T13:26:33+00:00,2603,60,19448
8770042265,2026-04-13T13:21:05+00:00,1593,60,18867
8770036212,2026-04-13T13:16:11+00:00,2320,60,19448
8770025868,2026-04-13T13:09:03+00:00,2000,60,19448
8770023002,2026-04-13T13:07:06+00:00,2508,60,19448
8770021085,2026-04-13T13:05:47+00:00,1920,60,18866
8770011014,2026-04-13T13:03:51+00:00,3289,60,19503
8770000838,2026-04-13T13:01:00+00:00,1430,60,19448
8769999753,2026-04-13T12:59:45+00:00,2633,60,19448
8769994998,2026-04-13T12:47:35+00:00,1831,60,18959
8769981356,2026-04-13T12:37:12+00:00,1283,60,18867
8769974986,2026-04-13T12:33:53+00:00,2905,60,19448
8769955254,2026-04-13T12:17:09+00:00,2328,60,18477
8769936137,2026-04-13T12:01:45+00:00,2483,60,19448
8769933892,2026-04-13T12:01:43+00:00,2212,60,18959
8769923622,2026-04-13T12:00:20+00:00,2083,60,19448
8769922066,2026-04-13T12:00:04+00:00,3124,60,19448
8769919843,2026-04-13T12:00:32+00:00,2138,60,19448
8769912799,2026-04-13T11:51:49+00:00,2520,60,18866
8769907403,2026-04-13T11:43:28+00:00,2236,60,18867
8769903842,2026-04-13T11:33:31+00:00,1623,60,19448
8769882982,2026-04-13T11:19:01+00:00,1886,60,19448
8769864863,2026-04-13T10:56:01+00:00,1380,60,18959
8769840179,2026-04-13T10:29:31+00:00,2205,60,18867
8769830380,2026-04-13T10:18:06+00:00,1521,60,18959
8769829130,2026-04-13T10:16:20+00:00,1912,60,19448
8769828782,2026-04-13T10:15:53+00:00,2237,60,19448
8769824716,2026-04-13T10:13:09+00:00,2767,60,19448
8769823322,2026-04-13T10:21:09+00:00,2210,60,19448
8769821387,2026-04-13T10:07:18+00:00,4256,60,18866
8769793466,2026-04-13T09:35:22+00:00,1953,60,18959
8769784720,2026-04-13T09:20:18+00:00,1943,60,19448
8769784265,2026-04-13T09:19:40+00:00,3071,60,18867
8769781553,2026-04-13T09:15:56+00:00,2088,60,19448
8769779484,2026-04-13T09:13:12+00:00,2093,60,19448
8769775657,2026-04-13T09:08:09+00:00,1505,60,19448
8769772476,2026-04-13T09:06:32+00:00,1959,60,18866
8769763171,2026-04-13T09:00:47+00:00,2653,60,19448
8769757960,2026-04-13T09:00:03+00:00,2780,60,19448
8769755265,2026-04-13T08:42:22+00:00,2050,60,18959
8769749972,2026-04-13T08:34:27+00:00,1800,60,18867
8769741411,2026-04-13T08:31:27+00:00,2462,60,18865
8769724301,2026-04-13T08:02:30+00:00,1769,60,19448
8769722574,2026-04-13T07:54:55+00:00,1878,60,18959
8769722056,2026-04-13T08:00:47+00:00,2658,60,19448
8769721570,2026-04-13T08:00:34+00:00,2320,60,19448
8769720959,2026-04-13T08:02:44+00:00,2765,60,19448
8769706626,2026-04-13T07:30:19+00:00,2066,60,18865
8769696616,2026-04-13T07:17:40+00:00,2583,60,18867
8769690016,2026-04-13T07:05:39+00:00,1626,60,18959
8769688103,2026-04-13T07:01:56+00:00,2196,60,18959
8769664172,2026-04-13T06:20:30+00:00,2417,60,18867
8769663689,2026-04-13T06:20:51+00:00,1872,60,18959
8769661745,2026-04-13T06:17:32+00:00,2117,60,18959
8769655367,2026-04-13T06:17:07+00:00,1696,60,18865
8769650815,2026-04-13T06:04:34+00:00,3054,60,19448
8769640098,2026-04-13T05:38:46+00:00,1747,60,18959
8769637600,2026-04-13T05:33:23+00:00,1573,60,19448
8769637433,2026-04-13T05:35:04+00:00,1755,60,18959
8769630799,2026-04-13T05:22:11+00:00,2592,60,18867
8769627439,2026-04-13T05:15:10+00:00,2141,60,19448
8769624896,2026-04-13T05:10:29+00:00,1544,60,19448
8769624724,2026-04-13T05:10:11+00:00,2060,60,19448
8769615873,2026-04-13T04:54:12+00:00,1969,60,18959
8769612526,2026-04-13T04:49:29+00:00,1839,60,18959
8769592190,2026-04-13T04:09:41+00:00,2417,60,18867
8769591749,2026-04-13T04:09:30+00:00,1980,60,18959
8769589100,2026-04-13T04:05:31+00:00,1779,60,18959
8769582850,2026-04-13T04:01:03+00:00,2413,60,19448
8769581167,2026-04-13T04:02:12+00:00,3586,60,19448
8769579105,2026-04-13T04:00:40+00:00,2618,60,19448
8769574745,2026-04-13T04:00:16+00:00,2352,60,19448
8769562526,2026-04-13T03:14:27+00:00,2237,60,18867
8769558261,2026-04-13T03:07:44+00:00,2100,60,19448
8769556904,2026-04-13T03:03:31+00:00,933,60,19502
8769546271,2026-04-13T02:52:10+00:00,2006,60,19448
8769536554,2026-04-13T02:26:34+00:00,1122,60,19502
8769531082,2026-04-13T02:16:28+00:00,1301,60,19448
8769530051,2026-04-13T02:15:03+00:00,1813,60,19201
8769520059,2026-04-13T01:56:10+00:00,1570,60,19448
8769508396,2026-04-13T01:34:16+00:00,1996,60,19502
8769506988,2026-04-13T01:32:09+00:00,1967,60,19201
8769491328,2026-04-13T01:02:12+00:00,2377,60,19448
8769490573,2026-04-13T01:01:33+00:00,1446,60,19448
8769483475,2026-04-13T00:47:40+00:00,1897,60,19201
8769479682,2026-04-13T00:38:38+00:00,1624,60,19502
8769460694,2026-04-13T00:02:53+00:00,1961,60,19201
8769456530,2026-04-12T23:53:49+00:00,1712,60,19502
8769442712,2026-04-12T23:32:39+00:00,2498,60,19448
8769438693,2026-04-12T23:21:48+00:00,1610,60,19201
8769435282,2026-04-12T23:15:27+00:00,1174,60,19467
8769433496,2026-04-12T23:11:38+00:00,1172,60,19502
8769418284,2026-04-12T22:46:02+00:00,1558,60,19201
8769400780,2026-04-12T22:17:52+00:00,2601,60,19448
8769394113,2026-04-12T22:08:51+00:00,1488,60,19467
8769394033,2026-04-12T22:09:52+00:00,1498,60,19201
8769392037,2026-04-12T22:05:01+00:00,1536,60,19448
8769366185,2026-04-12T21:30:42+00:00,1681,60,19201
8769363314,2026-04-12T21:27:02+00:00,3056,60,19467
8769341364,2026-04-12T21:02:33+00:00,2075,60,19448
8769339040,2026-04-12T21:03:44+00:00,2376,60,19448
8769331633,2026-04-12T20:50:34+00:00,1858,60,19201
8769321570,2026-04-12T20:44:18+00:00,1622,60,19448
8769291987,2026-04-12T20:11:05+00:00,1766,60,19201
8769288646,2026-04-12T20:07:44+00:00,2830,60,19467
8769245008,2026-04-12T19:28:17+00:00,2513,60,19448
8769240146,2026-04-12T19:34:14+00:00,2666,60,19448
8769220424,2026-04-12T19:07:50+00:00,2935,60,18866
8769210783,2026-04-12T19:13:03+00:00,4010,60,19448
8769169796,2026-04-12T18:28:15+00:00,2641,60,19448
8769160697,2026-04-12T18:21:27+00:00,2018,60,18867
8769156333,2026-04-12T18:18:02+00:00,1466,60,19448
8769147161,2026-04-12T18:11:06+00:00,2865,60,19448
8769136722,2026-04-12T18:03:15+00:00,1336,60,19448
8769132568,2026-04-12T18:01:38+00:00,3141,60,19448
8769132285,2026-04-12T18:02:53+00:00,2011,60,18866
8769092897,2026-04-12T17:30:22+00:00,1850,60,18867
8769051167,2026-04-12T17:04:57+00:00,1759,60,19448
8769049388,2026-04-12T17:00:17+00:00,1972,60,19448
8769031848,2026-04-12T17:00:12+00:00,2442,60,19448
8769030322,2026-04-12T16:45:52+00:00,1666,60,18867
8769027413,2026-04-12T16:59:05+00:00,2879,60,19448
8768995011,2026-04-12T16:22:13+00:00,2900,60,19448
8768934224,2026-04-12T15:40:14+00:00,1509,60,18867
8768894035,2026-04-12T15:14:41+00:00,2617,60,19448
8768888971,2026-04-12T15:11:33+00:00,2397,60,19448
8768843598,2026-04-12T14:43:51+00:00,2123,60,19448
8768824602,2026-04-12T14:34:14+00:00,2685,60,18867
8768786182,2026-04-12T14:10:19+00:00,2961,60,19448
8768769661,2026-04-12T14:02:18+00:00,2559,60,19448
8768767328,2026-04-12T14:02:27+00:00,2409,60,19448
8768731606,2026-04-12T13:38:33+00:00,1082,60,19448
8768719210,2026-04-12T13:40:03+00:00,1439,60,18867
8768693713,2026-04-12T13:16:10+00:00,3071,60,19448
8768688669,2026-04-12T13:13:08+00:00,2362,60,19448
8768652831,2026-04-12T13:10:08+00:00,3704,60,19448
8768650953,2026-04-12T12:50:15+00:00,1388,60,19448
8768649212,2026-04-12T13:01:55+00:00,2410,60,19448
8768639312,2026-04-12T12:42:59+00:00,1865,60,18867
8768564420,2026-04-12T12:00:18+00:00,2519,60,19448
8768559871,2026-04-12T12:00:10+00:00,1238,60,19448
8768555805,2026-04-12T12:00:10+00:00,3950,60,19448
8768553107,2026-04-12T11:55:21+00:00,1955,60,19448
8768544040,2026-04-12T12:00:00+00:00,2620,60,19448
8768534562,2026-04-12T11:35:44+00:00,2612,60,18867
8768509968,2026-04-12T11:29:17+00:00,2724,60,19448
8768493467,2026-04-12T11:02:02+00:00,2414,60,19448
8768492761,2026-04-12T11:01:30+00:00,1894,60,19448
8768467447,2026-04-12T10:42:16+00:00,2516,60,18959
8768463356,2026-04-12T10:38:03+00:00,2945,60,19448
8768455210,2026-04-12T10:32:18+00:00,1849,60,18867
8768426002,2026-04-12T10:07:13+00:00,2806,60,19448
8768416998,2026-04-12T10:01:09+00:00,2056,60,19448
8768416436,2026-04-12T10:01:20+00:00,1587,60,19448
8768411666,2026-04-12T09:59:17+00:00,1723,60,18959
8768407331,2026-04-12T09:51:19+00:00,1597,60,18867
8768397486,2026-04-12T09:54:08+00:00,3286,60,19448
8768379285,2026-04-12T09:27:23+00:00,1564,60,19448
8768354519,2026-04-12T09:06:40+00:00,2510,60,19448
8768353857,2026-04-12T09:08:34+00:00,2004,60,18959
8768352277,2026-04-12T09:05:22+00:00,1722,60,18867
8768344469,2026-04-12T08:58:03+00:00,1429,60,19448
8768337245,2026-04-12T09:00:16+00:00,2206,60,19448
8768337141,2026-04-12T09:01:31+00:00,3449,60,19448
8768303839,2026-04-12T08:24:04+00:00,1894,60,18959
8768269137,2026-04-12T08:01:13+00:00,2098,60,19448
8768267843,2026-04-12T08:00:03+00:00,1783,60,19448
8768265413,2026-04-12T07:51:18+00:00,2704,60,18867
8768262170,2026-04-12T07:47:16+00:00,1755,60,18959
8768260507,2026-04-12T08:00:08+00:00,3382,60,19448
8768214839,2026-04-12T07:01:12+00:00,2010,60,18959
8768181034,2026-04-12T06:25:46+00:00,2874,60,18867
8768174111,2026-04-12T06:20:04+00:00,1921,60,18959
8768156722,2026-04-12T06:00:00+00:00,1862,60,18959
8768135612,2026-04-12T05:35:13+00:00,1851,60,18959
8768129330,2026-04-12T05:26:56+00:00,2052,60,19448
8768126581,2026-04-12T05:24:53+00:00,2535,60,18867
8768125436,2026-04-12T05:22:13+00:00,2801,60,19448
8768124041,2026-04-12T05:21:02+00:00,1700,60,18959
8768118591,2026-04-12T05:13:58+00:00,2010,60,19448
8768112707,2026-04-12T05:06:38+00:00,2526,60,19448
8768097364,2026-04-12T04:47:24+00:00,1844,60,18959
8768088914,2026-04-12T04:37:03+00:00,2117,60,18959
8768075956,2026-04-12T04:19:06+00:00,2433,60,19448
8768065801,2026-04-12T04:05:58+00:00,1774,60,18959
8768062819,2026-04-12T04:05:58+00:00,2283,60,19448
8768061677,2026-04-12T04:04:16+00:00,1958,60,19448
8768060635,2026-04-12T03:58:25+00:00,2342,60,18867
8768060465,2026-04-12T04:00:35+00:00,2983,60,19448
8768052754,2026-04-12T03:48:44+00:00,1942,60,18959
8768031307,2026-04-12T03:17:51+00:00,1946,60,19502
8768027244,2026-04-12T03:13:11+00:00,1638,60,18867
8768023780,2026-04-12T03:07:51+00:00,1692,60,18959
8767990631,2026-04-12T02:20:16+00:00,1819,60,19502
8767948896,2026-04-12T01:14:41+00:00,1938,60,19502
8767931544,2026-04-12T00:44:46+00:00,1107,60,19502
8767912354,2026-04-12T00:12:22+00:00,1374,60,19467
8767888560,2026-04-11T23:33:38+00:00,2209,60,19467
8767876961,2026-04-11T23:14:36+00:00,2446,60,19502
8767845436,2026-04-11T22:31:42+00:00,2001,60,19448
8767828461,2026-04-11T22:12:06+00:00,3234,60,19467
8767827341,2026-04-11T22:09:52+00:00,1188,60,19448
8767780388,2026-04-11T21:22:17+00:00,2240,60,19467
8767769376,2026-04-11T21:11:09+00:00,2968,60,19448
8767769290,2026-04-11T21:10:37+00:00,2156,60,19448
8767762456,2026-04-11T21:03:30+00:00,1907,60,19448
8767698880,2026-04-11T20:11:04+00:00,2613,60,19467
8767681687,2026-04-11T19:56:51+00:00,2054,60,18867
8767575500,2026-04-11T18:40:27+00:00,2096,60,18867
8767542788,2026-04-11T18:14:28+00:00,1881,60,16251
8767499548,2026-04-11T17:44:49+00:00,2111,60,18867
8767480307,2026-04-11T17:44:42+00:00,2214,60,19503
8767416715,2026-04-11T16:49:23+00:00,1592,60,19503
8767402615,2026-04-11T16:39:49+00:00,2686,60,18867
8767380962,2026-04-11T16:25:32+00:00,2451,60,16251
8767315187,2026-04-11T15:44:19+00:00,1763,60,18867
8767261875,2026-04-11T15:12:01+00:00,2113,60,19255
8767252952,2026-04-11T15:06:41+00:00,1008,60,19448
8767241386,2026-04-11T15:01:32+00:00,2380,60,18866
8767224004,2026-04-11T14:52:37+00:00,1996,60,18867
8767163289,2026-04-11T14:15:03+00:00,1566,60,18866
8767155110,2026-04-11T14:12:19+00:00,1815,60,19448
8767154359,2026-04-11T14:13:40+00:00,1827,60,19503
8767142932,2026-04-11T14:03:15+00:00,1584,60,19448
8767122402,2026-04-11T13:51:04+00:00,3083,60,19255
8767099770,2026-04-11T13:38:41+00:00,2866,60,18867
8767079382,2026-04-11T13:26:33+00:00,1762,60,19503
8767039368,2026-04-11T13:00:38+00:00,1321,60,19255
8767035517,2026-04-11T13:05:09+00:00,2544,60,18866
8767035271,2026-04-11T13:00:25+00:00,2120,60,19448
8767001429,2026-04-11T12:35:41+00:00,2419,60,18867
8766901266,2026-04-11T11:23:25+00:00,2290,60,18867
8766874056,2026-04-11T11:05:20+00:00,2312,60,19255
8766868898,2026-04-11T11:08:07+00:00,3379,60,19448
8766838276,2026-04-11T10:30:39+00:00,2448,60,18866
8766832923,2026-04-11T10:29:19+00:00,1580,60,18867
8766799303,2026-04-11T10:02:14+00:00,2258,60,19255
8766784253,2026-04-11T09:43:48+00:00,1927,60,18959
8766766359,2026-04-11T09:28:56+00:00,2073,60,18866
8766761651,2026-04-11T09:23:25+00:00,2814,60,18867
8766744085,2026-04-11T09:07:10+00:00,5068,60,19448
8766742524,2026-04-11T09:06:45+00:00,1721,60,18959
8766701267,2026-04-11T08:27:09+00:00,1826,60,18959
8766696716,2026-04-11T08:28:10+00:00,2112,60,18865
8766695692,2026-04-11T08:22:50+00:00,2226,60,18867
8766676079,2026-04-11T08:02:56+00:00,2152,60,19448
8766664862,2026-04-11T07:53:07+00:00,1260,60,18959
8766639130,2026-04-11T07:25:36+00:00,1878,60,18865
8766635021,2026-04-11T07:21:48+00:00,1987,60,18867
8766625068,2026-04-11T07:11:56+00:00,1731,60,18959
8766581969,2026-04-11T06:25:04+00:00,1649,60,18959
8766578628,2026-04-11T06:18:17+00:00,2535,60,18867
8766573770,2026-04-11T06:20:12+00:00,2056,60,18865
8766562168,2026-04-11T06:06:52+00:00,2102,60,19448
8766543698,2026-04-11T05:36:24+00:00,1725,60,18959
8766520422,2026-04-11T05:19:36+00:00,2433,60,18867
8766515008,2026-04-11T04:57:48+00:00,1477,60,18959
8766481927,2026-04-11T04:18:13+00:00,1826,60,18959
8766422090,2026-04-11T02:43:39+00:00,1602,60,19201
8766396038,2026-04-11T02:05:40+00:00,1647,60,19201
8766369442,2026-04-11T01:21:39+00:00,2063,60,19201
8766353410,2026-04-11T00:52:06+00:00,2387,60,19503
8766344010,2026-04-11T00:33:49+00:00,2240,60,19201
8766320262,2026-04-10T23:51:48+00:00,1884,60,19503
8766315219,2026-04-10T23:41:42+00:00,2052,60,19201
8766301599,2026-04-10T23:17:45+00:00,2039,60,19448
8766299346,2026-04-10T23:14:05+00:00,3368,60,19448
8766288757,2026-04-10T22:57:42+00:00,2321,60,19448
8766288741,2026-04-10T22:57:41+00:00,1787,60,19448
8766285720,2026-04-10T22:54:34+00:00,2051,60,19201
8766258742,2026-04-10T22:17:56+00:00,3554,60,19503
8766256946,2026-04-10T22:13:28+00:00,1587,60,19448
8766256040,2026-04-10T22:12:21+00:00,2026,60,19448
8766253297,2026-04-10T22:09:00+00:00,1872,60,19448
8766251302,2026-04-10T22:08:12+00:00,2196,60,19201
8766247585,2026-04-10T22:02:04+00:00,2276,60,19448
8766245839,2026-04-10T21:59:57+00:00,2050,60,19448
8766242673,2026-04-10T21:56:12+00:00,1570,60,19448
8766239588,2026-04-10T21:52:35+00:00,2997,60,19448
8766227560,2026-04-10T21:39:00+00:00,3663,60,19448
8766208433,2026-04-10T21:20:27+00:00,2138,60,19201
8766203424,2026-04-10T21:13:37+00:00,2211,60,19448
8766200414,2026-04-10T21:10:35+00:00,2095,60,19448
8766200124,2026-04-10T21:10:16+00:00,1787,60,19448
8766199551,2026-04-10T21:09:43+00:00,1238,60,19448
8766199126,2026-04-10T21:09:19+00:00,1946,60,19448
8766199101,2026-04-10T21:09:17+00:00,1160,60,19448
8766194112,2026-04-10T21:04:30+00:00,1700,60,19448
8766193909,2026-04-10T21:04:18+00:00,1476,60,19448
8766185902,2026-04-10T20:56:34+00:00,3118,60,19448
8766168681,2026-04-10T20:58:31+00:00,4020,60,19255
8766164887,2026-04-10T20:39:34+00:00,1726,60,19201
8766156752,2026-04-10T20:29:42+00:00,1227,60,19448
8775597631,2026-04-17T21:41:18+00:00,1846,60,19201
8775558353,2026-04-17T20:58:17+00:00,1914,60,19201
8775557427,2026-04-17T20:55:28+00:00,1982,60,19503
8775503668,2026-04-17T20:01:19+00:00,1766,60,19201
8775491148,2026-04-17T19:53:17+00:00,1894,60,19503
8775420237,2026-04-17T18:54:34+00:00,1810,60,19503
8775409015,2026-04-17T18:42:39+00:00,1925,60,18867
8775340388,2026-04-17T17:48:17+00:00,1895,60,19503
8775334535,2026-04-17T17:43:17+00:00,2247,60,18867
8775322183,2026-04-17T17:32:38+00:00,1864,60,18866
8775252296,2026-04-17T16:40:31+00:00,1875,60,18867
8775215355,2026-04-17T16:15:35+00:00,1417,60,18959
8775195637,2026-04-17T16:01:12+00:00,4444,60,19503
8775188427,2026-04-17T15:57:44+00:00,3486,60,18866
8775186994,2026-04-17T15:57:57+00:00,1575,60,18867
8775152941,2026-04-17T15:31:07+00:00,2128,60,18959
8775116152,2026-04-17T15:06:38+00:00,2069,60,18867
8775084512,2026-04-17T14:46:18+00:00,1674,60,18959
8775042372,2026-04-17T14:27:36+00:00,2961,60,18866
8775029987,2026-04-17T14:09:04+00:00,1617,60,18959
8775025719,2026-04-17T14:05:22+00:00,2555,60,18867
8774967333,2026-04-17T13:25:38+00:00,1889,60,18959
8774962957,2026-04-17T13:21:28+00:00,2197,60,18866
8774943088,2026-04-17T13:08:31+00:00,2340,60,18867
8774912395,2026-04-17T12:42:48+00:00,1809,60,18959
8774885908,2026-04-17T12:21:21+00:00,1596,60,18867
8774863682,2026-04-17T12:01:56+00:00,1938,60,18959
8774853429,2026-04-17T12:00:46+00:00,3123,60,18866
8774804454,2026-04-17T11:02:39+00:00,3393,60,18867
8774787020,2026-04-17T10:44:26+00:00,1366,60,18959
8774759010,2026-04-17T10:11:28+00:00,2036,60,18867
8774750106,2026-04-17T10:01:51+00:00,1737,60,18959
8774710998,2026-04-17T09:09:35+00:00,2313,60,18959
8774684292,2026-04-17T08:32:20+00:00,1545,60,18959
8774675856,2026-04-17T08:20:03+00:00,2510,60,18867
8774653590,2026-04-17T07:48:38+00:00,1853,60,18959
8774642514,2026-04-17T07:34:29+00:00,2470,60,19575
8774642170,2026-04-17T07:36:22+00:00,1766,60,18867
8774622965,2026-04-17T07:01:46+00:00,1742,60,18959
8774622614,2026-04-17T07:00:54+00:00,1880,60,18959
8774597098,2026-04-17T06:19:00+00:00,1825,60,18959
8774595743,2026-04-17T06:17:14+00:00,1746,60,18959
8774590801,2026-04-17T06:09:00+00:00,2921,60,19575
8774583596,2026-04-17T05:55:03+00:00,2027,60,18867
8774572260,2026-04-17T05:35:38+00:00,1940,60,18959
8774570917,2026-04-17T05:33:14+00:00,1585,60,18959
8774551792,2026-04-17T05:01:23+00:00,2222,60,18867
8774548634,2026-04-17T04:52:10+00:00,1693,60,18959
8774546375,2026-04-17T04:48:31+00:00,1820,60,18959
8774523606,2026-04-17T04:07:55+00:00,1943,60,18959
8774523605,2026-04-17T04:07:00+00:00,1960,60,18959
8774519913,2026-04-17T03:59:13+00:00,2095,60,18867
8774490090,2026-04-17T03:04:28+00:00,2421,60,18867
8774484901,2026-04-17T02:54:19+00:00,1865,60,19201
8774463874,2026-04-17T02:15:11+00:00,1859,60,19201
8774445477,2026-04-17T01:38:56+00:00,1451,60,19201
8774427182,2026-04-17T01:00:25+00:00,1650,60,19201
8774408642,2026-04-17T00:18:57+00:00,1650,60,19201
8774391564,2026-04-16T23:40:15+00:00,1553,60,19201
8774372295,2026-04-16T23:00:15+00:00,1597,60,19201
8774345455,2026-04-16T22:10:23+00:00,2150,60,19201
8774318066,2026-04-16T21:25:56+00:00,1822,60,19201
8774287192,2026-04-16T20:45:12+00:00,1825,60,19201
8774248593,2026-04-16T20:03:25+00:00,1811,60,19503
8774247351,2026-04-16T20:02:24+00:00,1946,60,19201
8774180905,2026-04-16T19:00:11+00:00,2062,60,19503
8774175432,2026-04-16T18:53:30+00:00,1635,60,18867
8774081139,2026-04-16T17:38:35+00:00,2878,60,18866
8774080594,2026-04-16T17:35:49+00:00,2769,60,18867
8774042724,2026-04-16T17:01:11+00:00,1571,60,19503
8774040109,2026-04-16T16:58:55+00:00,1478,60,18959
8773993505,2026-04-16T16:22:06+00:00,1776,60,18959
8773980184,2026-04-16T16:11:35+00:00,2928,60,18866
8773962472,2026-04-16T16:01:28+00:00,1830,60,19503
8773939531,2026-04-16T15:42:00+00:00,1820,60,18959
8773886177,2026-04-16T15:04:24+00:00,2334,60,18866
8773873425,2026-04-16T14:54:37+00:00,1800,60,18959
8773827906,2026-04-16T14:20:27+00:00,2335,60,18867
8773814867,2026-04-16T14:12:50+00:00,1801,60,18959
8773765844,2026-04-16T13:36:57+00:00,3528,60,18867
8773757557,2026-04-16T13:31:07+00:00,1704,60,18959
8773732510,2026-04-16T13:12:03+00:00,2467,60,18866
8773729889,2026-04-16T13:10:59+00:00,2434,60,18867
8773696399,2026-04-16T12:44:14+00:00,2087,60,18959
8773679796,2026-04-16T12:29:43+00:00,2747,60,18867
8773652269,2026-04-16T12:06:28+00:00,1730,60,18959
8773636788,2026-04-16T12:04:38+00:00,2551,60,18866
8773612913,2026-04-16T11:28:43+00:00,2640,60,18867
8778534392,2026-04-19T21:19:27+00:00,1816,60,19201
8778529531,2026-04-19T21:14:52+00:00,2052,60,19467
8778483030,2026-04-19T20:23:02+00:00,1923,60,18867
8778468389,2026-04-19T20:07:40+00:00,2220,60,19467
8778466035,2026-04-19T20:24:49+00:00,1840,60,19201
8778439040,2026-04-19T19:39:33+00:00,2233,60,19532
8778430310,2026-04-19T19:31:37+00:00,1898,60,18867
8778407321,2026-04-19T19:11:51+00:00,1308,60,19532
8778394652,2026-04-19T19:01:11+00:00,1613,60,19532
8778385327,2026-04-19T18:54:43+00:00,1333,60,18867
8778335100,2026-04-19T18:14:48+00:00,3047,60,19532
8778331594,2026-04-19T18:15:34+00:00,1151,60,19532
8778329837,2026-04-19T18:15:17+00:00,2103,60,19532
8778318128,2026-04-19T18:00:52+00:00,1672,60,18867
8778259175,2026-04-19T17:14:23+00:00,1714,60,18867
8778254726,2026-04-19T17:16:30+00:00,1733,60,19543
8778252071,2026-04-19T17:14:09+00:00,2965,60,19543
8778234977,2026-04-19T17:05:28+00:00,2056,60,19532
8778215966,2026-04-19T16:42:12+00:00,1969,60,19532
8778186897,2026-04-19T16:22:17+00:00,2103,60,18867
8778168822,2026-04-19T16:14:20+00:00,1961,60,19543
8778162915,2026-04-19T16:10:58+00:00,2053,60,19543
8778146322,2026-04-19T15:53:51+00:00,1918,60,19532
8778143073,2026-04-19T15:55:07+00:00,1351,60,19532
8778140714,2026-04-19T15:49:55+00:00,2553,60,19532
8778074211,2026-04-19T15:12:01+00:00,1973,60,19543
8778058569,2026-04-19T14:57:24+00:00,2164,60,18867
8778053179,2026-04-19T14:58:43+00:00,1515,60,19532
8778051760,2026-04-19T14:57:01+00:00,1651,60,19532
8778048389,2026-04-19T14:49:58+00:00,1248,60,19532
8778045350,2026-04-19T14:54:44+00:00,2669,60,19543
8777969606,2026-04-19T14:01:57+00:00,2125,60,18867
8777955132,2026-04-19T13:58:32+00:00,2568,60,19543
8777949581,2026-04-19T13:52:42+00:00,1826,60,19532
8777936470,2026-04-19T13:46:54+00:00,2144,60,19543
8777870860,2026-04-19T13:04:47+00:00,2246,60,18867
8777869980,2026-04-19T13:01:31+00:00,2321,60,19532
8777861135,2026-04-19T12:55:49+00:00,1533,60,19532
8777838108,2026-04-19T12:43:15+00:00,2874,60,19543
8777800049,2026-04-19T12:19:58+00:00,3243,60,19543
8777788301,2026-04-19T12:07:14+00:00,2054,60,18959
8777777604,2026-04-19T12:05:33+00:00,4363,60,19532
8777769508,2026-04-19T11:56:33+00:00,2403,60,19532
8777767528,2026-04-19T11:54:37+00:00,2213,60,19532
8777757647,2026-04-19T11:44:47+00:00,1752,60,18867
8777738576,2026-04-19T11:35:08+00:00,2402,60,19543
8777729890,2026-04-19T11:24:47+00:00,1767,60,18959
8777714725,2026-04-19T11:17:10+00:00,1761,60,19543
8777713370,2026-04-19T11:11:02+00:00,1230,60,19532
8777713189,2026-04-19T11:16:55+00:00,2413,60,19575
8777684470,2026-04-19T10:49:24+00:00,2196,60,18867
8777683026,2026-04-19T10:50:37+00:00,1920,60,19532
8777668509,2026-04-19T10:34:59+00:00,1817,60,18959
8777652578,2026-04-19T10:25:56+00:00,2351,60,19543
8777647377,2026-04-19T10:16:51+00:00,1378,60,19575
8777641706,2026-04-19T10:12:00+00:00,834,60,19532
8777630244,2026-04-19T10:08:11+00:00,2406,60,19543
8777628944,2026-04-19T10:00:58+00:00,1399,60,19532
8777615628,2026-04-19T09:50:03+00:00,1833,60,18959
8777607661,2026-04-19T09:42:10+00:00,2414,60,18867
8777573565,2026-04-19T09:12:05+00:00,1608,60,18959
8777570720,2026-04-19T09:13:38+00:00,2636,60,19543
8777560892,2026-04-19T09:05:41+00:00,2088,60,19543
8777556612,2026-04-19T09:05:42+00:00,2487,60,19575
8777554612,2026-04-19T08:56:24+00:00,2398,60,19532
8777551202,2026-04-19T08:55:31+00:00,2867,60,19532
8777547487,2026-04-19T08:48:38+00:00,2202,60,18867
8777543866,2026-04-19T08:55:04+00:00,2571,60,19532
8777507582,2026-04-19T08:11:29+00:00,2035,60,18959
8777501479,2026-04-19T08:08:11+00:00,1138,60,19575
8777495739,2026-04-19T08:07:03+00:00,1870,60,19543
8777492128,2026-04-19T08:01:38+00:00,2605,60,19543
8777480877,2026-04-19T07:45:35+00:00,1905,60,18867
8777462813,2026-04-19T07:27:57+00:00,1655,60,18959
8777462562,2026-04-19T07:27:02+00:00,2595,60,18865
8777442409,2026-04-19T07:06:20+00:00,2054,60,18867
8777439091,2026-04-19T07:02:43+00:00,1890,60,19543
8777437242,2026-04-19T07:00:42+00:00,2410,60,19575
8777432261,2026-04-19T07:00:02+00:00,2189,60,19543
8777421968,2026-04-19T06:44:40+00:00,2006,60,18959
8777391458,2026-04-19T06:11:07+00:00,2844,60,18865
8777377390,2026-04-19T05:58:36+00:00,2157,60,19575
8777375954,2026-04-19T05:52:03+00:00,1959,60,18959
8777347163,2026-04-19T05:15:41+00:00,2193,60,18959
8777346407,2026-04-19T05:15:38+00:00,3333,60,18867
8777339973,2026-04-19T05:06:12+00:00,2038,60,18959
8777318456,2026-04-19T04:37:37+00:00,1712,60,18959
8777302423,2026-04-19T04:13:40+00:00,2340,60,18867
8777297585,2026-04-19T04:06:41+00:00,1760,60,18959
8777287615,2026-04-19T03:52:36+00:00,1862,60,18959
8777259758,2026-04-19T03:11:13+00:00,1725,60,18959
8777254652,2026-04-19T03:09:17+00:00,2747,60,18867
8777115619,2026-04-18T23:09:31+00:00,1532,60,19467
8777105432,2026-04-18T22:55:48+00:00,2316,60,19467
8777071208,2026-04-18T22:08:29+00:00,2525,60,19467
8777068108,2026-04-18T22:04:36+00:00,1672,60,19467
8777046428,2026-04-18T21:40:16+00:00,2733,60,19467
8776961561,2026-04-18T20:16:48+00:00,2831,60,19467
8776958614,2026-04-18T20:18:09+00:00,2592,60,18866
8776882933,2026-04-18T19:11:13+00:00,2670,60,18866
8776871332,2026-04-18T19:02:50+00:00,2327,60,18867
8776815882,2026-04-18T18:24:42+00:00,2344,60,19543
8776804494,2026-04-18T18:15:06+00:00,1853,60,18866
8776789587,2026-04-18T18:00:26+00:00,2451,60,18867
8776734370,2026-04-18T17:19:50+00:00,1983,60,18866
8776713760,2026-04-18T17:05:50+00:00,2200,60,18867
8776679266,2026-04-18T16:45:44+00:00,3891,60,19543
8776664516,2026-04-18T16:39:19+00:00,2174,60,19543
8776629195,2026-04-18T16:06:25+00:00,1224,60,18867
8776583882,2026-04-18T15:42:08+00:00,1901,60,19543
8776555176,2026-04-18T15:30:46+00:00,4899,60,18866
8776550821,2026-04-18T15:15:42+00:00,2045,60,18867
8776543835,2026-04-18T15:15:00+00:00,2950,60,19543
8776484403,2026-04-18T14:36:17+00:00,2373,60,19543
8776439370,2026-04-18T14:03:49+00:00,2199,60,18867
8776432038,2026-04-18T14:04:02+00:00,2589,60,19543
8776392436,2026-04-18T13:33:20+00:00,2275,60,18866
8776380784,2026-04-18T13:34:51+00:00,2058,60,19543
8776349791,2026-04-18T13:05:37+00:00,1552,60,18867
8776345901,2026-04-18T13:10:24+00:00,1588,60,19543
8776302295,2026-04-18T12:35:14+00:00,1918,60,19543
8776268738,2026-04-18T12:05:24+00:00,3603,60,18866
8776239028,2026-04-18T11:39:49+00:00,2471,60,18867
8776238601,2026-04-18T11:47:22+00:00,1450,60,19543
8776236178,2026-04-18T11:46:49+00:00,2867,60,19543
8776170934,2026-04-18T10:39:01+00:00,2446,60,19543
8776164524,2026-04-18T10:35:27+00:00,2299,60,18867
8776157596,2026-04-18T10:32:54+00:00,2357,60,19543
8776104175,2026-04-18T09:34:12+00:00,1953,60,18867
8776102064,2026-04-18T09:33:11+00:00,1208,60,18959
8776094912,2026-04-18T09:30:14+00:00,2299,60,19543
8776077999,2026-04-18T09:15:26+00:00,2765,60,19543
8776062237,2026-04-18T08:53:29+00:00,1798,60,18959
8776058767,2026-04-18T08:51:57+00:00,1662,60,19575
8776022735,2026-04-18T08:23:40+00:00,2524,60,18867
8776022657,2026-04-18T08:13:09+00:00,1614,60,18959
8776019262,2026-04-18T08:11:12+00:00,2051,60,19543
8776009613,2026-04-18T08:03:00+00:00,3461,60,19543
8775995860,2026-04-18T07:42:34+00:00,1058,60,18959
8775977371,2026-04-18T07:21:13+00:00,2000,60,18867
8775972550,2026-04-18T07:17:26+00:00,3311,60,18959
8775954955,2026-04-18T07:00:27+00:00,2003,60,19543
8775954888,2026-04-18T07:00:08+00:00,2663,60,19543
8775947237,2026-04-18T06:45:52+00:00,1174,60,18959
8775922536,2026-04-18T06:25:31+00:00,2042,60,18867
8775919432,2026-04-18T06:11:29+00:00,1648,60,19575
8775901811,2026-04-18T05:48:56+00:00,1947,60,18959
8775873614,2026-04-18T05:10:27+00:00,1721,60,18867
8775867834,2026-04-18T05:02:47+00:00,1870,60,18959
8775837191,2026-04-18T04:15:43+00:00,2088,60,18865
8775832733,2026-04-18T04:08:49+00:00,2522,60,18867
8775832613,2026-04-18T04:21:54+00:00,1782,60,18959
8775791184,2026-04-18T03:07:22+00:00,2482,60,18867
8775790040,2026-04-18T03:08:08+00:00,2055,60,18865
8775765473,2026-04-18T02:27:30+00:00,1744,60,19201
8775744893,2026-04-18T01:52:28+00:00,1535,60,19201
8775718999,2026-04-18T01:07:58+00:00,1903,60,19201
8775698423,2026-04-18T00:25:02+00:00,1830,60,19201
8775676108,2026-04-17T23:41:13+00:00,1896,60,19201
8775655922,2026-04-17T23:03:47+00:00,1484,60,19201
8775633017,2026-04-17T22:28:40+00:00,1578,60,19201
8773553735,2026-04-16T10:21:57+00:00,1756,60,18867
8773544508,2026-04-16T10:10:34+00:00,1830,60,18866
8773542751,2026-04-16T10:09:06+00:00,1783,60,18959
8773510401,2026-04-16T09:27:30+00:00,1850,60,18959
8773506061,2026-04-16T09:20:36+00:00,2756,60,18867
8773493455,2026-04-16T09:06:03+00:00,1960,60,18866
8773476413,2026-04-16T08:37:52+00:00,1905,60,18959
8778562232,2026-04-19T21:57:51+00:00,1531,60,19201
8773467022,2026-04-16T08:25:18+00:00,1788,60,18867
8773445042,2026-04-16T07:51:24+00:00,2211,60,18959
8773426150,2026-04-16T07:21:52+00:00,2284,60,18959
8773418508,2026-04-16T07:08:45+00:00,3504,60,18867
8773417630,2026-04-16T07:07:55+00:00,1867,60,18959
8773401898,2026-04-16T06:42:32+00:00,1677,60,18959
8773391927,2026-04-16T06:23:15+00:00,1878,60,18959
8773387305,2026-04-16T06:14:58+00:00,2272,60,18867
8773375106,2026-04-16T05:54:21+00:00,1950,60,18959
8773366463,2026-04-16T05:37:14+00:00,1886,60,18959
8773353770,2026-04-16T05:12:25+00:00,2065,60,18867
8773349421,2026-04-16T05:04:24+00:00,2068,60,18959
8773340998,2026-04-16T04:48:36+00:00,1985,60,18959
8773328878,2026-04-16T04:25:32+00:00,1564,60,18959
8773324108,2026-04-16T04:16:23+00:00,1368,60,18865
8773320734,2026-04-16T04:10:07+00:00,2737,60,18867
8773319740,2026-04-16T04:08:54+00:00,1735,60,18959
8773288949,2026-04-16T03:09:54+00:00,2485,60,18867
8773288236,2026-04-16T03:12:33+00:00,1521,60,18865
8773264593,2026-04-16T02:22:40+00:00,2020,60,19201
8773245557,2026-04-16T01:44:31+00:00,1780,60,19201
8770942898,2026-04-14T06:27:41+00:00,1725,60,18959
8770941904,2026-04-14T06:26:36+00:00,2060,60,18959
8770932974,2026-04-14T06:15:41+00:00,1762,60,18865
8770917333,2026-04-14T05:43:09+00:00,2013,60,18959
8770915295,2026-04-14T05:40:52+00:00,1951,60,18959
8770909575,2026-04-14T05:29:03+00:00,2368,60,19448
8770893622,2026-04-14T05:00:40+00:00,3096,60,19448
8770891184,2026-04-14T04:56:22+00:00,2059,60,18865
8770889561,2026-04-14T04:54:00+00:00,1723,60,18959
8770886031,2026-04-14T04:47:36+00:00,2120,60,18959
8770865734,2026-04-14T04:10:47+00:00,1815,60,18959
8770862493,2026-04-14T04:05:11+00:00,1819,60,18959
8770857125,2026-04-14T03:54:11+00:00,2058,60,19502
8770854268,2026-04-14T03:52:09+00:00,2105,60,19448
8770853808,2026-04-14T04:00:27+00:00,3231,60,19448
8770853251,2026-04-14T04:01:11+00:00,1791,60,19448
8770842173,2026-04-14T03:36:05+00:00,2268,60,18865
8770837839,2026-04-14T03:25:27+00:00,3225,60,19448
8770823613,2026-04-14T02:51:49+00:00,1517,60,19502
8770814572,2026-04-14T02:36:52+00:00,1713,60,19201
8770810338,2026-04-14T02:27:11+00:00,3442,60,19448
8770803860,2026-04-14T02:15:12+00:00,2550,60,19448
8770795663,2026-04-14T02:03:02+00:00,1461,60,19201
8770792846,2026-04-14T01:54:22+00:00,1873,60,19502
8770775515,2026-04-14T01:22:04+00:00,1658,60,19201
8770765615,2026-04-14T01:03:58+00:00,2762,60,19448
8770764646,2026-04-14T01:03:26+00:00,2064,60,19448
8770763011,2026-04-14T00:55:03+00:00,2144,60,19502
8770753858,2026-04-14T00:36:02+00:00,1921,60,19201
8770743671,2026-04-14T00:15:06+00:00,773,60,19503
8770741705,2026-04-14T00:08:55+00:00,1641,60,19502
8770737550,2026-04-14T00:00:30+00:00,1540,60,19201
8770720679,2026-04-13T23:24:59+00:00,1522,60,19201
8769665403,2026-04-13T06:24:38+00:00,1546,60,19448
8767742293,2026-04-11T20:45:37+00:00,2398,60,18867
8767705117,2026-04-11T20:16:56+00:00,1565,60,19448
8778585331,2026-04-19T22:35:00+00:00,1695,60,19201
8778568932,2026-04-19T22:07:16+00:00,2050,60,19467
8766147608,2026-04-10T20:21:42+00:00,1452,60,19448
8766147514,2026-04-10T20:23:54+00:00,2202,60,19503
8766135898,2026-04-10T20:11:46+00:00,1066,60,19448
8766128777,2026-04-10T20:05:51+00:00,2219,60,19448
8766122013,2026-04-10T20:03:23+00:00,1483,60,19201
8766089530,2026-04-10T19:36:36+00:00,2157,60,19255
8766051012,2026-04-10T19:05:28+00:00,2037,60,18867
8766043944,2026-04-10T19:01:51+00:00,3206,60,19503
8765976782,2026-04-10T18:15:13+00:00,3210,60,19255
8765936372,2026-04-10T17:48:02+00:00,2731,60,18867
8765867665,2026-04-10T17:00:02+00:00,2411,60,19255
8765843068,2026-04-10T16:37:16+00:00,1631,60,18867
8765834722,2026-04-10T16:32:23+00:00,1564,60,18959
8765819628,2026-04-10T16:24:23+00:00,1677,60,19503
8765789326,2026-04-10T16:01:59+00:00,2129,60,19448
8765781391,2026-04-10T16:02:24+00:00,1729,60,19255
8765770037,2026-04-10T15:49:41+00:00,1659,60,18959
8765739689,2026-04-10T15:30:14+00:00,2228,60,19448
8765707591,2026-04-10T15:10:17+00:00,2290,60,19448
8765699638,2026-04-10T15:06:05+00:00,3324,60,18867
8765689341,2026-04-10T14:59:49+00:00,2334,60,18959
8765688078,2026-04-10T15:00:20+00:00,2251,60,19255
8765685074,2026-04-10T14:56:13+00:00,2143,60,19448
8765684866,2026-04-10T14:56:06+00:00,2058,60,19448
8765684190,2026-04-10T14:55:41+00:00,1950,60,19448
8765668985,2026-04-10T14:46:11+00:00,1156,60,19448
8765636469,2026-04-10T14:25:59+00:00,970,60,19448
8765619705,2026-04-10T14:15:22+00:00,965,60,19448
8765616330,2026-04-10T14:13:32+00:00,1754,60,18959
8765604275,2026-04-10T14:05:30+00:00,1423,60,19448
8765603157,2026-04-10T14:07:09+00:00,1091,60,19503
8765600803,2026-04-10T14:03:15+00:00,1783,60,19448
8765599903,2026-04-10T14:02:40+00:00,781,60,19448
8765597299,2026-04-10T14:01:00+00:00,2711,60,19255
8765589752,2026-04-10T13:56:03+00:00,2094,60,19448
8765579393,2026-04-10T13:49:16+00:00,2056,60,19448
8765576597,2026-04-10T13:47:25+00:00,3151,60,19448
8765574991,2026-04-10T13:46:22+00:00,1744,60,18867
8765549087,2026-04-10T13:29:57+00:00,1866,60,18959
8765528336,2026-04-10T13:15:15+00:00,1504,60,19503
8765518896,2026-04-10T13:08:43+00:00,1212,60,19448
8765517451,2026-04-10T13:07:43+00:00,1260,60,19448
8765514495,2026-04-10T13:05:37+00:00,1569,60,19448
8765510682,2026-04-10T13:02:52+00:00,2347,60,19448
8765510106,2026-04-10T13:02:27+00:00,1303,60,19448
8765509135,2026-04-10T13:01:43+00:00,985,60,19448
8765508653,2026-04-10T13:01:23+00:00,1863,60,19448
8765484698,2026-04-10T12:44:02+00:00,1939,60,18959
8765478656,2026-04-10T12:42:43+00:00,2018,60,19255
8765471162,2026-04-10T12:34:48+00:00,2810,60,18867
8765434266,2026-04-10T12:04:11+00:00,1873,60,18959
8765407551,2026-04-10T11:39:45+00:00,1927,60,19255
8765393658,2026-04-10T11:27:11+00:00,2035,60,18867
8765372076,2026-04-10T11:07:44+00:00,2024,60,18959
8765355208,2026-04-10T10:50:19+00:00,1303,60,18867
8765339176,2026-04-10T10:32:08+00:00,2058,60,19448
8765322436,2026-04-10T10:13:54+00:00,1884,60,18959
8765317021,2026-04-10T10:12:33+00:00,3339,60,19255
8765298569,2026-04-10T09:46:29+00:00,1901,60,18867
8765287761,2026-04-10T09:32:45+00:00,1803,60,18959
8765281928,2026-04-10T09:24:25+00:00,1888,60,19448
8765274324,2026-04-10T09:14:47+00:00,2835,60,19448
8765269161,2026-04-10T09:08:18+00:00,1248,60,18867
8765264464,2026-04-10T09:02:15+00:00,2053,60,19448
8765260718,2026-04-10T09:01:44+00:00,2766,60,19255
8765249669,2026-04-10T08:42:57+00:00,2179,60,18959
8765233808,2026-04-10T08:21:49+00:00,2172,60,19448
8765233277,2026-04-10T08:21:56+00:00,1856,60,18867
8765231116,2026-04-10T08:18:11+00:00,1959,60,19448
8765223876,2026-04-10T08:08:28+00:00,1917,60,19448
8765220832,2026-04-10T08:04:16+00:00,2814,60,19448
8765218824,2026-04-10T08:01:29+00:00,2323,60,19448
8765203917,2026-04-10T07:40:44+00:00,1768,60,18959
8765189352,2026-04-10T07:19:18+00:00,2307,60,18867
8765176483,2026-04-10T07:00:10+00:00,2399,60,18959
8765173401,2026-04-10T06:54:10+00:00,1860,60,18959
8765153512,2026-04-10T06:22:13+00:00,2299,60,18867
8765149029,2026-04-10T06:15:39+00:00,1845,60,18959
8765148239,2026-04-10T06:13:58+00:00,1756,60,18959
8765141301,2026-04-10T06:05:40+00:00,2501,60,19448
8765123402,2026-04-10T05:31:05+00:00,1984,60,18867
8765123371,2026-04-10T05:30:49+00:00,1559,60,18959
8765121118,2026-04-10T05:28:15+00:00,1848,60,18959
8765101059,2026-04-10T04:51:07+00:00,1724,60,18959
8765098825,2026-04-10T04:47:00+00:00,1903,60,18959
8765076694,2026-04-10T04:07:40+00:00,1732,60,18959
8765075636,2026-04-10T04:06:12+00:00,1842,60,18959
8765034315,2026-04-10T02:50:41+00:00,1903,60,19201
8765015537,2026-04-10T02:15:54+00:00,1519,60,19201
8764992484,2026-04-10T01:38:00+00:00,1652,60,19201
8764967100,2026-04-10T00:38:20+00:00,2095,60,19201
8764956096,2026-04-10T00:15:14+00:00,1467,60,19503
8764937553,2026-04-09T23:34:02+00:00,1607,60,19201
8764936140,2026-04-09T23:33:49+00:00,4233,60,19448
8764927750,2026-04-09T23:13:28+00:00,2088,60,19503
8764915209,2026-04-09T22:50:51+00:00,1898,60,19201
8764902052,2026-04-09T22:25:14+00:00,2599,60,19448
8764895162,2026-04-09T22:13:26+00:00,1698,60,19448
8764894809,2026-04-09T22:15:23+00:00,1533,60,19201
8764873049,2026-04-09T21:37:16+00:00,1504,60,19201
8764868382,2026-04-09T21:29:50+00:00,2137,60,19448
8764865647,2026-04-09T21:27:02+00:00,2868,60,19503
8764846486,2026-04-09T21:05:07+00:00,2666,60,19448
8764845708,2026-04-09T21:02:34+00:00,2212,60,19448
8764841060,2026-04-09T20:55:42+00:00,1684,60,19201
8764812557,2026-04-09T20:30:05+00:00,1892,60,19255
8764802401,2026-04-09T20:15:22+00:00,2319,60,19448
8764801926,2026-04-09T20:14:34+00:00,2471,60,19503
8764799166,2026-04-09T20:11:33+00:00,3634,60,19448
8764794295,2026-04-09T20:05:23+00:00,2042,60,19201
8764724871,2026-04-09T19:07:57+00:00,3501,60,19255
8764723698,2026-04-09T19:01:38+00:00,2480,60,18866
8764721768,2026-04-09T19:00:58+00:00,2445,60,19503
8764641311,2026-04-09T18:00:03+00:00,2053,60,18866
8764627906,2026-04-09T17:44:50+00:00,3226,60,18867
8764625108,2026-04-09T17:50:18+00:00,2756,60,19255
8764573306,2026-04-09T17:04:52+00:00,2265,60,19503
8764502762,2026-04-09T16:32:17+00:00,2551,60,19255
8764498937,2026-04-09T16:07:20+00:00,1694,60,18959
8764497347,2026-04-09T16:05:59+00:00,3211,60,18867
8764497023,2026-04-09T16:05:45+00:00,2414,60,18866
8764493158,2026-04-09T16:05:36+00:00,1937,60,19503
8764430671,2026-04-09T15:20:49+00:00,2128,60,18959
8764421693,2026-04-09T15:13:33+00:00,2022,60,18867
8764396421,2026-04-09T14:56:10+00:00,1331,60,19448
8764396152,2026-04-09T15:03:59+00:00,2157,60,18866
8764371071,2026-04-09T14:40:22+00:00,1698,60,18959
8764351266,2026-04-09T14:27:49+00:00,2534,60,19255
8764316595,2026-04-09T14:04:38+00:00,1326,60,19448
8764311697,2026-04-09T14:00:34+00:00,2799,60,19448
8764304754,2026-04-09T13:56:45+00:00,2008,60,18959
8764279597,2026-04-09T13:39:16+00:00,1501,60,18867
8764247200,2026-04-09T13:17:53+00:00,1790,60,18959
8764227488,2026-04-09T13:03:16+00:00,2100,60,19448
8764219119,2026-04-09T12:57:43+00:00,1276,60,18867
8764195976,2026-04-09T12:39:59+00:00,1628,60,18959
8764195216,2026-04-09T12:42:40+00:00,2107,60,19255
8764148192,2026-04-09T12:01:42+00:00,1819,60,18959
8764139457,2026-04-09T11:54:47+00:00,1454,60,18866
8764127437,2026-04-09T11:47:09+00:00,1715,60,19255
8764095299,2026-04-09T11:10:58+00:00,2416,60,18867
8764045768,2026-04-09T10:18:41+00:00,3075,60,19255
8764044881,2026-04-09T10:16:07+00:00,2881,60,19448
8764041676,2026-04-09T10:11:47+00:00,3133,60,18866
8764038460,2026-04-09T10:08:38+00:00,1853,60,18867
8764025096,2026-04-09T09:52:21+00:00,1999,60,18959
8764012816,2026-04-09T09:35:57+00:00,1800,60,19448
8763996860,2026-04-09T09:15:02+00:00,1667,60,19448
8763994878,2026-04-09T09:12:49+00:00,1607,60,18959
8763984403,2026-04-09T09:02:49+00:00,2766,60,19255
8763983824,2026-04-09T08:59:52+00:00,2211,60,18866
8763963582,2026-04-09T08:29:54+00:00,2033,60,18867
8763954878,2026-04-09T08:18:18+00:00,2049,60,18959
8763952978,2026-04-09T08:21:54+00:00,2583,60,18865
8763948110,2026-04-09T08:08:21+00:00,2412,60,19448
8763948007,2026-04-09T08:08:12+00:00,3037,60,19448
8763939097,2026-04-09T07:55:35+00:00,1639,60,18867
8763938696,2026-04-09T08:00:28+00:00,2128,60,19255
8763921209,2026-04-09T07:30:51+00:00,1853,60,18959
8763911838,2026-04-09T07:15:26+00:00,1958,60,18865
8763898561,2026-04-09T06:54:40+00:00,1696,60,19448
8763893334,2026-04-09T06:46:18+00:00,2134,60,19448
8763889652,2026-04-09T06:40:35+00:00,1586,60,18867
8763886552,2026-04-09T06:35:52+00:00,2129,60,18959
8763880389,2026-04-09T06:29:13+00:00,2005,60,18959
8763868104,2026-04-09T06:08:35+00:00,2189,60,18865
8763861241,2026-04-09T05:53:52+00:00,1684,60,18959
8763857081,2026-04-09T06:00:20+00:00,1777,60,19448
8763855934,2026-04-09T06:00:18+00:00,1412,60,19448
8763852628,2026-04-09T05:39:16+00:00,2107,60,18959
8763833160,2026-04-09T05:24:40+00:00,2221,60,18867
8763833068,2026-04-09T05:04:18+00:00,2062,60,18959
8763825349,2026-04-09T04:51:46+00:00,1952,60,18959
8763809420,2026-04-09T04:22:36+00:00,1982,60,18959
8763801302,2026-04-09T04:07:56+00:00,1789,60,18959
8763731818,2026-04-09T02:03:30+00:00,1904,60,19201
8763709813,2026-04-09T01:19:57+00:00,2024,60,19201
8763693214,2026-04-09T00:45:03+00:00,1574,60,19201
8763673046,2026-04-09T00:04:10+00:00,1810,60,19201
8763654529,2026-04-08T23:21:19+00:00,1811,60,19201
8763645947,2026-04-08T23:02:59+00:00,1601,60,19448
8763639623,2026-04-08T22:50:35+00:00,2111,60,19448
8763635238,2026-04-08T22:43:50+00:00,1676,60,19201
8763633860,2026-04-08T22:39:39+00:00,2136,60,19448
8763625571,2026-04-08T22:24:41+00:00,2986,60,19448
8763611445,2026-04-08T22:02:19+00:00,1830,60,19201
8763609151,2026-04-08T21:57:20+00:00,1489,60,19448
8763605163,2026-04-08T21:50:58+00:00,1254,60,19448
8763603594,2026-04-08T21:48:33+00:00,1574,60,19448
8763602017,2026-04-08T21:46:10+00:00,1561,60,19448
8763592761,2026-04-08T21:32:28+00:00,1230,60,19448
8763589817,2026-04-08T21:28:15+00:00,3792,60,19448
8763587478,2026-04-08T21:25:34+00:00,1600,60,19201
8763587013,2026-04-08T21:24:17+00:00,1254,60,19448
8763577355,2026-04-08T21:11:29+00:00,980,60,19448
8763575086,2026-04-08T21:08:41+00:00,1016,60,19448
8763574021,2026-04-08T21:07:22+00:00,1590,60,19448
8763573685,2026-04-08T21:06:57+00:00,1306,60,19448
8763573455,2026-04-08T21:06:40+00:00,2178,60,19448
8763572117,2026-04-08T21:04:58+00:00,1287,60,19448
8763571797,2026-04-08T21:04:34+00:00,1232,60,19448
8763568340,2026-04-08T21:00:21+00:00,2720,60,19448
8763554825,2026-04-08T20:43:57+00:00,3022,60,19448
8763552765,2026-04-08T20:43:36+00:00,1636,60,19201
8763532684,2026-04-08T20:18:52+00:00,2189,60,19434
8763525775,2026-04-08T20:11:32+00:00,1756,60,19448
8763519749,2026-04-08T20:05:40+00:00,1546,60,19201
8763518598,2026-04-08T20:04:06+00:00,3060,60,19448
8763493227,2026-04-08T19:39:14+00:00,2582,60,19255
8763492322,2026-04-08T19:38:25+00:00,1403,60,19434
8763458187,2026-04-08T19:07:25+00:00,2546,60,18867
8763451782,2026-04-08T19:01:53+00:00,1501,60,19434
8763405558,2026-04-08T18:27:02+00:00,2352,60,19255
8763384567,2026-04-08T18:08:08+00:00,2676,60,18867
8763377829,2026-04-08T18:00:53+00:00,1754,60,19434
8763341381,2026-04-08T17:32:03+00:00,2524,60,19448
8763316707,2026-04-08T17:12:57+00:00,2036,60,19434
8763313524,2026-04-08T17:15:19+00:00,2081,60,19255
8763298132,2026-04-08T16:59:48+00:00,2293,60,18867
8763279666,2026-04-08T16:44:56+00:00,1643,60,18959
8763264847,2026-04-08T16:33:31+00:00,2264,60,19448
8763263067,2026-04-08T16:32:15+00:00,1899,60,19448
8763246637,2026-04-08T16:20:07+00:00,3968,60,19448
8763243203,2026-04-08T16:17:35+00:00,1646,60,19434
8763238308,2026-04-08T16:15:19+00:00,1874,60,19255
8763235260,2026-04-08T16:11:54+00:00,1459,60,18959
8763231832,2026-04-08T16:09:17+00:00,1915,60,18867
8763197606,2026-04-08T15:45:46+00:00,1989,60,19448
8763187127,2026-04-08T15:39:04+00:00,2354,60,19448
8763172886,2026-04-08T15:29:10+00:00,1634,60,18959
8763163352,2026-04-08T15:21:54+00:00,1910,60,19448
8763153594,2026-04-08T15:15:18+00:00,2116,60,19448
8763127519,2026-04-08T14:58:53+00:00,568,60,19448
8763126741,2026-04-08T14:58:21+00:00,2163,60,19448
8763120187,2026-04-08T14:58:07+00:00,2979,60,19255
8763118278,2026-04-08T15:16:18+00:00,1737,60,18867
8763117804,2026-04-08T14:54:13+00:00,1523,60,18959
8763116976,2026-04-08T14:52:00+00:00,3679,60,19448
8763107648,2026-04-08T14:45:47+00:00,1876,60,19448
8763074358,2026-04-08T14:23:52+00:00,1965,60,19448
8763052010,2026-04-08T14:09:02+00:00,1149,60,19448
8763050962,2026-04-08T14:08:22+00:00,1103,60,19448
8763049479,2026-04-08T14:07:23+00:00,3542,60,19448
8763049026,2026-04-08T14:07:03+00:00,1741,60,19448
8763047466,2026-04-08T14:06:35+00:00,2197,60,18959
8763037271,2026-04-08T13:59:24+00:00,2714,60,19448
8763005506,2026-04-08T13:38:48+00:00,3547,60,19448
8763000090,2026-04-08T13:36:11+00:00,2672,60,19255
8762999931,2026-04-08T13:34:16+00:00,1977,60,18867
8762992447,2026-04-08T13:29:07+00:00,623,60,19448
8762985823,2026-04-08T13:24:30+00:00,3459,60,19448
8762985228,2026-04-08T13:25:13+00:00,1336,60,19448
8762984805,2026-04-08T13:23:47+00:00,2597,60,19448
8762981617,2026-04-08T13:21:59+00:00,1877,60,18959
8762963822,2026-04-08T13:08:59+00:00,1197,60,19448
8762961353,2026-04-08T13:07:08+00:00,564,60,19448
8762929426,2026-04-08T12:44:03+00:00,1461,60,18867
8762926659,2026-04-08T12:41:38+00:00,1964,60,18959
8762900221,2026-04-08T12:23:08+00:00,2689,60,19255
8762879993,2026-04-08T12:04:04+00:00,1648,60,18959
8762861981,2026-04-08T11:46:52+00:00,1518,60,18867
8762810886,2026-04-08T11:00:22+00:00,3385,60,19255
8762800736,2026-04-08T10:46:00+00:00,2061,60,18959
8762788237,2026-04-08T10:32:58+00:00,3385,60,18867
8762754966,2026-04-08T09:51:06+00:00,2164,60,18959
8762738967,2026-04-08T09:29:07+00:00,2234,60,19448
8762735978,2026-04-08T09:25:13+00:00,2794,60,18867
8762728001,2026-04-08T09:14:35+00:00,2838,60,19448
8762725627,2026-04-08T09:13:31+00:00,3055,60,19255
8762725282,2026-04-08T09:11:00+00:00,3045,60,19448
8762721493,2026-04-08T09:08:01+00:00,1210,60,19448
8762716548,2026-04-08T09:00:59+00:00,2090,60,18959
8762711910,2026-04-08T08:52:47+00:00,3092,60,19448
8762701143,2026-04-08T08:38:25+00:00,1876,60,18867
8762690102,2026-04-08T08:23:01+00:00,2364,60,19448
8763019468,2026-04-08T13:47:27+00:00,2075,60,19448
8763014041,2026-04-08T13:44:45+00:00,1360,60,19448
8762684560,2026-04-08T08:14:38+00:00,1846,60,18959
8762683726,2026-04-08T08:13:25+00:00,2299,60,19448
8762679854,2026-04-08T08:08:03+00:00,2159,60,19448
8762678355,2026-04-08T08:05:57+00:00,2770,60,19448
8762677964,2026-04-08T08:05:23+00:00,1967,60,19448
8762676669,2026-04-08T08:03:29+00:00,1506,60,19448
8762674787,2026-04-08T08:04:55+00:00,2097,60,19448
8762670913,2026-04-08T08:00:26+00:00,2409,60,19255
8762660604,2026-04-08T07:41:16+00:00,1397,60,18959
8762657669,2026-04-08T07:36:35+00:00,2179,60,18867
8762647031,2026-04-08T07:20:19+00:00,2203,60,18959
8762637719,2026-04-08T07:05:36+00:00,1429,60,18959
8762634495,2026-04-08T07:06:30+00:00,2116,60,19448
8762620750,2026-04-08T06:38:11+00:00,2566,60,18867
8762618665,2026-04-08T06:35:28+00:00,2095,60,18959
8762610938,2026-04-08T06:22:25+00:00,1969,60,18959
8762601368,2026-04-08T06:13:35+00:00,2432,60,19448
8762595130,2026-04-08T05:55:49+00:00,1734,60,18959
8762580853,2026-04-08T05:32:00+00:00,2104,60,18959
8762572899,2026-04-08T05:14:23+00:00,2698,60,18867
8762564423,2026-04-08T04:59:48+00:00,2472,60,18959
8762557930,2026-04-08T04:47:20+00:00,1842,60,18959
8762538021,2026-04-08T04:12:56+00:00,2304,60,18959
8762534213,2026-04-08T04:06:17+00:00,1784,60,18959
8762472355,2026-04-08T02:08:42+00:00,1564,60,19201
8762455019,2026-04-08T01:34:46+00:00,1537,60,19201
8762433364,2026-04-08T00:51:32+00:00,1611,60,19201
8762414084,2026-04-08T00:08:36+00:00,1616,60,19201
8762393297,2026-04-07T23:26:39+00:00,1899,60,19201
8762374306,2026-04-07T22:46:05+00:00,1844,60,19201
8762350292,2026-04-07T22:11:57+00:00,1441,60,19201
8762324984,2026-04-07T21:24:09+00:00,1837,60,19201
8762294645,2026-04-07T20:45:40+00:00,1692,60,19201
8762271616,2026-04-07T20:17:20+00:00,4044,60,19255
8762256360,2026-04-07T20:03:18+00:00,1692,60,19201
8762190571,2026-04-07T19:03:12+00:00,2969,60,19255
8762174314,2026-04-07T18:45:25+00:00,1366,60,18867
8762128911,2026-04-07T18:10:35+00:00,1578,60,19255
8762106514,2026-04-07T17:53:12+00:00,2259,60,18867
8762007038,2026-04-07T16:38:18+00:00,2688,60,19255
8761997317,2026-04-07T16:29:54+00:00,2523,60,18866
8761976336,2026-04-07T16:14:42+00:00,2749,60,18867
8761916173,2026-04-07T15:33:35+00:00,1687,60,18959
8761895154,2026-04-07T15:25:18+00:00,2848,60,19255
8761864760,2026-04-07T15:02:35+00:00,3447,60,18866
8761856224,2026-04-07T14:59:13+00:00,2946,60,18867
8761853810,2026-04-07T14:53:21+00:00,1949,60,18959
8761790501,2026-04-07T14:10:32+00:00,1633,60,18959
8761774392,2026-04-07T14:04:27+00:00,2649,60,19255
8761770803,2026-04-07T13:57:20+00:00,1563,60,18867
8761726846,2026-04-07T13:28:26+00:00,2298,60,18866
8761723066,2026-04-07T13:26:43+00:00,1927,60,18959
8761688704,2026-04-07T13:02:31+00:00,2368,60,18867
8761673426,2026-04-07T12:55:09+00:00,2365,60,19255
8761662943,2026-04-07T12:44:05+00:00,1843,60,18959
8761613838,2026-04-07T12:05:13+00:00,1749,60,18867
8761610032,2026-04-07T12:02:38+00:00,1781,60,18959
8761596720,2026-04-07T11:59:06+00:00,3658,60,18866
8761588726,2026-04-07T11:46:23+00:00,1870,60,19255
8761543012,2026-04-07T11:11:52+00:00,1870,60,18867
8761522487,2026-04-07T10:38:32+00:00,1773,60,18959
8761515506,2026-04-07T10:32:54+00:00,2601,60,19255
8761498696,2026-04-07T10:10:55+00:00,2286,60,18866
8761498049,2026-04-07T10:10:50+00:00,1143,60,18959
8761483935,2026-04-07T09:54:14+00:00,2674,60,18867
8761463501,2026-04-07T09:27:47+00:00,1692,60,18959
8761452929,2026-04-07T09:18:33+00:00,2815,60,19255
8761444052,2026-04-07T09:04:06+00:00,2394,60,18866
8761440229,2026-04-07T08:56:26+00:00,2429,60,18867
8761432363,2026-04-07T08:47:01+00:00,1885,60,18959
8761402060,2026-04-07T08:03:36+00:00,1930,60,18959
8761397446,2026-04-07T07:59:27+00:00,2422,60,19255
8761394747,2026-04-07T08:01:28+00:00,2503,60,18867
8761369063,2026-04-07T07:14:23+00:00,2047,60,18959
8761368985,2026-04-07T07:13:47+00:00,2487,60,18865
8761364295,2026-04-07T07:08:06+00:00,1853,60,18959
8761361068,2026-04-07T07:01:40+00:00,1879,60,19255
8761351394,2026-04-07T06:46:49+00:00,2839,60,18867
8761340599,2026-04-07T06:29:03+00:00,1834,60,18959
8761336801,2026-04-07T06:23:32+00:00,1646,60,18959
8761332164,2026-04-07T06:14:10+00:00,1129,60,18867
8761324160,2026-04-07T06:10:02+00:00,1917,60,18865
8761313283,2026-04-07T05:41:41+00:00,2218,60,18959
8761307222,2026-04-07T05:30:53+00:00,2005,60,18959
8761301137,2026-04-07T05:21:53+00:00,2093,60,18867
8761285391,2026-04-07T04:51:39+00:00,1993,60,18959
8761282728,2026-04-07T04:46:14+00:00,2450,60,18865
8761282462,2026-04-07T04:46:55+00:00,1744,60,18959
8761262743,2026-04-07T04:11:06+00:00,1732,60,18959
8761262387,2026-04-07T04:10:03+00:00,1738,60,18959
8761233160,2026-04-07T03:17:20+00:00,2370,60,18865
8761229552,2026-04-07T03:10:16+00:00,1416,60,19201
8761209491,2026-04-07T02:34:18+00:00,1642,60,19201
8761186017,2026-04-07T01:51:08+00:00,1709,60,19201
8761162412,2026-04-07T01:05:25+00:00,1784,60,19201
8761146659,2026-04-07T00:25:49+00:00,1444,60,19201
8761124209,2026-04-06T23:39:41+00:00,1870,60,19201
8761101602,2026-04-06T22:53:48+00:00,2045,60,19201
8761078030,2026-04-06T22:12:45+00:00,1817,60,19201
8761054697,2026-04-06T21:37:08+00:00,1532,60,19201
8761051241,2026-04-06T21:31:40+00:00,2663,60,19255
8761013273,2026-04-06T20:45:31+00:00,2157,60,19201
8760986413,2026-04-06T20:14:54+00:00,3658,60,19255
8760975621,2026-04-06T20:04:40+00:00,1751,60,19201
8760924833,2026-04-06T19:17:28+00:00,1959,60,18866
8760877821,2026-04-06T18:41:17+00:00,2086,60,19255
8760838647,2026-04-06T18:13:37+00:00,2009,60,18866
8760831584,2026-04-06T18:02:08+00:00,2655,60,16251
8760791666,2026-04-06T17:32:03+00:00,1563,60,18867
8760782649,2026-04-06T17:30:11+00:00,2575,60,19255
8760767685,2026-04-06T17:20:47+00:00,1770,60,18866
8760730552,2026-04-06T16:45:26+00:00,1590,60,18867
8760725484,2026-04-06T16:42:11+00:00,2132,60,16251
8760693477,2026-04-06T16:19:14+00:00,2242,60,19255
8760685178,2026-04-06T16:12:25+00:00,2428,60,18866
8760675646,2026-04-06T16:06:46+00:00,1812,60,18959
8760645936,2026-04-06T15:47:14+00:00,2132,60,18867
8760634975,2026-04-06T15:39:02+00:00,893,60,19255
8760625558,2026-04-06T15:31:12+00:00,1584,60,18959
8760592139,2026-04-06T15:10:22+00:00,2346,60,18866
8760567854,2026-04-06T14:53:03+00:00,1657,60,18959
8760507661,2026-04-06T14:14:01+00:00,3442,60,18867
8760501549,2026-04-06T14:10:37+00:00,1815,60,18959
8760484541,2026-04-06T13:59:39+00:00,2492,60,18866
8760477190,2026-04-06T13:57:09+00:00,4374,60,19255
8760440593,2026-04-06T13:32:56+00:00,1716,60,18959
8760401372,2026-04-06T13:23:41+00:00,2049,60,18867
8760377964,2026-04-06T12:52:50+00:00,2082,60,19255
8760373205,2026-04-06T12:48:36+00:00,1874,60,18959
8760373084,2026-04-06T13:00:21+00:00,2007,60,18866
8760316292,2026-04-06T12:07:27+00:00,2743,60,18867
8760314903,2026-04-06T12:06:32+00:00,2116,60,18959
8760305858,2026-04-06T12:03:22+00:00,1530,60,18866
8760282568,2026-04-06T11:45:18+00:00,2465,60,19255
8760261847,2026-04-06T11:21:50+00:00,1837,60,18867
8760224171,2026-04-06T10:46:52+00:00,2001,60,18959
8760209320,2026-04-06T10:36:28+00:00,2540,60,19255
8760207510,2026-04-06T10:29:33+00:00,3780,60,18866
8760186273,2026-04-06T10:09:35+00:00,1689,60,18959
8760180188,2026-04-06T10:06:39+00:00,3558,60,18867
8760139526,2026-04-06T09:18:03+00:00,1947,60,18959
8760126026,2026-04-06T09:05:14+00:00,2418,60,18866
8760122367,2026-04-06T09:02:00+00:00,3919,60,19255
8760097962,2026-04-06T08:33:09+00:00,2063,60,18959
8760094725,2026-04-06T08:29:08+00:00,1401,60,18867
8760069764,2026-04-06T08:03:48+00:00,1920,60,19255
8760060100,2026-04-06T07:51:03+00:00,1963,60,18865
8760055150,2026-04-06T07:46:44+00:00,1799,60,18959
8760043026,2026-04-06T07:32:22+00:00,2534,60,18867
8760025508,2026-04-06T07:12:04+00:00,1760,60,18959
8760016923,2026-04-06T07:01:03+00:00,1787,60,18959
8760013372,2026-04-06T07:00:02+00:00,2320,60,19255
8759993095,2026-04-06T06:31:11+00:00,1816,60,18959
8759990500,2026-04-06T06:29:02+00:00,2271,60,18865
8759988348,2026-04-06T06:24:36+00:00,1597,60,18959
8759983446,2026-04-06T06:17:04+00:00,2429,60,18867
8759962430,2026-04-06T05:49:21+00:00,1842,60,18959
8759952416,2026-04-06T05:34:07+00:00,1968,60,18959
8759947620,2026-04-06T05:27:58+00:00,1626,60,18867
8759939273,2026-04-06T05:16:22+00:00,2072,60,18865
8759927038,2026-04-06T04:56:42+00:00,1859,60,18959
8759921808,2026-04-06T04:48:21+00:00,1920,60,18959
8759904212,2026-04-06T04:20:15+00:00,1664,60,18959
8759895566,2026-04-06T04:06:00+00:00,2053,60,18959
8759892131,2026-04-06T04:00:15+00:00,3198,60,18865
8759860116,2026-04-06T03:11:00+00:00,1685,60,18865
8759805709,2026-04-06T01:45:30+00:00,1743,60,19201
8759786378,2026-04-06T01:13:28+00:00,1461,60,19201
8759767418,2026-04-06T00:39:45+00:00,1447,60,19201
8759744378,2026-04-05T23:58:41+00:00,1989,60,19201
8759719949,2026-04-05T23:16:32+00:00,1847,60,19201
8759694911,2026-04-05T22:35:11+00:00,1674,60,19201
8759662665,2026-04-05T21:51:10+00:00,2145,60,19201
8759632037,2026-04-05T21:15:06+00:00,1538,60,19201
8759595848,2026-04-05T20:38:32+00:00,1569,60,19201
8759585866,2026-04-05T20:30:43+00:00,2168,60,19255
8759554720,2026-04-05T19:59:52+00:00,1602,60,19201
8759524795,2026-04-05T19:37:38+00:00,1902,60,19255
8759496537,2026-04-05T19:12:09+00:00,1133,60,19176
8759495671,2026-04-05T19:11:29+00:00,1870,60,18866
8759455338,2026-04-05T18:49:47+00:00,1567,60,19255
8759437959,2026-04-05T18:28:39+00:00,1363,60,18867
8759404481,2026-04-05T18:06:17+00:00,2151,60,18866
8759389654,2026-04-05T17:53:14+00:00,2275,60,19176
8759365083,2026-04-05T17:36:06+00:00,1822,60,18867
8759332195,2026-04-05T17:22:51+00:00,2910,60,19255
8759275827,2026-04-05T16:40:22+00:00,2226,60,18867
8759268855,2026-04-05T16:31:31+00:00,2819,60,19176
8759268107,2026-04-05T16:31:03+00:00,2906,60,19176
8759237219,2026-04-05T16:12:14+00:00,2678,60,19255
8759216209,2026-04-05T15:58:58+00:00,1988,60,18866
8759148357,2026-04-05T15:18:16+00:00,1133,60,19176
8759142969,2026-04-05T15:15:07+00:00,1976,60,19176
8759137761,2026-04-05T15:12:05+00:00,1993,60,18867
8759131183,2026-04-05T15:08:19+00:00,2140,60,19176
8759130935,2026-04-05T15:08:10+00:00,1921,60,19176
8759115636,2026-04-05T15:01:06+00:00,1905,60,18866
8759107304,2026-04-05T15:04:49+00:00,2259,60,19255
8759043262,2026-04-05T14:18:42+00:00,1587,60,19176
8759024455,2026-04-05T14:08:55+00:00,2509,60,18867
8758993964,2026-04-05T13:54:26+00:00,2018,60,19255
8758986109,2026-04-05T13:46:23+00:00,1125,60,19176
8758984714,2026-04-05T13:45:35+00:00,964,60,19176
8758983947,2026-04-05T13:45:10+00:00,2516,60,19176
8758982380,2026-04-05T13:44:17+00:00,1760,60,19176
8758981941,2026-04-05T13:44:01+00:00,2372,60,19176
8758979828,2026-04-05T13:42:50+00:00,2250,60,19176
8758977970,2026-04-05T13:41:47+00:00,3010,60,19176
8758977703,2026-04-05T13:41:37+00:00,1961,60,19176
8758896675,2026-04-05T12:53:41+00:00,2871,60,18866
8758886089,2026-04-05T12:49:40+00:00,2452,60,19255
8758847285,2026-04-05T12:22:17+00:00,1759,60,18867
8758843884,2026-04-05T12:20:06+00:00,1989,60,19176
8758832634,2026-04-05T12:12:44+00:00,964,60,19176
8758830993,2026-04-05T12:11:39+00:00,3060,60,19176
8758826159,2026-04-05T12:08:27+00:00,1289,60,19176
8758825503,2026-04-05T12:08:02+00:00,3062,60,19176
8758824924,2026-04-05T12:07:38+00:00,1204,60,19176
8758824517,2026-04-05T12:07:23+00:00,1448,60,19176
8758823229,2026-04-05T12:06:31+00:00,2799,60,19176
8758820346,2026-04-05T12:04:35+00:00,4066,60,19176
8758819309,2026-04-05T12:03:50+00:00,1759,60,19176
8758818346,2026-04-05T12:03:10+00:00,2281,60,19176
8758817667,2026-04-05T12:02:41+00:00,1825,60,19176
8758817263,2026-04-05T12:02:24+00:00,1693,60,19176
8758815947,2026-04-05T12:01:30+00:00,1734,60,19176
8758815006,2026-04-05T12:00:51+00:00,1977,60,19176
8758809150,2026-04-05T12:01:10+00:00,1562,60,18866
8758783804,2026-04-05T11:45:51+00:00,2176,60,19255
8758779173,2026-04-05T11:41:36+00:00,1376,60,18867
8758724040,2026-04-05T10:54:17+00:00,2712,60,18959
8758709861,2026-04-05T10:42:41+00:00,1463,60,18866
8758692845,2026-04-05T10:32:07+00:00,2069,60,19255
8758674915,2026-04-05T10:14:10+00:00,1648,60,18867
8758665536,2026-04-05T10:07:06+00:00,1896,60,18959
8758615771,2026-04-05T09:24:24+00:00,1487,60,18867
8758612921,2026-04-05T09:22:29+00:00,1790,60,18959
8758604963,2026-04-05T09:14:36+00:00,3195,60,19255
8758577663,2026-04-05T09:04:53+00:00,3661,60,18866
8758559758,2026-04-05T08:37:11+00:00,1905,60,18959
8758516093,2026-04-05T07:59:19+00:00,1905,60,19255
8758509038,2026-04-05T07:48:56+00:00,2021,60,18959
8758464141,2026-04-05T07:03:45+00:00,2029,60,18959
8758459578,2026-04-05T06:57:45+00:00,2310,60,18865
8758458334,2026-04-05T07:00:59+00:00,1994,60,19255
8758426711,2026-04-05T06:21:38+00:00,1912,60,18959
8758413296,2026-04-05T06:06:29+00:00,1529,60,18865
8758397825,2026-04-05T05:47:49+00:00,1942,60,18959
8758391315,2026-04-05T05:38:58+00:00,2162,60,18959
8758367679,2026-04-05T05:08:56+00:00,1756,60,18959
8758351460,2026-04-05T04:47:11+00:00,1904,60,18959
8758342663,2026-04-05T04:34:27+00:00,1613,60,18959
8758326756,2026-04-05T04:12:06+00:00,2508,60,18865
8758320234,2026-04-05T04:03:09+00:00,2037,60,18959
8758309976,2026-04-05T03:49:22+00:00,1818,60,18959
8758281719,2026-04-05T03:09:51+00:00,1769,60,18959
8758278695,2026-04-05T03:10:17+00:00,1757,60,18865
8757928349,2026-04-04T19:52:11+00:00,1790,60,19255
8757859782,2026-04-04T18:55:49+00:00,1470,60,18866
8757847890,2026-04-04T18:53:55+00:00,1976,60,19255
8757778062,2026-04-04T18:00:40+00:00,1230,60,18866
8757773926,2026-04-04T17:54:53+00:00,2118,60,18867
8757769291,2026-04-04T17:55:25+00:00,1243,60,19255
8757661242,2026-04-04T16:39:08+00:00,3275,60,18867
8757649115,2026-04-04T16:34:26+00:00,3356,60,19255
8757612474,2026-04-04T16:06:04+00:00,1865,60,18866
8757611395,2026-04-04T16:05:57+00:00,1655,60,16251
8757544713,2026-04-04T15:23:12+00:00,862,60,16251
8757537699,2026-04-04T15:18:47+00:00,3052,60,18867
8757529698,2026-04-04T15:13:49+00:00,3009,60,19255
8757502114,2026-04-04T15:03:21+00:00,2157,60,18866
8757430059,2026-04-04T14:14:02+00:00,2626,60,18867
8757404869,2026-04-04T14:05:20+00:00,1834,60,19255
8757342214,2026-04-04T13:17:34+00:00,2170,60,18866
8757328241,2026-04-04T13:08:50+00:00,2359,60,18867
8757309458,2026-04-04T12:58:07+00:00,2119,60,19255
8757271594,2026-04-04T12:29:03+00:00,1451,60,18867
8757239436,2026-04-04T12:08:21+00:00,2659,60,18866
8757219877,2026-04-04T11:53:21+00:00,2376,60,19255
8757190637,2026-04-04T11:36:41+00:00,2098,60,18867
8757160530,2026-04-04T11:05:58+00:00,2428,60,18866
8757142614,2026-04-04T10:48:21+00:00,2460,60,19255
8757102128,2026-04-04T10:08:49+00:00,1649,60,18867
8757092595,2026-04-04T09:59:56+00:00,2078,60,18866
8757060921,2026-04-04T09:30:55+00:00,1753,60,18959
8757049091,2026-04-04T09:28:31+00:00,1249,60,18867
8757036119,2026-04-04T09:13:11+00:00,3961,60,19255
8757033023,2026-04-04T09:04:23+00:00,1768,60,18866
8757009779,2026-04-04T08:43:03+00:00,1691,60,18959
8756996224,2026-04-04T08:28:06+00:00,1812,60,18865
8756994043,2026-04-04T08:25:57+00:00,2022,60,19255
8756965637,2026-04-04T07:58:57+00:00,1986,60,18959
8756928815,2026-04-04T07:19:44+00:00,1646,60,18959
8756921090,2026-04-04T07:12:44+00:00,2672,60,18865
8756907812,2026-04-04T07:00:17+00:00,2488,60,19255
8756894277,2026-04-04T06:40:30+00:00,1598,60,18959
8756861728,2026-04-04T06:05:13+00:00,2295,60,18865
8756846037,2026-04-04T05:43:46+00:00,1797,60,18959
8756816056,2026-04-04T05:04:17+00:00,1852,60,18959
8756807380,2026-04-04T04:51:30+00:00,2156,60,18865
8756780923,2026-04-04T04:14:47+00:00,1956,60,18959
8756756115,2026-04-04T03:40:30+00:00,1372,60,19201
8756748892,2026-04-04T03:28:34+00:00,2799,60,18865
8756734688,2026-04-04T03:09:27+00:00,1322,60,19201
8756706438,2026-04-04T02:30:00+00:00,1721,60,19201
8756680931,2026-04-04T01:51:38+00:00,1547,60,19201
8756657566,2026-04-04T01:15:13+00:00,1511,60,19201
8756621294,2026-04-04T00:15:45+00:00,1942,60,19201
8756593876,2026-04-03T23:30:24+00:00,1921,60,19201
8756562625,2026-04-03T22:45:24+00:00,1840,60,19201
8756532183,2026-04-03T22:08:50+00:00,1596,60,19201
8756494768,2026-04-03T21:28:13+00:00,1755,60,19201
8756483769,2026-04-03T21:19:43+00:00,2541,60,18866
8756448674,2026-04-03T20:46:44+00:00,1945,60,19201
8756409569,2026-04-03T20:12:06+00:00,2004,60,18866
8756397041,2026-04-03T20:03:28+00:00,2036,60,19201
8756337979,2026-04-03T19:17:08+00:00,2063,60,18867
8756316629,2026-04-03T19:05:40+00:00,2171,60,18866
8756252869,2026-04-03T18:15:44+00:00,2476,60,19507
8756244734,2026-04-03T18:10:25+00:00,2615,60,18867
8756222687,2026-04-03T17:59:53+00:00,2245,60,18866
8756138636,2026-04-03T16:56:30+00:00,2474,60,18867
8756119510,2026-04-03T16:42:52+00:00,3207,60,18866
8756106030,2026-04-03T16:34:26+00:00,2166,60,16251
8756066561,2026-04-03T16:08:20+00:00,1919,60,18867
8756065308,2026-04-03T16:07:55+00:00,1687,60,18959
8756019994,2026-04-03T15:38:29+00:00,2101,60,18866
8756013998,2026-04-03T15:34:39+00:00,1427,60,18867
8756011660,2026-04-03T15:33:40+00:00,1546,60,18959
8755944900,2026-04-03T14:53:03+00:00,1849,60,18959
8755904884,2026-04-03T14:29:04+00:00,2268,60,18866
8755883203,2026-04-03T14:14:22+00:00,1688,60,18959
8755864652,2026-04-03T14:03:11+00:00,2393,60,18867
8755824063,2026-04-03T13:37:05+00:00,1452,60,18866
8755816932,2026-04-03T13:33:27+00:00,1749,60,18959
8755795084,2026-04-03T13:18:35+00:00,3162,60,18477
8755448883,2026-04-03T08:00:26+00:00,2046,60,19538
8755445695,2026-04-03T08:09:20+00:00,1989,60,19539
8755442469,2026-04-03T07:46:41+00:00,2221,60,18865
8755425925,2026-04-03T07:26:01+00:00,1827,60,19520
8755421741,2026-04-03T07:20:57+00:00,1842,60,18959
8755411371,2026-04-03T07:09:29+00:00,1874,60,18959
8755401259,2026-04-03T06:54:20+00:00,1975,60,18867
8755393069,2026-04-03T06:42:52+00:00,2425,60,19538
8755383807,2026-04-03T06:31:26+00:00,2106,60,18959
8755376221,2026-04-03T06:30:27+00:00,1801,60,18959
8755368636,2026-04-03T06:11:11+00:00,3893,60,18865
8755366466,2026-04-03T06:05:52+00:00,2004,60,19520
8755358159,2026-04-03T05:53:56+00:00,2219,60,18867
8755353377,2026-04-03T05:47:32+00:00,1519,60,18959
8755348473,2026-04-03T05:41:36+00:00,1774,60,18959
8755330806,2026-04-03T05:14:22+00:00,1278,60,18867
8755330238,2026-04-03T05:12:30+00:00,2549,60,19538
8755320580,2026-04-03T04:58:38+00:00,1734,60,18959
8755319869,2026-04-03T04:56:58+00:00,2108,60,18959
8755317345,2026-04-03T05:02:51+00:00,1894,60,19520
8755290820,2026-04-03T04:12:21+00:00,1726,60,18959
8755286537,2026-04-03T04:07:01+00:00,2054,60,18959
8755286011,2026-04-03T04:04:57+00:00,3126,60,18865
8755273706,2026-04-03T04:00:05+00:00,2733,60,19538
8755245590,2026-04-03T03:04:08+00:00,2142,60,18865
8755217018,2026-04-03T02:15:23+00:00,2410,60,19538
8755192195,2026-04-03T01:33:32+00:00,1784,60,19201
8755174140,2026-04-03T01:00:52+00:00,1451,60,19201
8755165095,2026-04-03T00:59:59+00:00,3162,60,19538
8755149283,2026-04-03T00:12:48+00:00,2225,60,19201
8755129721,2026-04-02T23:35:32+00:00,1617,60,19201
8755102469,2026-04-02T22:49:44+00:00,1786,60,19201
8755076310,2026-04-02T22:08:45+00:00,1605,60,19201
8755038815,2026-04-02T21:19:59+00:00,2140,60,19201
8755003831,2026-04-02T20:40:04+00:00,1644,60,19201
8754959676,2026-04-02T20:01:43+00:00,1586,60,19201
8754924943,2026-04-02T19:28:28+00:00,3134,60,18866
8754905468,2026-04-02T19:12:24+00:00,2279,60,19539
8754900794,2026-04-02T19:08:40+00:00,1466,60,18867
8754890847,2026-04-02T19:01:37+00:00,2412,60,16251
8754844149,2026-04-02T18:25:37+00:00,1764,60,18867
8754824467,2026-04-02T18:13:08+00:00,2773,60,18866
8754811839,2026-04-02T17:59:32+00:00,2525,60,19539
8754777318,2026-04-02T17:33:54+00:00,1778,60,18867
8754738206,2026-04-02T17:04:55+00:00,1889,60,18866
8754724708,2026-04-02T16:55:30+00:00,2489,60,16251
8754711076,2026-04-02T17:00:15+00:00,2018,60,19539
8754710403,2026-04-02T16:44:43+00:00,1736,60,18867
8754651371,2026-04-02T16:03:59+00:00,1804,60,18959
8754630807,2026-04-02T15:53:31+00:00,2001,60,18867
8754628639,2026-04-02T15:55:25+00:00,2742,60,18866
8754582619,2026-04-02T15:16:34+00:00,2302,60,19539
8754581610,2026-04-02T15:16:35+00:00,1712,60,18959
8754538685,2026-04-02T14:51:23+00:00,2298,60,18866
8754532595,2026-04-02T14:43:38+00:00,1469,60,18867
8754525806,2026-04-02T14:39:23+00:00,1587,60,18959
8754485527,2026-04-02T14:13:11+00:00,1528,60,18867
8754467100,2026-04-02T14:01:28+00:00,1833,60,18959
8754463676,2026-04-02T14:05:41+00:00,2556,60,19539
8754452588,2026-04-02T13:51:25+00:00,2160,60,18866
8754403857,2026-04-02T13:19:04+00:00,1997,60,18959
8754355614,2026-04-02T12:44:21+00:00,1668,60,18959
8754352117,2026-04-02T12:41:12+00:00,3182,60,19539
8754333423,2026-04-02T12:26:48+00:00,1673,60,18867
8754328354,2026-04-02T12:40:20+00:00,2784,60,18866
8754305127,2026-04-02T12:07:42+00:00,2132,60,19538
8754301779,2026-04-02T12:01:35+00:00,1845,60,18959
8754266490,2026-04-02T11:30:34+00:00,1821,60,18959
8754260419,2026-04-02T11:24:53+00:00,2715,60,18867
8754248527,2026-04-02T11:24:46+00:00,2802,60,19539
8754245420,2026-04-02T11:13:48+00:00,2584,60,18866
8754236176,2026-04-02T11:01:11+00:00,1578,60,19520
8754228940,2026-04-02T10:53:56+00:00,2766,60,19538
8754219728,2026-04-02T10:45:59+00:00,1253,60,18867
8754219422,2026-04-02T10:44:49+00:00,2010,60,18959
8754200630,2026-04-02T10:23:45+00:00,1668,60,18866
8754195782,2026-04-02T10:23:12+00:00,1632,60,19539
8754181843,2026-04-02T10:07:57+00:00,1863,60,19520
8754176052,2026-04-02T09:57:04+00:00,1908,60,18959
8754170570,2026-04-02T09:59:54+00:00,1861,60,19538
8754158247,2026-04-02T09:35:17+00:00,2622,60,18867
8754154422,2026-04-02T09:30:36+00:00,1577,60,19539
8754140367,2026-04-02T09:13:36+00:00,1991,60,18959
8754127507,2026-04-02T08:57:16+00:00,1643,60,19520
8754120680,2026-04-02T08:58:37+00:00,3390,60,18866
8754115683,2026-04-02T08:43:31+00:00,2062,60,18867
8754104311,2026-04-02T08:27:52+00:00,1771,60,18959
8754095340,2026-04-02T08:16:01+00:00,3912,60,19538
8754079014,2026-04-02T08:00:00+00:00,3576,60,19539
8754078295,2026-04-02T08:02:27+00:00,1992,60,19520
8754072653,2026-04-02T07:47:03+00:00,1504,60,18959
8754062970,2026-04-02T07:32:57+00:00,2234,60,18867
8754059346,2026-04-02T07:28:48+00:00,1884,60,18959
8754040588,2026-04-02T07:01:28+00:00,1959,60,18959
8754028170,2026-04-02T06:59:55+00:00,3017,60,19538
8754025558,2026-04-02T06:38:23+00:00,1939,60,18867
8754023517,2026-04-02T06:35:52+00:00,2196,60,18959
8754021619,2026-04-02T06:32:31+00:00,3318,60,19520
8754013223,2026-04-02T06:24:47+00:00,1649,60,18959
8753994979,2026-04-02T05:52:28+00:00,2050,60,18959
8753984687,2026-04-02T05:35:12+00:00,1829,60,18959
8753983117,2026-04-02T05:33:33+00:00,1890,60,18867
8753981091,2026-04-02T05:28:30+00:00,2152,60,19520
8753975018,2026-04-02T05:18:29+00:00,2158,60,19538
8753970366,2026-04-02T05:11:34+00:00,1701,60,18959
8753955936,2026-04-02T04:47:36+00:00,2248,60,18959
8753944256,2026-04-02T04:27:46+00:00,2299,60,19520
8753933681,2026-04-02T04:11:27+00:00,1701,60,18959
8753933563,2026-04-02T04:09:55+00:00,2177,60,18959
8753926295,2026-04-02T04:00:27+00:00,3009,60,19538
8753899060,2026-04-02T03:06:25+00:00,2450,60,19520
8753863501,2026-04-02T02:03:44+00:00,2294,60,19201
8753862041,2026-04-02T02:00:19+00:00,2189,60,19520
8753860786,2026-04-02T01:57:59+00:00,1334,60,19538
8753843992,2026-04-02T01:27:57+00:00,1606,60,19201
8753832993,2026-04-02T01:03:48+00:00,1469,60,19538
8753826236,2026-04-02T00:50:22+00:00,1667,60,19201
8753807890,2026-04-02T00:13:16+00:00,1604,60,19201
8753787541,2026-04-01T23:25:57+00:00,1907,60,19201
8753768394,2026-04-01T22:48:59+00:00,1541,60,19201
8753745518,2026-04-01T22:08:36+00:00,1646,60,19201
8753715155,2026-04-01T21:22:36+00:00,1951,60,19201
8753682469,2026-04-01T20:43:43+00:00,1617,60,19201
8753642331,2026-04-01T20:03:42+00:00,1801,60,19201
8753565836,2026-04-01T18:59:02+00:00,3146,60,19255
8753558232,2026-04-01T18:49:54+00:00,1818,60,18867
8753498070,2026-04-01T18:01:52+00:00,1935,60,19255
8753468246,2026-04-01T17:47:57+00:00,2200,60,18867
8753381564,2026-04-01T16:32:43+00:00,1617,60,18867
8753357219,2026-04-01T16:15:25+00:00,1687,60,18959
8753304477,2026-04-01T15:38:32+00:00,1525,60,18959
8753300405,2026-04-01T15:35:17+00:00,2052,60,18867
8753228412,2026-04-01T14:46:20+00:00,2305,60,18959
8753172232,2026-04-01T14:08:21+00:00,1728,60,18959
8753169124,2026-04-01T14:05:36+00:00,2427,60,18867
8753113145,2026-04-01T13:28:10+00:00,1732,60,18959
8753055527,2026-04-01T12:47:31+00:00,3435,60,18867
8753050639,2026-04-01T12:43:08+00:00,2095,60,18959
8753003412,2026-04-01T12:05:36+00:00,1810,60,18959
8752965796,2026-04-01T11:31:41+00:00,1750,60,18867
8752930654,2026-04-01T10:58:27+00:00,2057,60,18959
8752916020,2026-04-01T10:45:14+00:00,1749,60,18867
8752883423,2026-04-01T10:06:27+00:00,2433,60,18959
8752849864,2026-04-01T09:25:36+00:00,2104,60,18867
8752843386,2026-04-01T09:18:09+00:00,2133,60,18959
8752812205,2026-04-01T08:37:21+00:00,1867,60,18867
8752803846,2026-04-01T08:26:57+00:00,2181,60,18959
8752768316,2026-04-01T07:39:19+00:00,1704,60,18867
8752763520,2026-04-01T07:32:11+00:00,2331,60,18959
8752750688,2026-04-01T07:13:33+00:00,1710,60,18959
8752730369,2026-04-01T06:43:09+00:00,1923,60,18959
8752720623,2026-04-01T06:31:53+00:00,1765,60,18959
8752718181,2026-04-01T06:22:29+00:00,2270,60,18867
8752703766,2026-04-01T05:59:26+00:00,1744,60,18959
8752691062,2026-04-01T05:38:02+00:00,2089,60,18959
8752679610,2026-04-01T05:32:28+00:00,1840,60,18867
8752669722,2026-04-01T05:00:25+00:00,2330,60,18959
8752664409,2026-04-01T04:53:56+00:00,1784,60,18959
8752644846,2026-04-01T04:15:57+00:00,1654,60,18959
8752643042,2026-04-01T04:13:03+00:00,2067,60,18959
8752601243,2026-04-01T02:55:13+00:00,1551,60,19201
8752578602,2026-04-01T02:14:56+00:00,1778,60,19201
8752559138,2026-04-01T01:36:01+00:00,1522,60,19201
8752542720,2026-04-01T01:01:49+00:00,1570,60,19201
8752521387,2026-04-01T00:18:17+00:00,2204,60,19201
8752501429,2026-03-31T23:35:22+00:00,1759,60,19201
8752481797,2026-03-31T22:56:44+00:00,1664,60,19201
8752457685,2026-03-31T22:12:28+00:00,1829,60,19201
8752424381,2026-03-31T21:26:27+00:00,1617,60,19201
8752385474,2026-03-31T20:39:34+00:00,2130,60,19201
8752347694,2026-03-31T20:01:38+00:00,1624,60,19201
8752278790,2026-03-31T18:55:41+00:00,1966,60,18867
8752213656,2026-03-31T18:05:21+00:00,2021,60,18867
8752141618,2026-03-31T17:09:07+00:00,1349,60,18867
8752131988,2026-03-31T17:02:40+00:00,1660,60,18959
8752064493,2026-03-31T16:12:59+00:00,1999,60,18959
8752050349,2026-03-31T16:03:54+00:00,2552,60,18867
8752000285,2026-03-31T15:27:26+00:00,2042,60,18959
8751948588,2026-03-31T14:53:56+00:00,2050,60,18867
8751936358,2026-03-31T14:44:53+00:00,1771,60,18959
8751884805,2026-03-31T14:11:10+00:00,1499,60,18959
8751867970,2026-03-31T13:59:26+00:00,1975,60,18867
8751822928,2026-03-31T13:30:30+00:00,1809,60,18959
8751773469,2026-03-31T12:57:56+00:00,1692,60,18867
8751758182,2026-03-31T12:44:24+00:00,1865,60,18959
8751705789,2026-03-31T12:04:34+00:00,1847,60,18959
8751666743,2026-03-31T11:28:25+00:00,2225,60,18867
8751636114,2026-03-31T10:59:20+00:00,1919,60,18959
8751616425,2026-03-31T10:41:52+00:00,1302,60,18867
8751608259,2026-03-31T10:29:45+00:00,1600,60,19520
8751596818,2026-03-31T10:17:21+00:00,1894,60,18959
8751573848,2026-03-31T09:53:31+00:00,1689,60,18867
8751558522,2026-03-31T09:35:05+00:00,780,60,19520
8751557760,2026-03-31T09:31:45+00:00,2023,60,18959
8751517759,2026-03-31T08:42:23+00:00,2025,60,18959
8751517501,2026-03-31T08:41:30+00:00,3111,60,18867
8751498764,2026-03-31T08:17:04+00:00,2955,60,19520
8751486879,2026-03-31T08:01:52+00:00,1850,60,18959
8751482407,2026-03-31T07:55:23+00:00,1949,60,19520
8751464842,2026-03-31T07:41:26+00:00,2522,60,18867
8751450814,2026-03-31T07:11:38+00:00,2092,60,18959
8751441718,2026-03-31T07:00:53+00:00,3114,60,19520
8751439553,2026-03-31T06:58:22+00:00,2346,60,19520
8751427702,2026-03-31T06:36:12+00:00,2334,60,18867
8751423684,2026-03-31T06:30:17+00:00,1858,60,18959
8751416235,2026-03-31T06:18:36+00:00,1972,60,18959
8751390913,2026-03-31T05:37:03+00:00,2236,60,18959
8751389419,2026-03-31T05:34:34+00:00,1862,60,18959
8751385274,2026-03-31T05:28:21+00:00,3142,60,18867
8751367633,2026-03-31T04:56:21+00:00,1707,60,18959
8751363937,2026-03-31T04:51:26+00:00,1883,60,18959
8751340143,2026-03-31T04:11:34+00:00,1731,60,18959
8751339290,2026-03-31T04:08:23+00:00,2053,60,18959
8751321501,2026-03-31T03:41:47+00:00,1615,60,19520
8751303527,2026-03-31T03:05:24+00:00,1450,60,19201
8751282578,2026-03-31T02:28:26+00:00,1776,60,19201
8751258067,2026-03-31T01:44:42+00:00,2008,60,19201
8751236402,2026-03-31T01:03:01+00:00,1875,60,19201
8751215179,2026-03-31T00:21:25+00:00,1755,60,19201
8751192361,2026-03-30T23:36:41+00:00,1903,60,19201
8751170701,2026-03-30T22:49:43+00:00,1916,60,19201
8751147323,2026-03-30T22:09:14+00:00,1565,60,19201
8751127569,2026-03-30T21:40:10+00:00,2121,60,18867
8751118379,2026-03-30T21:28:02+00:00,1708,60,19201
8751088438,2026-03-30T20:50:42+00:00,1891,60,18867
8751084859,2026-03-30T20:49:05+00:00,1690,60,19201
8751041189,2026-03-30T20:04:11+00:00,2065,60,19201
8751024420,2026-03-30T19:47:36+00:00,2168,60,18867
8750955292,2026-03-30T18:45:41+00:00,1768,60,18867
8750880708,2026-03-30T17:48:01+00:00,2105,60,18867
8750823879,2026-03-30T17:05:35+00:00,1279,60,18867
8750768642,2026-03-30T16:24:22+00:00,1731,60,18959
8750754956,2026-03-30T16:13:55+00:00,1520,60,18867
8750715385,2026-03-30T15:46:53+00:00,1764,60,18959
8750655017,2026-03-30T15:06:29+00:00,2837,60,18867
8750649789,2026-03-30T15:05:29+00:00,1876,60,18959
8750578961,2026-03-30T14:15:23+00:00,2058,60,18959
8750563954,2026-03-30T14:11:42+00:00,1959,60,19255
8750547785,2026-03-30T13:55:12+00:00,3173,60,18867
8750518921,2026-03-30T13:37:23+00:00,1796,60,18959
8750502711,2026-03-30T13:25:15+00:00,1352,60,18477
8750488026,2026-03-30T13:20:46+00:00,1549,60,19255
8750451722,2026-03-30T12:50:04+00:00,1713,60,18959
8750450313,2026-03-30T12:49:05+00:00,2563,60,18867
8750411613,2026-03-30T12:20:26+00:00,2184,60,18477
8750410165,2026-03-30T12:19:20+00:00,2024,60,18477
8750388568,2026-03-30T12:03:05+00:00,1806,60,18959
8750373432,2026-03-30T11:52:03+00:00,2465,60,18867
8750369233,2026-03-30T11:54:19+00:00,2556,60,19255
8750316733,2026-03-30T11:00:09+00:00,2345,60,19520
8750308006,2026-03-30T10:50:19+00:00,1472,60,18867
8750304734,2026-03-30T10:52:35+00:00,2118,60,19255
8750283605,2026-03-30T10:23:13+00:00,1697,60,18959
8750259236,2026-03-30T10:00:15+00:00,1609,60,19255
8750249409,2026-03-30T09:43:49+00:00,2847,60,18867
8750247101,2026-03-30T09:41:45+00:00,1883,60,18959
8750240751,2026-03-30T09:35:46+00:00,2012,60,19520
8750218681,2026-03-30T09:05:42+00:00,1938,60,18867
8750213645,2026-03-30T09:00:01+00:00,1777,60,18959
8750183428,2026-03-30T08:20:37+00:00,3083,60,19520
8750174677,2026-03-30T08:11:10+00:00,2116,60,18959
8750161286,2026-03-30T07:57:38+00:00,1783,60,19255
8750150836,2026-03-30T07:37:26+00:00,2684,60,18867
8750147055,2026-03-30T07:32:13+00:00,1545,60,18959
8750146152,2026-03-30T07:30:33+00:00,1755,60,18959
8750126383,2026-03-30T07:03:32+00:00,3012,60,19520
8750123500,2026-03-30T07:00:08+00:00,694,60,19520
8750122430,2026-03-30T06:55:35+00:00,1483,60,18867
8750122085,2026-03-30T07:00:38+00:00,1809,60,19255
8750111726,2026-03-30T06:39:32+00:00,1994,60,18959
8750111268,2026-03-30T06:39:58+00:00,1857,60,18959
8750082422,2026-03-30T05:52:29+00:00,2110,60,18959
8750080327,2026-03-30T06:00:25+00:00,1838,60,18959
8750066183,2026-03-30T05:24:56+00:00,4273,60,18867
8750053858,2026-03-30T05:03:51+00:00,1855,60,18959
8750048700,2026-03-30T04:55:15+00:00,2725,60,18959
8750021792,2026-03-30T04:10:40+00:00,1852,60,18959
8750021443,2026-03-30T04:22:01+00:00,1888,60,18959
8750000578,2026-03-30T03:34:37+00:00,2728,60,19520
8749999437,2026-03-30T03:35:07+00:00,2940,60,19520
8749999137,2026-03-30T03:36:24+00:00,2409,60,19520
8749985307,2026-03-30T03:07:43+00:00,2105,60,19201
8749957591,2026-03-30T02:20:07+00:00,2109,60,19201
8749933739,2026-03-30T01:39:07+00:00,1890,60,19201
8749912983,2026-03-30T01:01:15+00:00,1514,60,19201
8749892091,2026-03-30T00:22:32+00:00,1819,60,19201
8749871656,2026-03-29T23:45:46+00:00,1644,60,19201
8749845136,2026-03-29T23:01:33+00:00,1968,60,19201
8749833141,2026-03-29T22:41:46+00:00,1951,60,19467
8749823604,2026-03-29T22:26:16+00:00,1329,60,19467
8749809128,2026-03-29T22:08:56+00:00,1765,60,19201
8749790435,2026-03-29T21:41:55+00:00,1705,60,19467
8749780096,2026-03-29T21:29:56+00:00,1572,60,19201
8749777329,2026-03-29T21:27:43+00:00,1639,60,19467
8749741237,2026-03-29T20:47:59+00:00,1713,60,19201
8749737860,2026-03-29T20:44:00+00:00,1835,60,19467
8749721094,2026-03-29T20:28:32+00:00,2136,60,19467
8749698741,2026-03-29T20:07:42+00:00,1837,60,19201
8749655300,2026-03-29T19:34:20+00:00,1662,60,19422
8749652988,2026-03-29T19:29:08+00:00,2402,60,18867
8749644755,2026-03-29T19:22:38+00:00,1678,60,19467
8749625824,2026-03-29T19:11:45+00:00,1722,60,19467
8749589036,2026-03-29T18:40:32+00:00,1760,60,18867
8749533801,2026-03-29T18:04:57+00:00,2264,60,19422
8749530326,2026-03-29T17:57:30+00:00,2408,60,19176
8749463873,2026-03-29T17:09:35+00:00,1264,60,18867
8749454702,2026-03-29T17:03:06+00:00,1630,60,19176
8749440696,2026-03-29T16:53:07+00:00,1704,60,19176
8749433933,2026-03-29T16:48:23+00:00,2073,60,19176
8749401157,2026-03-29T16:30:59+00:00,3748,60,19422
8749367028,2026-03-29T16:10:50+00:00,1795,60,18867
8749317442,2026-03-29T15:31:49+00:00,2002,60,19176
8749309716,2026-03-29T15:27:01+00:00,2890,60,19176
8749299001,2026-03-29T15:20:21+00:00,2503,60,19176
8749296182,2026-03-29T15:18:37+00:00,3782,60,19176
8749292870,2026-03-29T15:16:36+00:00,3242,60,19176
8749290937,2026-03-29T15:18:55+00:00,2439,60,19422
8749282562,2026-03-29T15:14:02+00:00,1445,60,18867
8749187348,2026-03-29T14:14:29+00:00,2163,60,18867
8749147435,2026-03-29T13:49:43+00:00,1880,60,19176
8749140718,2026-03-29T13:45:33+00:00,1698,60,19176
8749133252,2026-03-29T13:40:53+00:00,1598,60,19176
8749127626,2026-03-29T13:37:27+00:00,3453,60,19176
8749126860,2026-03-29T13:36:58+00:00,2357,60,19176
8749124693,2026-03-29T13:35:39+00:00,1737,60,19176
8749124621,2026-03-29T13:35:37+00:00,1828,60,19176
8749124403,2026-03-29T13:35:28+00:00,2157,60,19176
8749124345,2026-03-29T13:35:26+00:00,1353,60,19176
8749123972,2026-03-29T13:35:13+00:00,1278,60,19176
8749119981,2026-03-29T13:32:46+00:00,1113,60,19176
8749102310,2026-03-29T13:21:57+00:00,2037,60,19422
8749092500,2026-03-29T13:16:28+00:00,2186,60,18867
8749005585,2026-03-29T12:18:59+00:00,1626,60,18867
8749004525,2026-03-29T12:18:16+00:00,1079,60,19176
8748997250,2026-03-29T12:13:25+00:00,1359,60,19176
8748993823,2026-03-29T12:11:06+00:00,2746,60,19176
8748993377,2026-03-29T12:16:49+00:00,2037,60,19422
8748989743,2026-03-29T12:08:22+00:00,475,60,19176
8748989334,2026-03-29T12:08:05+00:00,1238,60,19176
8748988994,2026-03-29T12:07:51+00:00,3067,60,19176
8748988858,2026-03-29T12:07:45+00:00,2534,60,19176
8748987284,2026-03-29T12:06:42+00:00,1901,60,19176
8748987175,2026-03-29T12:06:38+00:00,1967,60,19176
8748986679,2026-03-29T12:06:18+00:00,2742,60,19176
8748985791,2026-03-29T12:05:42+00:00,1332,60,19176
8748984652,2026-03-29T12:04:56+00:00,964,60,19176
8748984145,2026-03-29T12:04:37+00:00,2489,60,19176
8748983971,2026-03-29T12:04:31+00:00,1245,60,19176
8748983797,2026-03-29T12:04:24+00:00,4531,60,19176
8748983690,2026-03-29T12:04:20+00:00,2376,60,19176
8748983682,2026-03-29T12:04:20+00:00,2570,60,19176
8748983086,2026-03-29T12:03:54+00:00,2061,60,19176
8748962660,2026-03-29T11:49:30+00:00,2000,60,18959
8748935977,2026-03-29T11:29:37+00:00,1738,60,18867
8748904227,2026-03-29T11:04:40+00:00,2439,60,19422
8748880560,2026-03-29T10:45:57+00:00,2849,60,18959
8748838607,2026-03-29T10:12:22+00:00,2816,60,18867
8748816019,2026-03-29T09:53:37+00:00,2164,60,18959
8748777873,2026-03-29T09:21:30+00:00,1983,60,18867
8748759002,2026-03-29T09:06:32+00:00,2032,60,18959
8748726162,2026-03-29T08:38:51+00:00,1713,60,18959
8748714132,2026-03-29T08:28:30+00:00,1796,60,18959
8748701183,2026-03-29T08:19:37+00:00,2589,60,18867
8748684403,2026-03-29T08:02:54+00:00,1521,60,18959
8748666605,2026-03-29T07:46:46+00:00,1931,60,18959
8748636158,2026-03-29T07:21:57+00:00,1819,60,18959
8748626074,2026-03-29T07:07:28+00:00,1616,60,18959
8748615379,2026-03-29T06:55:34+00:00,2249,60,18867
8748590365,2026-03-29T06:30:39+00:00,1737,60,18959
8748589867,2026-03-29T06:29:45+00:00,1680,60,18959
8748564044,2026-03-29T05:59:39+00:00,2412,60,18867
8748556960,2026-03-29T05:52:07+00:00,1464,60,18959
8748550719,2026-03-29T05:43:53+00:00,2005,60,18959
8748527298,2026-03-29T05:14:45+00:00,1721,60,18959
8748503689,2026-03-29T04:44:42+00:00,2467,60,18959
8748473200,2026-03-29T04:03:53+00:00,1933,60,18959
8748268838,2026-03-28T22:59:11+00:00,2594,60,19467
8748247022,2026-03-28T22:30:32+00:00,3360,60,19467
8748186049,2026-03-28T21:23:23+00:00,2809,60,19467
8748183371,2026-03-28T21:22:48+00:00,1749,60,19467
8748176080,2026-03-28T21:17:55+00:00,2037,60,19422
8748115138,2026-03-28T20:17:52+00:00,1122,60,18867
8748105023,2026-03-28T20:09:53+00:00,2551,60,19467
8748097177,2026-03-28T20:03:03+00:00,1435,60,19467
8748080084,2026-03-28T19:54:59+00:00,2869,60,19422
8748032480,2026-03-28T19:14:10+00:00,2580,60,18867
8748020535,2026-03-28T19:06:04+00:00,1359,60,19467
8748017712,2026-03-28T19:04:37+00:00,1850,60,19467
8748008577,2026-03-28T18:59:18+00:00,1333,60,19422
8747972285,2026-03-28T18:30:44+00:00,1610,60,18867
8747893642,2026-03-28T17:35:06+00:00,1342,60,18867
8747822091,2026-03-28T16:46:58+00:00,1501,60,19422
8747789593,2026-03-28T16:21:15+00:00,2211,60,18867
8747660830,2026-03-28T15:30:55+00:00,2648,60,19422
8747634932,2026-03-28T14:44:50+00:00,3674,60,18867
8747525830,2026-03-28T13:39:51+00:00,2504,60,18867
8747486863,2026-03-28T13:19:56+00:00,1841,60,19422
8747430390,2026-03-28T12:38:13+00:00,2306,60,18867
8747354565,2026-03-28T11:59:38+00:00,2756,60,19422
8747345967,2026-03-28T11:38:35+00:00,2318,60,18867
8747301386,2026-03-28T11:00:37+00:00,1680,60,18959
8747254451,2026-03-28T10:22:55+00:00,1618,60,18959
8747241875,2026-03-28T10:08:23+00:00,2958,60,18867
8747195737,2026-03-28T09:27:42+00:00,1801,60,18959
8747179150,2026-03-28T09:11:11+00:00,2271,60,18867
8747149373,2026-03-28T08:44:08+00:00,1568,60,18959
8747105300,2026-03-28T08:03:01+00:00,1726,60,18959
8747087851,2026-03-28T07:45:42+00:00,2045,60,18867
8747069956,2026-03-28T07:25:51+00:00,1384,60,18959
8747049674,2026-03-28T07:02:58+00:00,1450,60,18867
8747027812,2026-03-28T06:42:30+00:00,1890,60,18959
8747007006,2026-03-28T06:14:27+00:00,1792,60,18867
8746994454,2026-03-28T05:59:27+00:00,1692,60,18959
8746964633,2026-03-28T05:21:06+00:00,1620,60,18959
8746932153,2026-03-28T04:37:53+00:00,1877,60,18959
8746835631,2026-03-28T02:19:38+00:00,1686,60,19201
8746809299,2026-03-28T01:39:55+00:00,1863,60,19201
8746784326,2026-03-28T00:58:41+00:00,1791,60,19201
8746757013,2026-03-28T00:11:51+00:00,1966,60,19201
8746733146,2026-03-27T23:34:00+00:00,1667,60,19201
8746708010,2026-03-27T22:53:40+00:00,1555,60,19201
8746677034,2026-03-27T22:12:37+00:00,1737,60,19201
8746649774,2026-03-27T21:44:59+00:00,4397,60,19422
8746634226,2026-03-27T21:25:10+00:00,1943,60,19201
8746592208,2026-03-27T20:45:30+00:00,1438,60,18867
8746589986,2026-03-27T20:43:13+00:00,1931,60,19201
8746557862,2026-03-27T20:19:00+00:00,2500,60,19422
8746541961,2026-03-27T20:01:42+00:00,1820,60,19201
8746511263,2026-03-27T19:38:38+00:00,2451,60,18866
8746490111,2026-03-27T19:19:35+00:00,3213,60,18867
8746446635,2026-03-27T19:05:06+00:00,2525,60,19422
8746404665,2026-03-27T18:12:01+00:00,2484,60,18867
8746401916,2026-03-27T18:09:25+00:00,3265,60,18866
8746313247,2026-03-27T17:08:58+00:00,1904,60,19422
8746310653,2026-03-27T17:05:38+00:00,1911,60,18866
8746308850,2026-03-27T17:01:06+00:00,1573,60,18867
8746231075,2026-03-27T16:10:23+00:00,1545,60,18867
8746223990,2026-03-27T16:02:53+00:00,2222,60,19378
8746219838,2026-03-27T16:00:41+00:00,2307,60,18959
8746216605,2026-03-27T16:01:40+00:00,2080,60,19422
8746211447,2026-03-27T15:54:35+00:00,2609,60,18866
8746165195,2026-03-27T15:25:17+00:00,1667,60,18959
8746135052,2026-03-27T15:06:04+00:00,1673,60,19378
8746100664,2026-03-27T14:43:20+00:00,1721,60,18959
8746092219,2026-03-27T14:37:14+00:00,1657,60,18867
8746052384,2026-03-27T14:17:00+00:00,2847,60,19422
8746039009,2026-03-27T14:07:47+00:00,3935,60,18866
8746035381,2026-03-27T14:01:33+00:00,1823,60,18959
8745992471,2026-03-27T13:33:10+00:00,2210,60,18867
8745975995,2026-03-27T13:20:40+00:00,2022,60,18959
8745947296,2026-03-27T13:04:57+00:00,2506,60,19422
8745921397,2026-03-27T12:41:11+00:00,1658,60,18959
8745919736,2026-03-27T12:45:42+00:00,2146,60,18866
8745878417,2026-03-27T12:07:16+00:00,2905,60,18867
8745871069,2026-03-27T12:01:40+00:00,1866,60,18959
8745869043,2026-03-27T12:00:09+00:00,1972,60,18959
8745841573,2026-03-27T11:35:36+00:00,2738,60,18866
8745834843,2026-03-27T11:59:59+00:00,1981,60,19422
8745822216,2026-03-27T11:18:57+00:00,1933,60,18959
8745797560,2026-03-27T11:03:00+00:00,2449,60,18867
8745771816,2026-03-27T10:28:47+00:00,1498,60,18959
8745739244,2026-03-27T10:07:01+00:00,3436,60,18866
8745725618,2026-03-27T09:38:27+00:00,2370,60,18959
8745724916,2026-03-27T09:37:11+00:00,2596,60,18867
8745687860,2026-03-27T08:56:30+00:00,1902,60,18959
8745669040,2026-03-27T08:37:41+00:00,2247,60,18867
8745647290,2026-03-27T08:02:49+00:00,2303,60,18959
8745637798,2026-03-27T07:50:49+00:00,1292,60,18867
8745635210,2026-03-27T07:46:40+00:00,1783,60,18959
8745620592,2026-03-27T07:27:33+00:00,1632,60,18959
8745603372,2026-03-27T07:02:21+00:00,1653,60,18867
8745593344,2026-03-27T07:02:59+00:00,2109,60,18959
8745586194,2026-03-27T06:37:52+00:00,2435,60,18959
8745568093,2026-03-27T06:11:08+00:00,1979,60,18867
8745564197,2026-03-27T06:03:21+00:00,1929,60,18959
8745555592,2026-03-27T05:48:44+00:00,2106,60,18959
8745535208,2026-03-27T05:15:30+00:00,1906,60,18959
8745528506,2026-03-27T05:07:40+00:00,1787,60,18959
8745511760,2026-03-27T04:37:24+00:00,1704,60,18959
8745420395,2026-03-27T02:02:56+00:00,2166,60,19201
8745398775,2026-03-27T01:25:39+00:00,1738,60,19201
8745377746,2026-03-27T00:43:04+00:00,1926,60,19201
8745353837,2026-03-26T23:55:57+00:00,2045,60,19201
8745321886,2026-03-26T22:55:06+00:00,1765,60,19201
8745289466,2026-03-26T22:12:24+00:00,1636,60,19201
8745281465,2026-03-26T21:56:00+00:00,2885,60,18867
8745257904,2026-03-26T21:22:57+00:00,1678,60,19201
8745254772,2026-03-26T21:18:09+00:00,2025,60,18866
8745238714,2026-03-26T20:59:41+00:00,2201,60,18867
8745222657,2026-03-26T20:43:09+00:00,1725,60,19201
8745181014,2026-03-26T20:03:02+00:00,1739,60,19201
8745168195,2026-03-26T20:01:51+00:00,2685,60,18866
8745148947,2026-03-26T19:32:58+00:00,3883,60,18867
8745090204,2026-03-26T18:49:00+00:00,2648,60,19422
8745090122,2026-03-26T18:44:08+00:00,1666,60,16251
8745059094,2026-03-26T18:19:12+00:00,1378,60,18867
8745047609,2026-03-26T18:10:05+00:00,1876,60,18866
8744989711,2026-03-26T17:27:58+00:00,2024,60,18867
8744971178,2026-03-26T17:17:00+00:00,3279,60,19422
8744950315,2026-03-26T16:58:06+00:00,2604,60,18866
8744943305,2026-03-26T16:51:44+00:00,1818,60,18959
8744910225,2026-03-26T16:27:30+00:00,1794,60,18867
8744891169,2026-03-26T16:13:29+00:00,1588,60,18959
8744876410,2026-03-26T16:08:00+00:00,2158,60,19422
8744834576,2026-03-26T15:34:18+00:00,1830,60,18959
8744833833,2026-03-26T15:33:26+00:00,2448,60,18867
8744766119,2026-03-26T14:50:37+00:00,1967,60,18959
8744743926,2026-03-26T14:39:00+00:00,2083,60,19422
8744701904,2026-03-26T14:07:29+00:00,1811,60,18959
8744692565,2026-03-26T14:06:13+00:00,2067,60,18867
8744641110,2026-03-26T13:27:44+00:00,1729,60,18959
8744628933,2026-03-26T13:24:00+00:00,2612,60,19422
8744613508,2026-03-26T13:08:36+00:00,1840,60,18867
8744582152,2026-03-26T12:46:42+00:00,1951,60,18959
8744541889,2026-03-26T12:26:24+00:00,2461,60,18866
8744541526,2026-03-26T12:15:43+00:00,2082,60,18867
8744526303,2026-03-26T12:04:02+00:00,2047,60,18959
8744516025,2026-03-26T12:00:00+00:00,2985,60,19422
8744498105,2026-03-26T11:40:44+00:00,1834,60,18959
8744484891,2026-03-26T11:28:40+00:00,1480,60,18867
8744476155,2026-03-26T11:20:23+00:00,2179,60,18866
8744452586,2026-03-26T10:59:40+00:00,1776,60,18959
8744444353,2026-03-26T10:52:21+00:00,2170,60,18865
8744405700,2026-03-26T10:10:08+00:00,3291,60,18867
8744401385,2026-03-26T10:09:03+00:00,2001,60,18959
8744395141,2026-03-26T10:04:46+00:00,2778,60,18866
8744386591,2026-03-26T09:48:52+00:00,2129,60,18865
8744368806,2026-03-26T09:28:59+00:00,1601,60,18867
8744357763,2026-03-26T09:18:14+00:00,2051,60,18959
8744330452,2026-03-26T08:47:34+00:00,1999,60,18865
8744321142,2026-03-26T08:33:08+00:00,2004,60,18959
8744296485,2026-03-26T08:01:02+00:00,2873,60,18867
8744282942,2026-03-26T07:42:13+00:00,1831,60,18959
8744270029,2026-03-26T07:25:08+00:00,1998,60,18959
8744261482,2026-03-26T07:11:20+00:00,1869,60,18867
8744253246,2026-03-26T07:03:23+00:00,2739,60,18865
8744250312,2026-03-26T06:55:58+00:00,2113,60,18959
8744242631,2026-03-26T06:44:29+00:00,1904,60,18959
8744235313,2026-03-26T06:31:52+00:00,1877,60,18867
8744215322,2026-03-26T06:00:28+00:00,1690,60,18959
8744212261,2026-03-26T05:55:13+00:00,2156,60,18959
8744200545,2026-03-26T05:35:47+00:00,3372,60,18865
8744190953,2026-03-26T05:21:42+00:00,1754,60,18959
8744182837,2026-03-26T05:07:06+00:00,2288,60,18959
8744165380,2026-03-26T04:38:11+00:00,1935,60,18959
8744148604,2026-03-26T04:15:00+00:00,2606,60,18865
8744109859,2026-03-26T03:05:29+00:00,1588,60,19201
8744085947,2026-03-26T02:26:07+00:00,1758,60,19201
8744061638,2026-03-26T01:44:59+00:00,1864,60,19201
8744040426,2026-03-26T01:04:32+00:00,1541,60,19201
8744020219,2026-03-26T00:28:22+00:00,1711,60,19201
8743998602,2026-03-25T23:42:27+00:00,1678,60,19201
8743972436,2026-03-25T22:58:04+00:00,2523,60,18866
8743971559,2026-03-25T22:53:32+00:00,2107,60,19201
8743945405,2026-03-25T22:14:06+00:00,1680,60,19201
8743926725,2026-03-25T21:46:11+00:00,2781,60,18866
8743921139,2026-03-25T21:39:45+00:00,2566,60,17909
8743908566,2026-03-25T21:23:47+00:00,2016,60,19201
8743872621,2026-03-25T20:45:36+00:00,1829,60,18866
8743870106,2026-03-25T20:39:19+00:00,1868,60,18867
8743867042,2026-03-25T20:36:40+00:00,1963,60,19201
8743857239,2026-03-25T20:26:04+00:00,2265,60,17909
8743829330,2026-03-25T20:00:26+00:00,1588,60,19201
8743796321,2026-03-25T19:34:02+00:00,2645,60,18867
8743795264,2026-03-25T19:36:23+00:00,2269,60,18866
8743783853,2026-03-25T19:22:54+00:00,3078,60,19422
8743783694,2026-03-25T19:18:49+00:00,2240,60,17909
8743716527,2026-03-25T18:21:25+00:00,1742,60,18867
8743711780,2026-03-25T18:16:28+00:00,2497,60,18866
8743688613,2026-03-25T18:03:57+00:00,2729,60,19422
8743685965,2026-03-25T17:57:31+00:00,2182,60,17909
8743668316,2026-03-25T17:43:59+00:00,1165,60,18959
8743649693,2026-03-25T17:29:50+00:00,1957,60,18867
8743649096,2026-03-25T17:29:25+00:00,1685,60,17909
8743622019,2026-03-25T17:10:26+00:00,1608,60,17909
8743615657,2026-03-25T17:05:11+00:00,1753,60,18959
8743612345,2026-03-25T17:04:31+00:00,2401,60,18866
8743574732,2026-03-25T16:35:21+00:00,2045,60,18867
8743561222,2026-03-25T16:30:00+00:00,1814,60,19422
8743559760,2026-03-25T16:24:59+00:00,1760,60,18959
8743555498,2026-03-25T16:26:00+00:00,2697,60,19422
8743549934,2026-03-25T16:17:48+00:00,1974,60,17909
8743545122,2026-03-25T16:19:30+00:00,2323,60,19422
8743542356,2026-03-25T16:17:00+00:00,2933,60,19422
8743534086,2026-03-25T16:07:07+00:00,3642,60,17909
8743524657,2026-03-25T16:00:05+00:00,1299,60,19378
8743489142,2026-03-25T15:36:14+00:00,2246,60,18959
8743477908,2026-03-25T15:28:21+00:00,1896,60,18867
8743439283,2026-03-25T15:09:00+00:00,2985,60,19422
8743439281,2026-03-25T15:09:00+00:00,2113,60,19422
8743439271,2026-03-25T15:08:59+00:00,2731,60,19422
8743439140,2026-03-25T15:08:54+00:00,2456,60,19422
8743437235,2026-03-25T15:03:08+00:00,1562,60,19378
8743423405,2026-03-25T14:54:29+00:00,1915,60,18959
8743378574,2026-03-25T14:27:12+00:00,2217,60,18867
8743362379,2026-03-25T14:16:59+00:00,1791,60,18959
8743292734,2026-03-25T13:34:14+00:00,1968,60,18959
8743259155,2026-03-25T13:16:53+00:00,3463,60,19422
8743243642,2026-03-25T13:02:40+00:00,3441,60,18867
8743239684,2026-03-25T13:04:00+00:00,1855,60,19422
8743236667,2026-03-25T13:02:00+00:00,2499,60,19422
8743235152,2026-03-25T13:01:00+00:00,1752,60,19422
8743229675,2026-03-25T12:52:48+00:00,1867,60,18959
8743176373,2026-03-25T12:15:08+00:00,1788,60,18959
8743166936,2026-03-25T12:07:49+00:00,2196,60,18867
8743150184,2026-03-25T12:00:00+00:00,1763,60,19422
8743150168,2026-03-25T12:00:00+00:00,1947,60,19422
8743150103,2026-03-25T11:59:55+00:00,2672,60,19422
8743150101,2026-03-25T12:00:00+00:00,1936,60,19422
8743114112,2026-03-25T11:25:53+00:00,1710,60,18959
8743108866,2026-03-25T11:21:04+00:00,2695,60,18866
8743099747,2026-03-25T11:13:42+00:00,2132,60,18867
8743063058,2026-03-25T10:39:39+00:00,2139,60,18959
8743016533,2026-03-25T10:03:20+00:00,2881,60,18866
8743012883,2026-03-25T09:47:46+00:00,2173,60,18959
8743010344,2026-03-25T09:52:38+00:00,3398,60,18865
8742985126,2026-03-25T09:16:33+00:00,3019,60,18867
8742972287,2026-03-25T09:02:24+00:00,2149,60,18959
8742963479,2026-03-25T08:52:01+00:00,1973,60,18865
8742944193,2026-03-25T08:30:03+00:00,1508,60,18867
8742931925,2026-03-25T08:15:37+00:00,2310,60,18959
8742903823,2026-03-25T07:42:54+00:00,2456,60,18865
8742894803,2026-03-25T07:29:16+00:00,2068,60,18959
8742892931,2026-03-25T07:26:07+00:00,2065,60,18959
8742863727,2026-03-25T06:49:26+00:00,1773,60,18959
8742861301,2026-03-25T06:44:02+00:00,2039,60,18959
8742848863,2026-03-25T06:25:34+00:00,1713,60,18865
8742836060,2026-03-25T06:06:37+00:00,1839,60,18959
8742829105,2026-03-25T05:55:47+00:00,2123,60,18959
8742818025,2026-03-25T05:37:16+00:00,1836,60,18865
8742812448,2026-03-25T05:28:43+00:00,1851,60,18959
8742799249,2026-03-25T05:06:36+00:00,1961,60,18959
8742718833,2026-03-25T03:08:09+00:00,1915,60,19201
8742685788,2026-03-25T02:17:11+00:00,2417,60,19201
8742659562,2026-03-25T01:33:18+00:00,2045,60,19201
8742627411,2026-03-25T00:37:54+00:00,1648,60,19201
8742606270,2026-03-24T23:59:48+00:00,1721,60,19201
8742576775,2026-03-24T23:00:26+00:00,2519,60,19201
8742548246,2026-03-24T22:12:33+00:00,2007,60,19201
8742532065,2026-03-24T21:46:24+00:00,2384,60,18867
8742519033,2026-03-24T21:30:09+00:00,1643,60,19201
8742507954,2026-03-24T21:18:00+00:00,2725,60,19422
8742497814,2026-03-24T21:00:19+00:00,1867,60,17909
8742497663,2026-03-24T21:00:07+00:00,1860,60,18867
8742496748,2026-03-24T21:04:00+00:00,2614,60,19422
8742491783,2026-03-24T20:58:54+00:00,3776,60,19422
8742487596,2026-03-24T20:48:54+00:00,1691,60,19201
8742477122,2026-03-24T20:41:00+00:00,2111,60,19422
8742454637,2026-03-24T20:12:10+00:00,1956,60,18867
8742447882,2026-03-24T20:05:35+00:00,2015,60,19201
8742432204,2026-03-24T19:54:00+00:00,3216,60,19422
8742432109,2026-03-24T19:54:00+00:00,2286,60,19422
8742422889,2026-03-24T19:48:25+00:00,2342,60,19422
8742422808,2026-03-24T19:45:00+00:00,1597,60,19422
8742413399,2026-03-24T19:30:59+00:00,3393,60,17909
8742407240,2026-03-24T19:26:21+00:00,1540,60,17909
8780882799,2026-04-21T19:04:38+00:00,2032,60,19532
8780810284,2026-04-21T18:04:25+00:00,2027,60,19532
8780806034,2026-04-21T18:00:26+00:00,1551,60,18867
8780800449,2026-04-21T17:57:35+00:00,2895,60,19532
8780797486,2026-04-21T18:12:48+00:00,1833,60,19532
8780746620,2026-04-21T17:14:55+00:00,1354,60,18867
8780717476,2026-04-21T16:50:23+00:00,1590,60,18959
8780717096,2026-04-21T16:49:32+00:00,2050,60,19532
8780679550,2026-04-21T16:20:53+00:00,1857,60,19532
8780671862,2026-04-21T16:15:29+00:00,1577,60,18959
8780664964,2026-04-21T16:10:00+00:00,2597,60,19532
8780655093,2026-04-21T16:02:51+00:00,2332,60,18867
8780648655,2026-04-21T15:59:26+00:00,1459,60,19532
8780626283,2026-04-21T15:42:12+00:00,1543,60,18959
8780585672,2026-04-21T15:14:41+00:00,1660,60,18867
8780584953,2026-04-21T15:19:21+00:00,1908,60,19532
8780573865,2026-04-21T15:05:44+00:00,1596,60,18959
8780559893,2026-04-21T14:57:02+00:00,1823,60,19532
8780553618,2026-04-21T14:56:31+00:00,2801,60,19532
8780527869,2026-04-21T14:40:34+00:00,3056,60,19543
8780512802,2026-04-21T14:24:15+00:00,2032,60,18959
8780497317,2026-04-21T14:13:07+00:00,1134,60,19532
8780485180,2026-04-21T14:09:40+00:00,2319,60,19532
8780466236,2026-04-21T13:52:01+00:00,3312,60,18867
8780454747,2026-04-21T13:49:05+00:00,1650,60,19543
8780440451,2026-04-21T13:40:28+00:00,2170,60,18959
8780428772,2026-04-21T13:31:06+00:00,2423,60,19543
8780401197,2026-04-21T13:13:34+00:00,1292,60,18867
8780393201,2026-04-21T13:01:12+00:00,1835,60,19532
8780389906,2026-04-21T12:58:43+00:00,2621,60,19532
8780385742,2026-04-21T12:55:46+00:00,1604,60,18959
8780381253,2026-04-21T12:57:08+00:00,1507,60,19543
8780342142,2026-04-21T12:26:28+00:00,2297,60,19543
8780330374,2026-04-21T12:12:27+00:00,1939,60,18959
8780317242,2026-04-21T12:02:36+00:00,1601,60,18959
8780310228,2026-04-21T11:55:57+00:00,6064,60,19532
8780308140,2026-04-21T12:00:02+00:00,2037,60,19532
8780306900,2026-04-21T11:58:01+00:00,1959,60,19532
8780302268,2026-04-21T11:52:04+00:00,2327,60,19543
8780290118,2026-04-21T11:35:45+00:00,1480,60,18959
8780270320,2026-04-21T11:20:01+00:00,2111,60,19543
8780261154,2026-04-21T11:06:11+00:00,2274,60,18867
8780241785,2026-04-21T10:46:41+00:00,2240,60,18959
8780224945,2026-04-21T10:31:25+00:00,2470,60,19543
8780216704,2026-04-21T10:16:58+00:00,3296,60,19532
8780212309,2026-04-21T10:20:35+00:00,2033,60,19543
8780208383,2026-04-21T10:09:06+00:00,1677,60,18867
8780206607,2026-04-21T10:05:18+00:00,1804,60,19532
8780204861,2026-04-21T10:03:47+00:00,1621,60,18959
8780201618,2026-04-21T09:59:10+00:00,2230,60,19532
8780168397,2026-04-21T09:17:04+00:00,2114,60,18959
8780164509,2026-04-21T09:16:19+00:00,2043,60,19543
8780159415,2026-04-21T09:09:26+00:00,3131,60,19543
8780158762,2026-04-21T09:03:10+00:00,2132,60,19532
8780147251,2026-04-21T08:56:43+00:00,1981,60,19532
8780147134,2026-04-21T08:54:33+00:00,3556,60,19532
8780135441,2026-04-21T08:33:00+00:00,1796,60,18959
8780135366,2026-04-21T08:30:22+00:00,2089,60,18867
8780111494,2026-04-21T08:00:21+00:00,2114,60,19543
8780111466,2026-04-21T08:00:02+00:00,2986,60,19543
8780105771,2026-04-21T07:48:20+00:00,1942,60,18959
8780102418,2026-04-21T07:41:36+00:00,3080,60,18865
8780102001,2026-04-21T07:41:55+00:00,1677,60,18959
8780096406,2026-04-21T07:38:15+00:00,1808,60,18867
8780079013,2026-04-21T07:09:22+00:00,1766,60,18959
8780072753,2026-04-21T07:00:15+00:00,1952,60,19543
8780072726,2026-04-21T07:00:04+00:00,1880,60,19543
8780067754,2026-04-21T06:47:25+00:00,2010,60,18959
8780054728,2026-04-21T06:26:40+00:00,1667,60,18959
8780045164,2026-04-21T06:12:25+00:00,3384,60,18865
8780043126,2026-04-21T06:05:14+00:00,2711,60,18867
8780042536,2026-04-21T06:05:02+00:00,1984,60,18959
8780032478,2026-04-21T05:46:03+00:00,1700,60,18959
8780017434,2026-04-21T05:19:45+00:00,1804,60,18959
8780011149,2026-04-21T05:08:45+00:00,2172,60,18867
8779994372,2026-04-21T04:36:00+00:00,1853,60,18959
8779991056,2026-04-21T04:29:34+00:00,1834,60,18865
8779983603,2026-04-21T04:16:06+00:00,1508,60,18867
8779979649,2026-04-21T05:07:08+00:00,1838,60,18959
8779947685,2026-04-21T03:11:23+00:00,2280,60,18865
8779944570,2026-04-21T03:18:52+00:00,2281,60,18867
8779884382,2026-04-21T01:06:18+00:00,1873,60,19201
8779863149,2026-04-21T00:22:35+00:00,1814,60,19201
8779846051,2026-04-20T23:40:30+00:00,1660,60,19201
8779822909,2026-04-20T22:51:43+00:00,1941,60,19201
8779798616,2026-04-20T22:04:29+00:00,2075,60,19201
8779774736,2026-04-20T21:26:57+00:00,1557,60,19201
8779737162,2026-04-20T20:40:49+00:00,2022,60,19201
8779726093,2026-04-20T20:30:08+00:00,2608,60,19532
8779701254,2026-04-20T20:02:38+00:00,1629,60,19201
8779682366,2026-04-20T19:43:04+00:00,2135,60,19532
8779673916,2026-04-20T19:35:07+00:00,1589,60,19532
8779671368,2026-04-20T19:32:43+00:00,1519,60,18867
8779658823,2026-04-20T19:26:51+00:00,2456,60,19543
8779649339,2026-04-20T19:12:41+00:00,1689,60,19532
8779589316,2026-04-20T18:24:10+00:00,2764,60,19532
8779586566,2026-04-20T18:20:28+00:00,2631,60,19532
8779584921,2026-04-20T18:17:52+00:00,2511,60,18867
8779581832,2026-04-20T18:18:56+00:00,3097,60,19543
8779574003,2026-04-20T18:13:54+00:00,2725,60,19543
8779553077,2026-04-20T17:57:34+00:00,1841,60,19532
8779506831,2026-04-20T17:17:45+00:00,1790,60,19532
8779504746,2026-04-20T17:11:59+00:00,2285,60,18867
8779492402,2026-04-20T17:02:13+00:00,2686,60,19532
8779491334,2026-04-20T17:07:19+00:00,2302,60,19543
8779478244,2026-04-20T16:56:12+00:00,3222,60,19543
8779421682,2026-04-20T16:07:31+00:00,2920,60,19532
8779415901,2026-04-20T16:05:06+00:00,2617,60,18867
8779409470,2026-04-20T15:58:22+00:00,3039,60,19532
8779408254,2026-04-20T15:58:26+00:00,2227,60,19532
8779404735,2026-04-20T15:54:57+00:00,1688,60,18959
8779396380,2026-04-20T15:53:03+00:00,2655,60,19543
8779372774,2026-04-20T15:36:03+00:00,2996,60,19543
8779354849,2026-04-20T15:18:37+00:00,1615,60,18959
8779322877,2026-04-20T14:55:59+00:00,2026,60,18867
8779320448,2026-04-20T14:58:34+00:00,1992,60,19532
8779311623,2026-04-20T14:58:44+00:00,2440,60,19532
8779303056,2026-04-20T14:42:20+00:00,1627,60,18959
8779297009,2026-04-20T14:42:57+00:00,2646,60,19543
8779265864,2026-04-20T14:21:36+00:00,2452,60,19543
8779250143,2026-04-20T14:05:21+00:00,1998,60,18867
8779241293,2026-04-20T14:00:04+00:00,1947,60,18959
8779214847,2026-04-20T13:47:18+00:00,1525,60,19543
8779206215,2026-04-20T13:35:20+00:00,1496,60,18477
8779186170,2026-04-20T13:21:44+00:00,1645,60,18959
8779175913,2026-04-20T13:13:26+00:00,2137,60,19532
8779174694,2026-04-20T13:13:02+00:00,2126,60,18867
8779161382,2026-04-20T13:02:44+00:00,1839,60,19532
8779155491,2026-04-20T13:03:01+00:00,3057,60,19543
8779147705,2026-04-20T12:52:06+00:00,2111,60,19532
8779137116,2026-04-20T12:43:44+00:00,1636,60,18959
8779123262,2026-04-20T12:37:10+00:00,2543,60,19543
8779112524,2026-04-20T12:23:40+00:00,2274,60,18477
8779092837,2026-04-20T12:06:35+00:00,2615,60,18867
8779087288,2026-04-20T12:02:26+00:00,1815,60,18959
8779082204,2026-04-20T12:00:25+00:00,1805,60,19532
8779082104,2026-04-20T11:59:45+00:00,2879,60,19532
8779079174,2026-04-20T11:55:02+00:00,2491,60,19532
8779067796,2026-04-20T11:48:42+00:00,2806,60,19543
8779057857,2026-04-20T11:38:02+00:00,1891,60,19543
8779039544,2026-04-20T11:15:04+00:00,2025,60,18959
8779026369,2026-04-20T11:00:12+00:00,2536,60,18867
8779006190,2026-04-20T10:41:44+00:00,1843,60,19543
8779004984,2026-04-20T10:41:07+00:00,1658,60,19543
8779001584,2026-04-20T10:32:29+00:00,1766,60,18959
8778991479,2026-04-20T10:19:45+00:00,1889,60,19532
8778986053,2026-04-20T10:13:06+00:00,2013,60,19532
8778983705,2026-04-20T10:10:05+00:00,1155,60,19532
8778977085,2026-04-20T10:15:39+00:00,1669,60,18867
8778971437,2026-04-20T09:54:56+00:00,1702,60,18959
8778960929,2026-04-20T09:46:20+00:00,1572,60,19543
8778945001,2026-04-20T09:26:02+00:00,2905,60,19543
8778936372,2026-04-20T09:07:51+00:00,1791,60,18867
8778935546,2026-04-20T09:06:23+00:00,2091,60,18959
8778928145,2026-04-20T08:59:15+00:00,2693,60,19532
8778927086,2026-04-20T08:56:44+00:00,3320,60,19532
8778926809,2026-04-20T08:57:57+00:00,2744,60,19532
8778923632,2026-04-20T08:57:28+00:00,2250,60,18865
8778912772,2026-04-20T08:37:52+00:00,2323,60,19543
8778907200,2026-04-20T08:24:52+00:00,1066,60,18867
8778905264,2026-04-20T08:22:03+00:00,1927,60,18959
8778896415,2026-04-20T08:14:02+00:00,2420,60,19543
8778890213,2026-04-20T07:59:47+00:00,1855,60,18865
8778868887,2026-04-20T07:32:54+00:00,2119,60,18867
8778865154,2026-04-20T07:20:22+00:00,2000,60,18959
8778849893,2026-04-20T07:01:09+00:00,4001,60,19543
8778849866,2026-04-20T07:00:09+00:00,2416,60,19543
8778842506,2026-04-20T06:49:54+00:00,2259,60,18865
8778834470,2026-04-20T06:30:13+00:00,2063,60,18959
8778830201,2026-04-20T06:24:09+00:00,2131,60,18959
8778812050,2026-04-20T05:50:15+00:00,1840,60,18867
8778807621,2026-04-20T05:42:20+00:00,2240,60,18959
8778804583,2026-04-20T05:37:14+00:00,2019,60,18959
8778803034,2026-04-20T05:35:12+00:00,2410,60,18865
8778781865,2026-04-20T04:59:31+00:00,2262,60,18867
8778781683,2026-04-20T04:53:36+00:00,2100,60,18959
8778778484,2026-04-20T04:48:00+00:00,1685,60,18959
8778764440,2026-04-20T04:21:32+00:00,2662,60,18865
8778757286,2026-04-20T04:09:08+00:00,1756,60,18959
8778755504,2026-04-20T04:06:10+00:00,1833,60,18959
8778743718,2026-04-20T03:41:52+00:00,2241,60,18867
8778738519,2026-04-20T03:32:02+00:00,1742,60,19201
8778735089,2026-04-20T03:26:19+00:00,1872,60,18865
8778724528,2026-04-20T03:06:15+00:00,1293,60,18867
8778720816,2026-04-20T02:58:48+00:00,1561,60,19201
8778701088,2026-04-20T02:23:20+00:00,1592,60,19201
8778678810,2026-04-20T01:39:28+00:00,1934,60,19201
8778658941,2026-04-20T00:58:48+00:00,1839,60,19201
8778634871,2026-04-20T00:09:18+00:00,1936,60,19201
8778606649,2026-04-19T23:12:38+00:00,1870,60,19201
8778603563,2026-04-19T23:07:19+00:00,3173,60,19467
8755793139,2026-04-03T13:17:19+00:00,1784,60,18867
8755766042,2026-04-03T12:58:56+00:00,2502,60,19539
8755745769,2026-04-03T12:44:46+00:00,2157,60,18959
8755735231,2026-04-03T12:36:35+00:00,1144,60,19520
8755727364,2026-04-03T12:31:19+00:00,1697,60,18867
8755710100,2026-04-03T12:17:33+00:00,2228,60,18477
8755709137,2026-04-03T12:17:20+00:00,2932,60,18866
8755709006,2026-04-03T12:16:43+00:00,2432,60,18477
8755690713,2026-04-03T12:03:12+00:00,1858,60,18959
8755676521,2026-04-03T12:00:51+00:00,1750,60,19539
8755637158,2026-04-03T11:16:08+00:00,3262,60,19520
8755628154,2026-04-03T11:07:58+00:00,1873,60,18867
8755586257,2026-04-03T10:27:42+00:00,1596,60,18959
8755569308,2026-04-03T10:09:40+00:00,4369,60,19539
8755561796,2026-04-03T10:04:39+00:00,2751,60,18867
8755560373,2026-04-03T10:00:04+00:00,1660,60,18866
8755545409,2026-04-03T09:44:56+00:00,1939,60,18959
8755539394,2026-04-03T09:37:22+00:00,2796,60,19520
8755511101,2026-04-03T09:06:20+00:00,2107,60,19539
8755506725,2026-04-03T09:01:21+00:00,2670,60,19538
8755505655,2026-04-03T09:03:32+00:00,1867,60,18866
8755502230,2026-04-03T08:56:42+00:00,1959,60,18959
8755493968,2026-04-03T08:46:45+00:00,1879,60,18867
8755468072,2026-04-03T08:17:19+00:00,3146,60,19520
8755459754,2026-04-03T08:07:52+00:00,2370,60,18959
8755457718,2026-04-03T08:05:36+00:00,1512,60,18867
8742398301,2026-03-24T19:18:25+00:00,1898,60,17909
8742391830,2026-03-24T19:12:25+00:00,1892,60,18867
8742349274,2026-03-24T18:38:00+00:00,2183,60,19422
8742349256,2026-03-24T18:38:00+00:00,1493,60,19422
8742349162,2026-03-24T18:37:57+00:00,1495,60,19422
8742347239,2026-03-24T18:31:42+00:00,2622,60,17909
8742345807,2026-03-24T18:30:39+00:00,2119,60,17909
8742339646,2026-03-24T18:24:54+00:00,2022,60,17909
8742334442,2026-03-24T18:25:00+00:00,2078,60,19422
8742318115,2026-03-24T18:05:57+00:00,2414,60,18867
8742291159,2026-03-24T17:42:42+00:00,1332,60,17909
8742274880,2026-03-24T17:28:49+00:00,2197,60,17909
8742267069,2026-03-24T17:27:00+00:00,2466,60,19422
8742267022,2026-03-24T17:27:00+00:00,2483,60,19422
8742266886,2026-03-24T17:26:58+00:00,1601,60,19422
8742266812,2026-03-24T17:26:58+00:00,2460,60,19422
8742263390,2026-03-24T17:21:55+00:00,1553,60,18867
8742260265,2026-03-24T17:16:45+00:00,2400,60,17909
8742256872,2026-03-24T17:17:05+00:00,580,60,17909
8742254205,2026-03-24T17:13:32+00:00,2110,60,19378
8742209485,2026-03-24T16:34:08+00:00,2171,60,17909
8742180275,2026-03-24T16:10:31+00:00,1981,60,19378
8742179381,2026-03-24T16:10:16+00:00,2694,60,17909
8742137378,2026-03-24T15:42:00+00:00,1469,60,19422
8742136025,2026-03-24T15:40:55+00:00,2229,60,19422
8742135055,2026-03-24T15:35:58+00:00,1859,60,18959
8742124178,2026-03-24T15:32:00+00:00,3930,60,19422
8742118850,2026-03-24T15:28:00+00:00,1847,60,19422
8742113642,2026-03-24T15:19:28+00:00,2476,60,17909
8742106753,2026-03-24T15:31:16+00:00,4180,60,17909
8742101192,2026-03-24T15:11:44+00:00,1684,60,19378
8742096790,2026-03-24T15:07:25+00:00,2635,60,17909
8742082993,2026-03-24T14:57:46+00:00,1838,60,18959
8742079293,2026-03-24T14:53:45+00:00,3403,60,18866
8742051677,2026-03-24T14:38:56+00:00,1745,60,19422
8742051676,2026-03-24T14:39:00+00:00,1528,60,19422
8742039319,2026-03-24T14:30:00+00:00,1532,60,19422
8742039237,2026-03-24T14:29:59+00:00,2488,60,19422
8742035906,2026-03-24T14:22:33+00:00,2300,60,18867
8742019345,2026-03-24T14:11:51+00:00,2051,60,18959
8741991954,2026-03-24T13:53:07+00:00,2246,60,18866
8741970387,2026-03-24T13:36:34+00:00,1421,60,18867
8741965571,2026-03-24T13:32:16+00:00,1285,60,18477
8741959434,2026-03-24T13:28:35+00:00,1910,60,18959
8741955597,2026-03-24T13:25:42+00:00,1779,60,18959
8741939284,2026-03-24T13:18:00+00:00,2080,60,19422
8741931257,2026-03-24T13:11:58+00:00,2587,60,19422
8741922328,2026-03-24T13:05:00+00:00,1933,60,19422
8741914801,2026-03-24T12:59:00+00:00,2160,60,19422
8741900634,2026-03-24T12:43:02+00:00,2025,60,18959
8741887833,2026-03-24T12:36:59+00:00,2933,60,18866
8741885616,2026-03-24T12:30:17+00:00,2752,60,18959
8741879065,2026-03-24T12:24:33+00:00,2497,60,18477
8741853476,2026-03-24T12:03:06+00:00,1924,60,18959
8741845660,2026-03-24T11:59:55+00:00,2013,60,19422
8741845584,2026-03-24T12:00:00+00:00,1761,60,19422
8741845565,2026-03-24T12:00:00+00:00,1894,60,19422
8741845487,2026-03-24T11:59:59+00:00,3003,60,19422
8741842687,2026-03-24T11:52:13+00:00,1993,60,18867
8741841883,2026-03-24T11:52:18+00:00,1860,60,18959
8741822574,2026-03-24T11:32:45+00:00,2460,60,18866
8741801256,2026-03-24T11:12:37+00:00,1454,60,18867
8741777746,2026-03-24T10:46:26+00:00,2554,60,18959
8741749692,2026-03-24T10:12:19+00:00,1913,60,18867
8741741757,2026-03-24T10:03:25+00:00,1948,60,18959
8741739640,2026-03-24T10:02:08+00:00,3503,60,18866
8741704476,2026-03-24T09:13:02+00:00,2338,60,18959
8741683323,2026-03-24T08:47:15+00:00,3334,60,18867
8741671816,2026-03-24T08:26:47+00:00,2243,60,18959
8741657595,2026-03-24T08:06:14+00:00,2120,60,18865
8741639271,2026-03-24T07:38:40+00:00,1912,60,18867
8741638497,2026-03-24T07:39:06+00:00,2328,60,18959
8741621355,2026-03-24T07:10:53+00:00,1484,60,18865
8741612335,2026-03-24T06:55:56+00:00,1958,60,18959
8741611356,2026-03-24T06:53:59+00:00,1777,60,18959
8741589759,2026-03-24T06:16:42+00:00,1757,60,18959
8741589168,2026-03-24T06:15:37+00:00,2635,60,18867
8741585567,2026-03-24T06:09:27+00:00,2008,60,18959
8741563415,2026-03-24T05:28:15+00:00,1575,60,18865
8741561838,2026-03-24T05:26:11+00:00,1882,60,18959
8741558314,2026-03-24T05:19:53+00:00,2370,60,18959
8741538362,2026-03-24T04:42:53+00:00,2003,60,18959
8741521598,2026-03-24T04:15:06+00:00,2204,60,18865
8741447146,2026-03-24T01:50:50+00:00,1647,60,19201
8741426861,2026-03-24T01:09:11+00:00,1961,60,19201
8741406460,2026-03-24T00:25:06+00:00,1803,59,19201
8741386957,2026-03-23T23:39:22+00:00,1965,59,19201
8741363284,2026-03-23T22:54:28+00:00,1937,59,19201
8741336264,2026-03-23T22:09:53+00:00,1867,59,19422
8741335973,2026-03-23T22:06:36+00:00,1898,59,19201
8741331131,2026-03-23T22:02:00+00:00,3356,59,19422
8741330468,2026-03-23T22:01:00+00:00,2655,59,19422
8741326557,2026-03-23T21:55:00+00:00,1913,59,19422
8741306929,2026-03-23T21:24:26+00:00,1610,59,19201
8741297948,2026-03-23T21:10:38+00:00,1606,59,18867
8741280965,2026-03-23T20:49:49+00:00,2420,59,19422
8741274980,2026-03-23T20:43:46+00:00,1651,59,19201
8741272513,2026-03-23T20:45:00+00:00,2362,59,19422
8741272511,2026-03-23T20:45:00+00:00,2859,59,19422
8741269915,2026-03-23T20:41:54+00:00,3409,59,19422
8741245211,2026-03-23T20:11:31+00:00,2467,59,18867
8741235281,2026-03-23T20:07:36+00:00,1594,59,19201
8741234193,2026-03-23T19:59:15+00:00,2530,59,18866
8741195818,2026-03-23T19:27:10+00:00,2140,59,19422
8741192577,2026-03-23T19:24:00+00:00,2545,59,19422
8741191435,2026-03-23T19:22:54+00:00,2127,59,19422
8741190380,2026-03-23T19:22:00+00:00,1962,59,19422
8741170520,2026-03-23T18:59:55+00:00,1626,59,18867
8741152208,2026-03-23T19:00:04+00:00,1977,59,18866
8741115712,2026-03-23T18:10:08+00:00,1994,59,18867
8741101264,2026-03-23T18:01:55+00:00,2856,59,19422
8741100540,2026-03-23T18:02:00+00:00,3189,59,19422
8741100522,2026-03-23T18:02:00+00:00,2999,59,19422
8741100481,2026-03-23T18:01:59+00:00,3268,59,19422
8741042432,2026-03-23T17:08:09+00:00,2579,59,18867
8741026307,2026-03-23T16:54:03+00:00,1664,59,18866
8741009944,2026-03-23T16:41:55+00:00,1532,59,18959
8740976908,2026-03-23T16:18:56+00:00,3062,59,19422
8740966610,2026-03-23T16:11:00+00:00,2457,59,19422
8740961422,2026-03-23T16:03:54+00:00,1511,59,18866
8740958775,2026-03-23T16:05:00+00:00,2747,59,19422
8740954537,2026-03-23T15:56:36+00:00,2328,59,18867
8740951148,2026-03-23T15:54:46+00:00,2171,59,18959
8740943610,2026-03-23T15:53:00+00:00,3251,59,19422
8740882007,2026-03-23T15:03:48+00:00,1573,59,18867
8740879371,2026-03-23T15:01:09+00:00,2569,59,18959
8740873838,2026-03-23T15:00:00+00:00,1994,59,19422
8740872359,2026-03-23T14:59:59+00:00,2303,59,19422
8740872334,2026-03-23T15:00:02+00:00,2675,59,19422
8740861210,2026-03-23T14:46:50+00:00,1273,59,18866
8740834081,2026-03-23T14:32:01+00:00,2862,59,19422
8740813326,2026-03-23T14:13:19+00:00,2106,59,18959
8740793399,2026-03-23T14:03:07+00:00,1726,59,18867
8740762589,2026-03-23T13:37:33+00:00,1708,59,18959
8740762542,2026-03-23T13:49:18+00:00,2017,59,18866
8740744491,2026-03-23T13:29:24+00:00,2994,59,19422
8740736669,2026-03-23T13:18:09+00:00,1650,59,18867
8740724446,2026-03-23T13:14:04+00:00,2014,59,19422
8740715038,2026-03-23T13:07:00+00:00,2546,59,19422
8740715037,2026-03-23T13:07:00+00:00,1880,59,19422
8740706414,2026-03-23T12:56:07+00:00,1707,59,18959
8740675184,2026-03-23T12:33:14+00:00,2408,59,18866
8740673454,2026-03-23T12:30:35+00:00,1765,59,18867
8740648852,2026-03-23T12:07:57+00:00,2404,59,18959
8740647342,2026-03-23T12:17:42+00:00,1801,59,18959
8740635173,2026-03-23T12:00:00+00:00,2440,59,19422
8740634750,2026-03-23T12:00:00+00:00,2270,59,19422
8740634695,2026-03-23T12:00:00+00:00,2126,59,19422
8740634671,2026-03-23T11:59:57+00:00,3528,59,19422
8740605482,2026-03-23T11:27:33+00:00,2876,59,18867
8740605345,2026-03-23T11:27:12+00:00,1850,59,18959
8740600507,2026-03-23T11:21:56+00:00,2328,59,18866
8740567955,2026-03-23T10:47:54+00:00,1770,59,18959
8740565629,2026-03-23T10:44:24+00:00,1609,59,18867
8740532047,2026-03-23T10:04:39+00:00,1961,59,18959
8740529852,2026-03-23T10:03:45+00:00,2355,59,18866
8740511033,2026-03-23T09:38:03+00:00,3061,59,18865
8740510041,2026-03-23T09:43:12+00:00,2700,59,18867
8740496486,2026-03-23T09:18:43+00:00,2095,59,18959
8740472112,2026-03-23T08:44:52+00:00,1708,59,18867
8740462986,2026-03-23T08:31:02+00:00,2420,59,18865
8740455268,2026-03-23T08:20:31+00:00,2401,59,18959
8740430953,2026-03-23T07:45:29+00:00,2030,59,18959
8740426009,2026-03-23T07:37:31+00:00,2030,59,18959
8740413783,2026-03-23T07:17:44+00:00,2489,59,18867
8740406106,2026-03-23T07:09:09+00:00,2818,59,18865
8740404132,2026-03-23T07:02:40+00:00,1958,59,18959
8740394463,2026-03-23T06:46:28+00:00,2267,59,18959
8740386918,2026-03-23T06:34:01+00:00,1562,59,18867
8740376901,2026-03-23T06:17:36+00:00,1898,59,18959
8740366470,2026-03-23T05:57:26+00:00,2361,59,18959
8740349068,2026-03-23T05:28:41+00:00,2348,59,18959
8740339003,2026-03-23T05:07:02+00:00,2078,59,18865
8740337823,2026-03-23T05:06:18+00:00,2149,59,18959
8740320375,2026-03-23T04:43:25+00:00,1952,59,18959
8740306145,2026-03-23T04:08:10+00:00,1418,59,18865
8740276351,2026-03-23T03:12:17+00:00,1801,59,19201
8740254604,2026-03-23T02:31:56+00:00,1908,59,19201
8740229893,2026-03-23T01:46:00+00:00,2337,59,19201
8740206708,2026-03-23T01:01:10+00:00,2019,59,19201
8740188210,2026-03-23T00:24:11+00:00,1714,59,19201
8740164753,2026-03-22T23:39:15+00:00,2061,59,19201
8740137466,2026-03-22T22:51:58+00:00,2192,59,19201
8740119742,2026-03-22T22:23:01+00:00,1917,59,19467
8740113631,2026-03-22T22:13:04+00:00,2427,59,19422
8740109615,2026-03-22T22:08:22+00:00,1875,59,19201
8740099172,2026-03-22T21:54:28+00:00,1533,59,19467
8740097396,2026-03-22T21:55:00+00:00,2896,59,19422
8740094561,2026-03-22T21:51:57+00:00,2289,59,19422
8740093861,2026-03-22T21:51:02+00:00,2186,59,19422
8740073999,2026-03-22T21:21:15+00:00,2164,59,19201
8740068776,2026-03-22T21:15:03+00:00,2197,59,19467
8740064442,2026-03-22T21:12:06+00:00,1103,59,19467
8740062264,2026-03-22T21:13:32+00:00,2783,59,19467
8740041870,2026-03-22T20:44:40+00:00,1784,59,19201
8740039655,2026-03-22T20:47:04+00:00,2219,59,19422
8740039531,2026-03-22T20:46:56+00:00,2112,59,19422
8740037628,2026-03-22T20:45:05+00:00,2089,59,19422
8740037610,2026-03-22T20:45:00+00:00,2688,59,19422
8740029167,2026-03-22T20:32:38+00:00,1969,59,19464
8739999325,2026-03-22T20:03:24+00:00,1842,59,19201
8739997841,2026-03-22T20:00:22+00:00,2075,59,18866
8739992397,2026-03-22T19:56:43+00:00,2426,59,19467
8739964866,2026-03-22T19:30:28+00:00,2632,59,19176
8782309920,2026-04-23T00:27:42+00:00,2056,60,19201
8782292557,2026-04-22T23:50:32+00:00,1686,60,19201
8782265016,2026-04-22T22:51:12+00:00,2028,60,19201
8782239218,2026-04-22T22:04:06+00:00,2306,60,19201
8782215329,2026-04-22T21:28:45+00:00,2005,60,19532
8782214393,2026-04-22T21:26:05+00:00,1619,60,19201
8782183957,2026-04-22T20:45:06+00:00,2305,60,18867
8782181892,2026-04-22T20:43:28+00:00,1936,60,19201
8782163465,2026-04-22T20:21:15+00:00,2448,60,19532
8782144224,2026-04-22T20:01:53+00:00,1808,60,19201
8782130283,2026-04-22T19:46:03+00:00,2097,60,19532
8782124201,2026-04-22T19:40:50+00:00,2653,60,18867
8782104100,2026-04-22T19:20:46+00:00,2988,60,19532
8782066777,2026-04-22T18:53:48+00:00,3284,60,19532
8782062737,2026-04-22T18:49:36+00:00,1819,60,19532
8782036445,2026-04-22T18:21:29+00:00,1916,60,19532
8782026639,2026-04-22T18:14:29+00:00,3554,60,18867
8781981503,2026-04-22T17:34:27+00:00,2421,60,19532
8781947923,2026-04-22T17:06:51+00:00,2413,60,18867
8781942116,2026-04-22T17:11:54+00:00,2299,60,19532
8781923699,2026-04-22T16:47:17+00:00,1876,60,18959
8781904566,2026-04-22T16:36:53+00:00,1901,60,19532
8781879925,2026-04-22T16:12:11+00:00,2536,60,19532
8781875710,2026-04-22T16:08:56+00:00,2139,60,19532
8781875296,2026-04-22T16:09:28+00:00,1660,60,18959
8781870689,2026-04-22T16:20:22+00:00,1908,60,18867
8781827611,2026-04-22T15:32:09+00:00,1629,60,18959
8781808385,2026-04-22T15:22:06+00:00,2421,60,19543
8781798380,2026-04-22T15:19:25+00:00,2792,60,19532
8781780279,2026-04-22T14:57:47+00:00,2515,60,19532
8781774413,2026-04-22T14:56:19+00:00,2791,60,19532
8781766105,2026-04-22T14:46:28+00:00,1951,60,18959
8781762269,2026-04-22T14:44:10+00:00,3010,60,18867
8781713672,2026-04-22T14:08:11+00:00,1611,60,18959
8781705399,2026-04-22T14:01:09+00:00,2504,60,19532
8781692076,2026-04-22T13:51:13+00:00,2284,60,18867
8781677671,2026-04-22T13:40:40+00:00,2113,60,19532
8781676071,2026-04-22T13:39:31+00:00,2566,60,19532
8781669218,2026-04-22T13:39:30+00:00,4326,60,19543
8781655313,2026-04-22T13:24:29+00:00,2028,60,18959
8781602319,2026-04-22T12:42:57+00:00,1827,60,18959
8781599917,2026-04-22T12:43:12+00:00,1805,60,19532
8781594842,2026-04-22T13:05:06+00:00,1740,60,18867
8781585273,2026-04-22T12:34:44+00:00,2471,60,19532
8781584788,2026-04-22T12:34:48+00:00,3306,60,19532
8781560526,2026-04-22T12:11:04+00:00,3474,60,19543
8781560305,2026-04-22T12:07:37+00:00,1679,60,18959
8781506124,2026-04-22T11:22:03+00:00,2421,60,19532
8781499375,2026-04-22T11:05:20+00:00,2312,60,18867
8781484100,2026-04-22T10:53:01+00:00,3158,60,19543
8781457139,2026-04-22T10:18:13+00:00,1950,60,18867
8781452740,2026-04-22T10:09:38+00:00,2922,60,19532
8781448344,2026-04-22T10:04:37+00:00,1832,60,18959
8781432852,2026-04-22T09:43:24+00:00,3740,60,19532
8781429756,2026-04-22T09:39:15+00:00,818,60,19532
8781428124,2026-04-22T09:42:58+00:00,2705,60,19543
8781421166,2026-04-22T09:28:33+00:00,1614,60,18959
8781410967,2026-04-22T09:13:36+00:00,2548,60,18867
8781402200,2026-04-22T09:03:48+00:00,819,60,19532
8781398008,2026-04-22T08:57:33+00:00,1099,60,19532
8781394339,2026-04-22T08:54:00+00:00,3420,60,18865
8781391290,2026-04-22T08:58:01+00:00,2534,60,19532
8781384427,2026-04-22T08:36:44+00:00,2295,60,18959
8781380057,2026-04-22T08:32:37+00:00,1519,60,18867
8781366014,2026-04-22T08:14:07+00:00,2670,60,19543
8781358046,2026-04-22T07:58:40+00:00,1570,60,18959
8781346934,2026-04-22T07:42:38+00:00,1707,60,18867
8781340960,2026-04-22T07:31:31+00:00,2971,60,18865
8781329280,2026-04-22T07:15:12+00:00,2032,60,18959
8781318601,2026-04-22T07:01:46+00:00,2492,60,19543
8781314967,2026-04-22T06:50:41+00:00,2514,60,18959
8781313180,2026-04-22T06:46:57+00:00,2166,60,18867
8781301871,2026-04-22T06:28:57+00:00,1642,60,18959
8781298926,2026-04-22T06:26:19+00:00,2088,60,18865
8781292238,2026-04-22T06:12:54+00:00,1576,60,18959
8781281070,2026-04-22T05:53:18+00:00,1834,60,18867
8781277131,2026-04-22T05:44:55+00:00,2017,60,18959
8781268530,2026-04-22T05:29:10+00:00,1906,60,18959
8781257364,2026-04-22T05:07:43+00:00,2596,60,18865
8781248637,2026-04-22T04:51:10+00:00,2197,60,18959
8781247179,2026-04-22T04:48:23+00:00,2326,60,18867
8781245440,2026-04-22T04:45:41+00:00,1844,60,18959
8781226280,2026-04-22T04:09:17+00:00,1919,60,18865
8781225686,2026-04-22T04:09:59+00:00,1961,60,18959
8781225187,2026-04-22T04:07:40+00:00,1679,60,18959
8781223905,2026-04-22T04:04:51+00:00,1796,60,18867
8781194267,2026-04-22T03:09:52+00:00,1987,60,18867
8781193627,2026-04-22T03:11:21+00:00,1987,60,18865
8781190605,2026-04-22T03:01:36+00:00,1543,60,19201
8781153982,2026-04-22T01:52:24+00:00,1714,60,19201
8781129592,2026-04-22T01:13:39+00:00,1737,60,19201
8781108089,2026-04-22T00:22:11+00:00,1935,60,19201
8781090048,2026-04-21T23:47:02+00:00,1521,60,19201
8781071666,2026-04-21T23:08:02+00:00,1633,60,19201
8781044489,2026-04-21T22:25:54+00:00,1828,60,19201
8781014170,2026-04-21T21:23:14+00:00,2013,60,19201
8780983890,2026-04-21T20:44:40+00:00,1717,60,19201
8780953040,2026-04-21T20:12:53+00:00,2171,60,19532
8780945348,2026-04-21T20:05:12+00:00,1548,60,19201
8780889411,2026-04-21T19:10:25+00:00,2144,60,19532
8739961836,2026-03-22T19:27:49+00:00,2090,59,18867
8739958658,2026-03-22T19:30:00+00:00,1795,59,19422
8739957415,2026-03-22T19:28:53+00:00,1567,59,19422
8739952710,2026-03-22T19:25:00+00:00,2225,59,19422
8739952615,2026-03-22T19:24:02+00:00,2657,59,19422
8739942372,2026-03-22T19:11:58+00:00,1247,59,19467
8739942292,2026-03-22T19:12:24+00:00,3292,59,19464
8739932237,2026-03-22T19:04:38+00:00,5115,59,19467
8739928575,2026-03-22T19:04:05+00:00,1870,59,18866
8739895187,2026-03-22T18:34:47+00:00,2077,59,18867
8739880207,2026-03-22T18:19:59+00:00,1991,59,19176
8739878090,2026-03-22T18:18:16+00:00,1600,59,19176
8739868152,2026-03-22T18:12:52+00:00,2201,59,19464
8739863882,2026-03-22T18:06:59+00:00,2776,59,19422
8739851105,2026-03-22T18:03:54+00:00,2979,59,19422
8739851099,2026-03-22T18:02:01+00:00,3440,59,19422
8739850995,2026-03-22T18:02:01+00:00,3121,59,19422
8739808106,2026-03-22T17:23:28+00:00,2158,59,18867
8739802865,2026-03-22T17:19:23+00:00,2023,59,18866
8739787255,2026-03-22T17:07:38+00:00,1867,59,19176
8739785340,2026-03-22T17:06:06+00:00,1957,59,19176
8739784859,2026-03-22T17:05:45+00:00,2925,59,19176
8739777219,2026-03-22T17:06:54+00:00,2556,59,19464
8739736654,2026-03-22T16:29:46+00:00,2214,59,19422
8739725793,2026-03-22T16:27:10+00:00,2636,59,19422
8739720304,2026-03-22T16:25:22+00:00,1720,59,18866
8739710260,2026-03-22T16:16:50+00:00,1735,59,19422
8739698608,2026-03-22T16:04:05+00:00,2466,59,18867
8739662427,2026-03-22T15:42:58+00:00,2393,59,19422
8739653602,2026-03-22T15:37:39+00:00,1456,59,18866
8739631582,2026-03-22T15:17:26+00:00,1948,59,19176
8739623562,2026-03-22T15:12:13+00:00,1639,59,19176
8739620266,2026-03-22T15:10:04+00:00,1624,59,19176
8739619302,2026-03-22T15:09:29+00:00,5079,59,19176
8739616771,2026-03-22T15:07:51+00:00,2743,59,19176
8739615625,2026-03-22T15:07:08+00:00,2388,59,19176
8739611060,2026-03-22T15:09:01+00:00,2576,59,19422
8739610783,2026-03-22T15:09:01+00:00,2876,59,19422
8739610662,2026-03-22T15:09:11+00:00,2053,59,19422
8739565718,2026-03-22T14:38:39+00:00,1891,59,19464
8739563995,2026-03-22T14:38:57+00:00,1801,59,19422
8739551044,2026-03-22T14:25:51+00:00,2736,59,18866
8739494661,2026-03-22T13:50:34+00:00,2277,59,19176
8739489606,2026-03-22T13:47:20+00:00,1620,59,19176
8739487125,2026-03-22T13:45:45+00:00,3197,59,19176
8739485284,2026-03-22T13:44:36+00:00,1439,59,19176
8739482920,2026-03-22T13:43:03+00:00,3394,59,19176
8739480827,2026-03-22T13:41:43+00:00,2415,59,19176
8739479946,2026-03-22T13:41:11+00:00,3117,59,19176
8739479703,2026-03-22T13:41:02+00:00,2059,59,19176
8739479572,2026-03-22T13:40:56+00:00,1375,59,19176
8739477937,2026-03-22T13:39:55+00:00,1305,59,19176
8739477865,2026-03-22T13:39:52+00:00,2790,59,19176
8739472184,2026-03-22T13:41:00+00:00,2784,59,19422
8739457443,2026-03-22T13:26:43+00:00,1643,59,18867
8739448492,2026-03-22T13:26:58+00:00,1742,59,19422
8739419093,2026-03-22T13:16:26+00:00,3061,59,19464
8739418859,2026-03-22T13:06:24+00:00,3054,59,18866
8739405645,2026-03-22T12:58:00+00:00,3114,59,19422
8739395303,2026-03-22T12:51:01+00:00,1446,59,19422
8739369490,2026-03-22T12:28:50+00:00,2322,59,18867
8739360792,2026-03-22T12:22:14+00:00,1006,59,19176
8739350122,2026-03-22T12:14:50+00:00,1736,59,19176
8739348819,2026-03-22T12:13:56+00:00,2160,59,19176
8739348815,2026-03-22T12:13:56+00:00,1460,59,19176
8782376294,2026-04-23T02:40:43+00:00,1951,60,19201
8782351921,2026-04-23T01:55:29+00:00,2104,60,19201
8782331865,2026-04-23T01:14:52+00:00,1715,60,19201
8739347051,2026-03-22T12:12:38+00:00,2513,59,19176
8739346977,2026-03-22T12:12:35+00:00,1976,59,19176
8739345591,2026-03-22T12:11:33+00:00,2473,59,19176
8739343662,2026-03-22T12:10:37+00:00,1957,59,18959
8739341590,2026-03-22T12:08:43+00:00,3758,59,19422
8739340568,2026-03-22T12:07:58+00:00,1563,59,19176
8739337514,2026-03-22T12:05:45+00:00,1277,59,19176
8739337447,2026-03-22T12:05:42+00:00,1457,59,19176
8739337354,2026-03-22T12:05:36+00:00,1436,59,19176
8739336354,2026-03-22T12:04:52+00:00,2316,59,19176
8739335731,2026-03-22T12:04:24+00:00,2423,59,19176
8739335497,2026-03-22T12:04:12+00:00,2645,59,19176
8739335248,2026-03-22T12:04:02+00:00,1968,59,19176
8739334965,2026-03-22T12:03:48+00:00,706,59,19176
8739334867,2026-03-22T12:03:44+00:00,1759,59,19176
8739333999,2026-03-22T12:03:06+00:00,2101,59,19176
8739333418,2026-03-22T12:02:40+00:00,3775,59,19176
8739333139,2026-03-22T12:02:28+00:00,2422,59,19176
8739323142,2026-03-22T12:00:00+00:00,1238,59,19422
8739323005,2026-03-22T12:00:00+00:00,1578,59,19422
8739322940,2026-03-22T11:59:56+00:00,3215,59,19422
8739297402,2026-03-22T11:35:48+00:00,1546,59,18959
8739282581,2026-03-22T11:23:56+00:00,1524,59,18867
8739246794,2026-03-22T10:55:45+00:00,1853,59,18959
8739224606,2026-03-22T10:37:03+00:00,1825,59,18867
8739189979,2026-03-22T10:06:27+00:00,2001,59,18959
8739148577,2026-03-22T09:29:57+00:00,1402,59,18959
8739138444,2026-03-22T09:19:38+00:00,2099,59,18867
8739090148,2026-03-22T08:35:49+00:00,2661,59,18959
8739066502,2026-03-22T08:13:56+00:00,1874,59,18867
8739058652,2026-03-22T08:05:32+00:00,3470,59,18865
8739045863,2026-03-22T07:53:48+00:00,1606,59,18959
8739008861,2026-03-22T07:19:04+00:00,1506,59,18959
8738993271,2026-03-22T07:08:24+00:00,1804,59,18865
8738966640,2026-03-22T06:30:21+00:00,2014,59,18959
8738955654,2026-03-22T06:17:45+00:00,1809,59,18959
8738930688,2026-03-22T05:47:01+00:00,1920,59,18959
8738926550,2026-03-22T05:47:02+00:00,1200,59,18959
8738898386,2026-03-22T05:07:51+00:00,1577,59,18959
8738897787,2026-03-22T05:11:37+00:00,1371,59,18959
8738872901,2026-03-22T04:30:40+00:00,1254,59,18959
8738840526,2026-03-22T03:43:07+00:00,1981,59,18959
8738815257,2026-03-22T03:07:30+00:00,1646,59,18959
8738704454,2026-03-22T00:06:15+00:00,2422,59,19464
8738675369,2026-03-21T23:18:31+00:00,1473,59,19464
8738635591,2026-03-21T22:23:10+00:00,977,59,19467
8738628422,2026-03-21T22:15:31+00:00,2477,59,19464
8738574604,2026-03-21T21:16:28+00:00,2295,59,19467
8738569082,2026-03-21T21:11:05+00:00,1363,59,19467
8738568440,2026-03-21T21:20:19+00:00,1194,59,18866
8738521139,2026-03-21T20:27:26+00:00,3619,59,19464
8738513464,2026-03-21T20:19:20+00:00,2107,59,18866
8738500753,2026-03-21T20:10:28+00:00,2389,59,19467
8738441343,2026-03-21T19:21:53+00:00,2361,59,19464
8738421001,2026-03-21T19:05:19+00:00,1973,59,19467
8738414954,2026-03-21T19:06:21+00:00,2757,59,18866
8738387051,2026-03-21T18:37:58+00:00,1332,59,19255
8738320065,2026-03-21T17:50:32+00:00,1664,59,19255
8738243757,2026-03-21T16:51:08+00:00,2053,59,19255
8738216823,2026-03-21T16:40:32+00:00,2415,59,19255
8738165947,2026-03-21T16:00:02+00:00,1541,59,19255
8738132472,2026-03-21T15:33:32+00:00,2813,59,19255
8738055187,2026-03-21T14:44:31+00:00,2090,59,19255
8738044337,2026-03-21T14:36:51+00:00,1689,59,18866
8737993354,2026-03-21T14:14:32+00:00,2243,59,19255
8737958835,2026-03-21T13:52:31+00:00,2107,59,18865
8737955896,2026-03-21T13:42:44+00:00,2202,59,19255
8737879857,2026-03-21T13:00:38+00:00,3698,59,18866
8737877182,2026-03-21T12:55:44+00:00,2247,59,19255
8737864780,2026-03-21T12:38:32+00:00,2625,59,18865
8737827439,2026-03-21T12:13:15+00:00,2969,59,19255
8737799816,2026-03-21T11:54:02+00:00,1893,59,19255
8737751581,2026-03-21T11:08:19+00:00,1506,59,18866
8737741494,2026-03-21T11:03:37+00:00,2669,59,19255
8737736483,2026-03-21T11:00:12+00:00,1762,59,19255
8737735205,2026-03-21T10:56:36+00:00,1184,59,18959
8737732388,2026-03-21T10:59:57+00:00,3236,59,18865
8737709488,2026-03-21T10:30:45+00:00,1574,59,18867
8737685531,2026-03-21T10:09:00+00:00,1828,59,18959
8737680219,2026-03-21T10:06:58+00:00,1724,59,18866
8737673659,2026-03-21T10:00:46+00:00,2021,59,19255
8737663753,2026-03-21T09:45:16+00:00,1788,59,18867
8737653975,2026-03-21T09:35:43+00:00,2188,59,18865
8737652913,2026-03-21T09:35:04+00:00,1354,59,18959
8737636269,2026-03-21T09:18:42+00:00,2512,59,19371
8737611689,2026-03-21T08:58:09+00:00,1547,59,18959
8737605784,2026-03-21T08:47:58+00:00,2265,59,18867
8737597681,2026-03-21T08:41:26+00:00,1955,59,18865
8737569070,2026-03-21T08:12:44+00:00,2512,59,19371
8737561100,2026-03-21T08:03:25+00:00,1549,59,18867
8737560678,2026-03-21T08:02:15+00:00,1800,59,18959
8737526779,2026-03-21T07:23:45+00:00,1551,59,18959
8737511589,2026-03-21T07:05:21+00:00,2486,59,18867
8737506532,2026-03-21T07:02:27+00:00,3773,59,18865
8737185933,2026-03-20T22:46:37+00:00,1962,59,19464
8737168657,2026-03-20T22:20:51+00:00,1459,59,19201
8737131804,2026-03-20T21:38:11+00:00,2428,59,19464
8737127984,2026-03-20T21:33:01+00:00,1834,59,19201
8737090366,2026-03-20T20:50:47+00:00,1705,59,19201
8737070678,2026-03-20T20:34:08+00:00,2150,59,19464
8737041855,2026-03-20T20:04:53+00:00,3243,59,19378
8737039198,2026-03-20T20:02:33+00:00,2237,59,18866
8737038416,2026-03-20T20:03:04+00:00,2212,59,19201
8737024946,2026-03-20T19:50:18+00:00,892,59,16251
8737018987,2026-03-20T19:49:02+00:00,3119,59,19255
8737003029,2026-03-20T19:34:34+00:00,2362,59,19255
8736977138,2026-03-20T19:09:45+00:00,2023,59,18867
8736966821,2026-03-20T19:05:05+00:00,2042,59,18866
8736965320,2026-03-20T19:01:55+00:00,1828,59,19464
8736944341,2026-03-20T18:43:20+00:00,3111,59,19378
8736924720,2026-03-20T18:32:50+00:00,2299,59,19255
8736895462,2026-03-20T18:05:21+00:00,1762,59,19464
8736891827,2026-03-20T18:15:42+00:00,1562,59,18867
8736888113,2026-03-20T18:01:36+00:00,4735,59,19255
8736855860,2026-03-20T17:32:40+00:00,2012,59,19255
8736853845,2026-03-20T17:32:50+00:00,1904,59,19378
8736841044,2026-03-20T17:21:03+00:00,2155,59,18866
8736840892,2026-03-20T17:20:56+00:00,1425,59,18867
8736810536,2026-03-20T17:00:52+00:00,1958,59,19255
8736781343,2026-03-20T16:37:00+00:00,1515,59,18867
8736758458,2026-03-20T16:19:28+00:00,2673,59,19378
8736748141,2026-03-20T16:14:05+00:00,2274,59,18866
8736731439,2026-03-20T16:00:39+00:00,1520,59,18959
8736725776,2026-03-20T15:59:37+00:00,3426,59,19464
8736709181,2026-03-20T15:47:28+00:00,2729,59,19255
8736695667,2026-03-20T15:35:59+00:00,1512,59,19464
8736694261,2026-03-20T15:35:22+00:00,2576,59,19255
8736682553,2026-03-20T15:26:19+00:00,2067,59,18867
8736678026,2026-03-20T15:23:52+00:00,1482,59,18959
8736669742,2026-03-20T15:17:17+00:00,1709,59,18866
8736655323,2026-03-20T15:08:21+00:00,2432,59,19378
8736652684,2026-03-20T15:10:01+00:00,1569,59,19464
8736621837,2026-03-20T14:45:47+00:00,1377,59,18959
8736613632,2026-03-20T14:39:18+00:00,1747,59,18867
8736603299,2026-03-20T14:32:20+00:00,2989,59,19255
8736589962,2026-03-20T14:34:56+00:00,2059,59,19464
8736589646,2026-03-20T14:25:26+00:00,2582,59,19255
8736567199,2026-03-20T14:09:45+00:00,1974,59,18866
8736564286,2026-03-20T14:06:17+00:00,1680,59,18959
8736529530,2026-03-20T13:42:06+00:00,2366,59,18867
8736504866,2026-03-20T13:25:13+00:00,1880,59,19421
8736503497,2026-03-20T13:26:02+00:00,1879,59,18959
8736495153,2026-03-20T13:20:22+00:00,2266,59,19255
8736455000,2026-03-20T12:52:45+00:00,1980,59,19255
8736453554,2026-03-20T12:48:37+00:00,3292,59,18866
8736447707,2026-03-20T12:41:57+00:00,1801,59,18959
8736439121,2026-03-20T12:34:47+00:00,1981,59,18867
8736409951,2026-03-20T12:11:34+00:00,2792,59,19421
8736405150,2026-03-20T12:07:21+00:00,1591,59,18959
8736399153,2026-03-20T12:04:32+00:00,2962,59,19255
8736374063,2026-03-20T11:44:01+00:00,1954,59,18867
8736359956,2026-03-20T11:30:27+00:00,3497,59,19255
8736352151,2026-03-20T11:15:52+00:00,2387,59,18865
8736341319,2026-03-20T11:04:57+00:00,1453,59,18959
8736339285,2026-03-20T11:03:53+00:00,1954,59,19255
8736339236,2026-03-20T11:03:56+00:00,2552,59,19421
8736337564,2026-03-20T11:00:34+00:00,4197,59,18866
8736302132,2026-03-20T10:20:52+00:00,1841,59,18959
8736299909,2026-03-20T10:17:41+00:00,3215,59,18867
8736289602,2026-03-20T10:06:25+00:00,1520,59,18866
8736288421,2026-03-20T10:07:13+00:00,1888,59,18865
8736272742,2026-03-20T09:44:54+00:00,1431,59,18959
8736271975,2026-03-20T09:47:05+00:00,3012,59,19255
8736255306,2026-03-20T09:29:24+00:00,2470,59,19255
8736247594,2026-03-20T09:13:27+00:00,1390,59,18959
8736240519,2026-03-20T09:11:36+00:00,2011,59,18867
8736236910,2026-03-20T09:04:09+00:00,1183,59,19255
8736215274,2026-03-20T08:30:24+00:00,1637,59,18959
8736211318,2026-03-20T08:30:11+00:00,1985,59,19255
8736208336,2026-03-20T08:21:18+00:00,1493,59,18867
8736205785,2026-03-20T08:16:46+00:00,3164,59,18865
8736191343,2026-03-20T08:00:15+00:00,2223,59,19255
8736183479,2026-03-20T07:46:42+00:00,1870,59,18959
8736182019,2026-03-20T07:44:25+00:00,1828,59,18867
8736162969,2026-03-20T07:18:14+00:00,1536,59,18959
8736159013,2026-03-20T07:12:50+00:00,2195,59,18865
8736154865,2026-03-20T07:06:53+00:00,1782,59,18959
8736138979,2026-03-20T06:41:22+00:00,1586,59,18959
8736128495,2026-03-20T06:25:15+00:00,1660,59,18959
8736127490,2026-03-20T06:23:58+00:00,1436,59,18867
8736114739,2026-03-20T06:03:33+00:00,1635,59,18959
8736105991,2026-03-20T05:48:27+00:00,1496,59,18959
8736094830,2026-03-20T05:28:57+00:00,907,59,18865
8736084952,2026-03-20T05:12:56+00:00,1942,59,18959
8736083249,2026-03-20T05:09:14+00:00,1624,59,18959
8736064834,2026-03-20T04:36:53+00:00,1582,59,18959
8736052986,2026-03-20T04:15:21+00:00,2115,59,18865
8736003467,2026-03-20T02:47:39+00:00,1987,59,19201
8735984392,2026-03-20T02:13:28+00:00,1497,59,19201
8735963089,2026-03-20T01:32:14+00:00,1864,59,19201
8735937156,2026-03-20T00:50:16+00:00,1783,59,19201
8735920882,2026-03-20T00:06:41+00:00,1482,59,19201
8735903160,2026-03-19T23:29:55+00:00,1636,59,19201
8735881600,2026-03-19T22:49:26+00:00,1804,59,19201
8735854783,2026-03-19T22:08:12+00:00,1806,59,19201
8735821683,2026-03-19T21:21:01+00:00,1797,59,19201
8735819319,2026-03-19T21:18:40+00:00,2206,59,18866
8735804717,2026-03-19T20:57:16+00:00,1049,59,18867
8735788267,2026-03-19T20:40:07+00:00,1636,59,19201
8735761913,2026-03-19T20:10:29+00:00,2412,59,18866
8735752131,2026-03-19T20:01:23+00:00,1447,59,19201
8735745862,2026-03-19T19:56:44+00:00,2409,59,18867
8735701434,2026-03-19T19:14:38+00:00,1814,59,19464
8735684810,2026-03-19T19:02:43+00:00,2456,59,18866
8735683839,2026-03-19T18:58:14+00:00,3489,59,19378
8735670863,2026-03-19T18:47:01+00:00,1525,59,18867
8735633601,2026-03-19T18:16:24+00:00,1945,59,19464
8735627727,2026-03-19T18:12:46+00:00,2254,59,19255
8735617539,2026-03-19T18:05:15+00:00,1465,59,19378
8735597113,2026-03-19T17:45:43+00:00,1686,59,18866
8735585642,2026-03-19T17:54:33+00:00,1844,59,18867
8735563038,2026-03-19T17:20:10+00:00,3799,59,19421
8735535573,2026-03-19T17:00:08+00:00,2486,59,19255
8735529893,2026-03-19T16:52:31+00:00,2610,59,16251
8735505908,2026-03-19T16:41:55+00:00,2198,59,18866
8735498697,2026-03-19T16:29:25+00:00,2314,59,18867
8735488686,2026-03-19T16:20:20+00:00,1735,59,19378
8735486600,2026-03-19T16:21:30+00:00,3239,59,19464
8735473869,2026-03-19T16:09:39+00:00,2427,59,19421
8735471897,2026-03-19T16:08:24+00:00,1563,59,18959
8735435989,2026-03-19T15:41:07+00:00,1766,59,18867
8735430998,2026-03-19T15:37:37+00:00,1369,59,18959
8735399640,2026-03-19T15:21:44+00:00,3221,59,18866
8735382978,2026-03-19T15:04:49+00:00,1661,59,19378
8735377440,2026-03-19T15:06:09+00:00,2432,59,19464
8735375240,2026-03-19T14:59:29+00:00,1858,59,18959
8735373226,2026-03-19T15:01:30+00:00,2666,59,19255
8735372496,2026-03-19T14:56:31+00:00,2498,59,19421
8735353791,2026-03-19T14:56:39+00:00,1239,59,18867
8735316790,2026-03-19T14:18:12+00:00,1714,59,18959
8735298054,2026-03-19T14:05:09+00:00,2666,59,18866
8735281161,2026-03-19T14:00:16+00:00,1982,59,19255
8735270277,2026-03-19T13:45:52+00:00,2050,59,18867
8735250651,2026-03-19T13:32:44+00:00,2195,59,18959
8735239684,2026-03-19T13:26:07+00:00,2566,59,19421
8735226880,2026-03-19T13:15:41+00:00,2738,59,19464
8735205353,2026-03-19T13:01:57+00:00,2489,59,18866
8735189244,2026-03-19T12:47:27+00:00,1627,59,18959
8735156098,2026-03-19T12:21:17+00:00,3271,59,18867
8735137842,2026-03-19T12:05:08+00:00,2854,59,19421
8735137448,2026-03-19T12:04:21+00:00,1746,59,18959
8735134998,2026-03-19T12:05:18+00:00,2373,59,19464
8735130980,2026-03-19T12:00:02+00:00,1975,59,19255
8735091109,2026-03-19T11:19:16+00:00,2366,59,18866
8735073516,2026-03-19T11:03:02+00:00,2633,59,18867
8735070981,2026-03-19T11:00:19+00:00,1851,59,19255
8735066227,2026-03-19T10:52:58+00:00,1754,59,18959
8735029197,2026-03-19T10:09:49+00:00,1535,59,18959
8735019638,2026-03-19T10:10:36+00:00,2484,59,18866
8735014902,2026-03-19T09:50:56+00:00,2959,59,18867
8735008407,2026-03-19T09:44:23+00:00,2078,59,18865
8734998975,2026-03-19T09:30:32+00:00,1583,59,18959
8734988695,2026-03-19T09:20:06+00:00,2225,59,19255
8734979158,2026-03-19T09:03:08+00:00,2526,59,18867
8734972505,2026-03-19T08:53:44+00:00,1629,59,18865
8734966565,2026-03-19T08:45:58+00:00,2005,59,18959
8734940584,2026-03-19T08:09:59+00:00,1198,59,18959
8734932208,2026-03-19T08:00:21+00:00,3058,59,19255
8734926782,2026-03-19T07:52:02+00:00,1684,59,18865
8734916288,2026-03-19T07:32:16+00:00,1369,59,18959
8734901551,2026-03-19T07:08:29+00:00,1526,59,18867
8734892768,2026-03-19T06:55:32+00:00,1460,59,18959
8734891963,2026-03-19T06:53:04+00:00,1753,59,18865
8734877550,2026-03-19T06:28:53+00:00,1809,59,18959
8734868614,2026-03-19T06:14:00+00:00,1404,59,18867
8734865602,2026-03-19T06:08:41+00:00,1957,59,18959
8734854403,2026-03-19T05:49:09+00:00,1667,59,18959
8734849370,2026-03-19T05:38:49+00:00,2575,59,18865
8734845746,2026-03-19T05:32:34+00:00,1536,59,18959
8734836807,2026-03-19T05:16:53+00:00,1280,59,18959
8734817555,2026-03-19T04:42:04+00:00,1572,59,18959
8734798881,2026-03-19T04:15:41+00:00,3076,59,18865
8734758223,2026-03-19T02:53:09+00:00,1475,59,19201
8734734985,2026-03-19T02:11:57+00:00,1805,59,19201
8734713715,2026-03-19T01:30:39+00:00,1710,59,19201
8734697850,2026-03-19T00:56:23+00:00,1431,59,19201
8734673000,2026-03-19T00:14:45+00:00,1805,59,19201
8734655209,2026-03-18T23:31:52+00:00,1623,59,19201
8734635371,2026-03-18T22:54:58+00:00,1747,59,19201
8734608232,2026-03-18T22:12:55+00:00,1603,59,19201
8734605739,2026-03-18T22:07:47+00:00,2477,59,18866
8734587284,2026-03-18T21:36:02+00:00,1985,59,18867
8734578258,2026-03-18T21:24:19+00:00,1590,59,19201
8734569333,2026-03-18T21:11:42+00:00,1684,59,18866
8734547140,2026-03-18T20:44:25+00:00,1988,59,18867
8734545641,2026-03-18T20:43:15+00:00,1863,59,19201
8734517487,2026-03-18T20:21:35+00:00,1237,59,18866
8734507601,2026-03-18T20:02:17+00:00,1790,59,19201
8734500532,2026-03-18T19:56:16+00:00,1998,59,18867
8734456905,2026-03-18T19:13:11+00:00,2527,59,19378
8783555953,2026-04-23T23:32:33+00:00,1715,60,19201
8783535140,2026-04-23T22:52:17+00:00,1733,60,19201
8783510038,2026-04-23T22:11:25+00:00,1569,60,19201
8783477559,2026-04-23T21:24:14+00:00,1815,60,19201
8783442804,2026-04-23T20:39:48+00:00,1972,60,19201
8783405690,2026-04-23T20:02:24+00:00,1595,60,19201
8783374933,2026-04-23T19:32:30+00:00,1701,60,18867
8783326059,2026-04-23T18:50:23+00:00,1472,60,18867
8783255311,2026-04-23T17:53:53+00:00,2362,60,18867
8783198427,2026-04-23T17:12:16+00:00,2054,60,19543
8783134044,2026-04-23T16:20:51+00:00,2381,60,18867
8783105237,2026-04-23T16:05:08+00:00,2282,60,19543
8783046460,2026-04-23T15:19:32+00:00,2151,60,18867
8783046434,2026-04-23T15:22:37+00:00,1837,60,18959
8783006717,2026-04-23T14:55:58+00:00,2222,60,19543
8782988989,2026-04-23T14:39:20+00:00,1743,60,18959
8782965033,2026-04-23T14:28:08+00:00,1986,60,19532
8782952765,2026-04-23T14:13:53+00:00,1520,60,18867
8782930341,2026-04-23T13:58:37+00:00,1883,60,18959
8782920537,2026-04-23T13:51:42+00:00,812,60,19532
8782878079,2026-04-23T13:22:23+00:00,1720,60,18959
8782877140,2026-04-23T13:22:06+00:00,1773,60,18867
8782870472,2026-04-23T13:22:51+00:00,3804,60,19543
8782870288,2026-04-23T13:16:01+00:00,1807,60,19532
8782867414,2026-04-23T13:13:58+00:00,1318,60,19532
8782851195,2026-04-23T13:02:04+00:00,2733,60,19532
8782845762,2026-04-23T12:58:45+00:00,3088,60,18867
8782822873,2026-04-23T12:40:13+00:00,1748,60,18959
8782786363,2026-04-23T12:09:47+00:00,2002,60,18867
8782782376,2026-04-23T12:13:53+00:00,2082,60,19532
8782781890,2026-04-23T12:09:59+00:00,2212,60,19532
8782776059,2026-04-23T12:01:18+00:00,1763,60,18959
8782773613,2026-04-23T11:59:47+00:00,2028,60,19532
8782773236,2026-04-23T12:04:47+00:00,3832,60,19532
8782750796,2026-04-23T11:42:35+00:00,3558,60,19543
8782723524,2026-04-23T11:13:01+00:00,2574,60,18865
8782722935,2026-04-23T11:10:38+00:00,2295,60,18867
8782706180,2026-04-23T10:53:56+00:00,2776,60,19532
8782704043,2026-04-23T10:58:28+00:00,2550,60,19532
8782678248,2026-04-23T10:25:30+00:00,2803,60,19543
8782673276,2026-04-23T10:15:05+00:00,1690,60,18959
8782664821,2026-04-23T10:04:45+00:00,2225,60,18867
8782664642,2026-04-23T10:04:09+00:00,2504,60,18865
8782663412,2026-04-23T10:02:38+00:00,1841,60,19532
8782650848,2026-04-23T09:46:59+00:00,1663,60,19532
8782646164,2026-04-23T09:41:01+00:00,2722,60,19532
8782639708,2026-04-23T09:35:20+00:00,1787,60,18959
8782625329,2026-04-23T09:19:02+00:00,2233,60,19543
8782624979,2026-04-23T09:13:43+00:00,2072,60,18867
8782611362,2026-04-23T08:55:40+00:00,1385,60,19532
8782608765,2026-04-23T08:58:48+00:00,1397,60,19532
8782607658,2026-04-23T08:55:30+00:00,2574,60,18865
8782604707,2026-04-23T08:54:25+00:00,2555,60,19532
8782601418,2026-04-23T08:41:58+00:00,1812,60,18959
8782584741,2026-04-23T08:19:12+00:00,2242,60,18867
8782581053,2026-04-23T08:12:24+00:00,2343,60,19543
8782565352,2026-04-23T07:50:43+00:00,2054,60,18959
8782560260,2026-04-23T07:43:28+00:00,2714,60,18865
8782545181,2026-04-23T07:22:50+00:00,2049,60,18867
8782534661,2026-04-23T07:07:45+00:00,1698,60,18959
8782527726,2026-04-23T07:00:01+00:00,2756,60,19543
8782523384,2026-04-23T06:49:55+00:00,1615,60,18959
8782516296,2026-04-23T06:43:04+00:00,1741,60,18865
8782503956,2026-04-23T06:18:04+00:00,2034,60,18959
8782499239,2026-04-23T06:10:48+00:00,1724,60,18959
8782495542,2026-04-23T06:03:41+00:00,2196,60,18867
8782476881,2026-04-23T05:33:20+00:00,1888,60,18959
8782474270,2026-04-23T05:29:30+00:00,1680,60,18959
8782458265,2026-04-23T05:02:22+00:00,2548,60,18867
8782451273,2026-04-23T04:48:46+00:00,1805,60,18959
8782449967,2026-04-23T04:47:19+00:00,1851,60,18959
8782444414,2026-04-23T04:36:45+00:00,3051,60,18865
8782425749,2026-04-23T04:05:49+00:00,1838,60,18959
8782425154,2026-04-23T04:07:17+00:00,1860,60,18959
8782421758,2026-04-23T03:58:10+00:00,2367,60,18867
8782390301,2026-04-23T03:06:38+00:00,1900,60,18867
8782390024,2026-04-23T03:14:40+00:00,1910,60,18865
