steam_id,nickname,photo_path,country,team_external_id,last_match_time
315850275,CS.Nupiq,https://avatars.steamstatic.com/a6c94644502db46100a2b820009bd9e41b670a9f.jpg,,9025669,
169359670,CS.Qipik,https://avatars.steamstatic.com/89d1ce664d7987836cece52db12f6cff29d8cd05.jpg,,9025669,
338281289,CS.Fijik,https://avatars.steamstatic.com/8e176b79c0f322e9de62ec9f4052ea0f0131890c.jpg,,9025669,
307624442,CS.Lemy,https://avatars.steamstatic.com/846b07cbcd79d4890c58a52fa1f6b1ffcb0a0773.jpg,,9025669,
844586465,CS.Vexus,https://avatars.steamstatic.com/5d852c122781840ecaccf0be82cc32f9584eb9f2.jpg,,9025669,
845344315,vP.RatnBone,https://avatars.steamstatic.com/fa2a17ac7c5c0015198faaa144865a897d46857c.jpg,,8849833,
358783974,vP.Shelby,https://avatars.steamstatic.com/51c3efd10ba52d3a84d17166ee807a1f88f37022.jpg,,8849833,
311095642,vP.zikboss,https://avatars.steamstatic.com/e94e37dd4e68630b1b49cb85b4f0e5ae97c8755a.jpg,,8849833,
402870848,vP.Pronto,https://avatars.steamstatic.com/f09ecd7c1c6989581008f2631b3e619e3db8a564.jpg,,8849833,
341654420,vP.Helannt,https://avatars.steamstatic.com/8e4af1559082ab7924caddcf76a8631cba4f845b.jpg,BR,8849833,
185001854,Todo lo aprendi de ti,https://avatars.steamstatic.com/927dbc6bcb8176b9889e38adc8d38b9c5d4bc841.jpg,PE,9600331,
242885483,Tenaud´´,https://avatars.steamstatic.com/58050bffc5a185d7acd3346593b80afffd87f761.jpg,PE,9600331,
145372258,Nikola Kovač,https://avatars.steamstatic.com/1fd95eb279c72771290b03d4eec05e99c59ad613.jpg,AR,9600331,
182322692,燃烧的年轻人,https://avatars.steamstatic.com/f013cd7fbe2c6d3f33581bfc1d45264f3df9b5f8.jpg,,9600331,
197574429,2xaxa,https://avatars.steamstatic.com/bdcedbf26c5ad6b2fd0252dec45be7b7b97c0537.jpg,BO,9600331,
283545554,Yaix insta feed idc games,https://avatars.steamstatic.com/71083067b5d51f27173ab29fb7639972dd50875e.jpg,,9373482,
183126002,CoYoTão,https://avatars.steamstatic.com/577baf789c4fa780851a6696c483618fb8bc398a.jpg,BR,9373482,
197813893,sweet side,https://avatars.steamstatic.com/9103fd74465ff2e604398c829e03900ee8f609b1.jpg,CO,9373482,
133066657,@-@,https://avatars.steamstatic.com/be3b4c49ac0394ba3fa1e40aaa40eb69cbb51d4b.jpg,BR,9373482,
120416283,Zombie,https://avatars.steamstatic.com/b99238dc0e8d340cb4ce221504b4f2585ceb63cc.jpg,BR,9373482,
222022666,DG.ThunderRiver,https://avatars.steamstatic.com/1d19abf365d1fe0df6b2d4f210e7864818d3a806.jpg,UA,8850015,
1092522462,DG.hoxi,https://avatars.steamstatic.com/19bd7eceed7c49adc3beeaf7b1b6ec122df69296.jpg,,8850015,
328999660,DG.Dreadlight,https://avatars.steamstatic.com/700912c81672a0f635753938069efc389fe4dc97.jpg,,8850015,
234162677,DG.Ndolal,https://avatars.steamstatic.com/ccdac6b36898631a0695038e360892a0f3d97133.jpg,UA,8850015,
403346876,DG.dollymy,https://avatars.steamstatic.com/d104040afaab7ae9bf972f7c9966db865d170f51.jpg,,8850015,
440472855,Ts.TioS,https://avatars.steamstatic.com/64fb9678a810fbc802f3f83877e4567e5c0bd173.jpg,,8879077,
105704864,Ts.Ganzy,https://avatars.steamstatic.com/64fb9678a810fbc802f3f83877e4567e5c0bd173.jpg,,8879077,
304802749,Ts.Chizan,https://avatars.steamstatic.com/64fb9678a810fbc802f3f83877e4567e5c0bd173.jpg,,8879077,
1674745516,Ts.Elec,https://avatars.steamstatic.com/0bc7022c23d928178fd394666acac4193162e69b.jpg,,8879077,
460576221,Ts.saydan,https://avatars.steamstatic.com/64fb9678a810fbc802f3f83877e4567e5c0bd173.jpg,,8879077,
297118630,savage,https://avatars.steamstatic.com/61a6149281d21ebd91055131beba74f36d3dddcd.jpg,CL,10053545,
317506304,Illia Topuria,https://avatars.steamstatic.com/3280343bce1538f1fdb79a9cbbbdb6540e2f758e.jpg,PE,10053545,
148480336,ArzT,https://avatars.steamstatic.com/05c93382416aefc62abe289f656a78905e43b324.jpg,PE,10053545,
121591254,ZXCZXCZXC,https://avatars.steamstatic.com/e40cfcf97380fbe0f28a8b0a13de0d295b328b56.jpg,,10053545,
377724939,GOOD GUY,https://avatars.steamstatic.com/280c62e530e6c7eaf62d3014e4c2ddee66f6ebab.jpg,PE,10053545,
122991831,BAN,https://avatars.steamstatic.com/aef2343297fc74d20d91e6a6b9f2c549957fe30b.jpg,PT,9829371,
177471434,LOBO MAU,https://avatars.steamstatic.com/8700b47fcfcd118d1e463b82b6383160acbfb749.jpg,DE,9829371,
324091835,it's okay not be okay..,https://avatars.steamstatic.com/778b75bcbb83fda50ccc62e0a21cf9a73331c3b8.jpg,BR,9829371,
83863494,Franco.Scty-,https://avatars.steamstatic.com/67ab642e3c272972db9ec23877dc9fc58a96f24b.jpg,,9829371,
195353057,Shadow Moses,https://avatars.steamstatic.com/1b06a7c2e3772e0f368246bda666a447b98fcac9.jpg,BR,9829371,
130433320,chad,https://avatars.steamstatic.com/35bf9b3efea04bf594e23eb05b5c3a248ccbd554.jpg,TD,9677506,
367217819,-,https://avatars.steamstatic.com/dc83ae858d8c5d6a0a5069f50064a760ed582f04.jpg,,9743822,
339941742,DoCk†oR_MenGeLEk,https://avatars.steamstatic.com/b2459d5610262d7acbe4325cee58011c47f100d4.jpg,BY,9895818,
906511622,Герман,https://avatars.steamstatic.com/a2210cbd7ee14acebcd5ab0bb6ebd4527e5efacd.jpg,RU,9743822,
1902169997,Bankai,https://avatars.steamstatic.com/7ed7a3d14f45911bc0cbad4aaf140fcb0e90a0f6.jpg,,9677506,
1029972951,Vip Qazaq,https://avatars.steamstatic.com/6add5c795eec5174f5f9fe5614da6d8d37cb696d.jpg,JP,9743822,
236214375,Impact,https://avatars.steamstatic.com/6d1f9662ceb2e9d35c488c0c9bf50b2d24155396.jpg,CC,9593609,
368526609,Murasame,https://avatars.steamstatic.com/78fb3f4ff808bd3c3e3242aea6687536217c823c.jpg,LV,9743822,
1914262504,миньон,https://avatars.steamstatic.com/d6db0f0ed4a5bf67b6653826c71cde1a2fd92ab1.jpg,,9743822,
113923026,Leocouk,https://avatars.steamstatic.com/afed314f9ebaeedb23a7245f7f6223c8afd12cda.jpg,UA,9743822,
882227143,capeta,https://avatars.steamstatic.com/e643c812feece27c17ad274ee113b3c2efb3d202.jpg,RU,9829371,
177953305,Yadomi,https://avatars.steamstatic.com/b97e14ade5f696fcff5ec9241bf3ab88d4fc4330.jpg,,9678463,
383867949,xulito,https://avatars.steamstatic.com/e1f770af2f77c7ca21ad2f10c663d61851b68fec.jpg,,9678463,
445646028,^ ^,https://avatars.steamstatic.com/8606a34c6500945b7432c8284a3f59a29c924efb.jpg,,9678463,
395770377,manchild,https://avatars.steamstatic.com/6c05d5987ff4f326c27ce8a58cfeb0561d6d5253.jpg,PE,9678463,
425588742,zzz,https://avatars.steamstatic.com/afc4021db95416f72b7a287e68dc598954c2b9e9.jpg,,9678463,
86692726,Yanbura,https://avatars.steamstatic.com/6dff984e98e1aaf2f4f594051a009aaea6c18f5f.jpg,BR,8971308,
86822085,Gwynbleidd,https://avatars.steamstatic.com/f4f4d41903c4a0e59cc71a025a8d36af0091051b.jpg,BR,8971308,
421515107,Ryu,https://avatars.steamstatic.com/6c3968236a640ea64fdda7db253270316b9f4ae4.jpg,PE,8971308,
88611330,vinterriket,https://avatars.steamstatic.com/5dc32043f6f1ac3a3045b3e6d4dd210ab7261442.jpg,BR,8971308,
250199344,Aomine,https://avatars.steamstatic.com/04934c71836c365362f53295b97e889b9b60e23f.jpg,NO,8971308,
1695617010,тупой качок(9),https://avatars.steamstatic.com/343cdba88900ab93169850b830de3b774bef077c.jpg,,9395679,
1906005443,that all about your fear,https://avatars.steamstatic.com/61dac56697c6c55d7653e880b262fb02e6ae51a3.jpg,,9729767,
1811371866,yvs,https://avatars.steamstatic.com/6d0b7e6571abd46f0e0dc3cddc08e5a65fac4a1c.jpg,,9743822,
1291449666,ew,https://avatars.steamstatic.com/c5722a286e885c00752e3eddc90b074e8ff3f0e8.jpg,RU,9593609,
1041276674,edward_kuzmin,https://avatars.steamstatic.com/661370d774bd677228d0d4494b3deba4bf3e4454.jpg,,5014799,
127530803,Serenityy,https://avatars.steamstatic.com/88d4f67dc671822084a1a18d05c055b9e6ff759d.jpg,,5014799,
158072796,tamagochi,https://avatars.steamstatic.com/5227d2c10cf654d17fc2be070ae52c885434cb39.jpg,CA,5014799,
114162163,зaвтpa пoвeшycь,https://avatars.steamstatic.com/4b63b04c8f07192309d3f5403bc381e33d24d3e0.jpg,,5014799,
120840516,VaniLLl,https://avatars.steamstatic.com/46995f3f21f3f0690c396949f6234b1947e97d56.jpg,RU,5014799,
196400041,small game,https://avatars.steamstatic.com/84686909aee3e7c73d1bfc89fec659cdefad0da2.jpg,SE,10019843,
1172719712,self sabotage,https://avatars.steamstatic.com/afa8a4d8b1376962dd712dfbbbaa008f51ec01c6.jpg,UA,10019843,
458287006,stronj bob,https://avatars.steamstatic.com/529bf785d6f2ca4765c83de074d9da16395e977e.jpg,MN,10019843,
117514269,destroyed,https://avatars.steamstatic.com/e3f13975c86ca33372e6e78fd3de4e364615608f.jpg,SE,10019843,
262476000,Aura,https://avatars.steamstatic.com/dd8a18060e68adf2c5f27a9b2de391ae6c268e48.jpg,MK,10019843,
1068676453,Aboba,https://avatars.steamstatic.com/d1222a640fc1bf6741b8bd8ae384c5dd2e988c67.jpg,,9426115,
412910858,Vahee,https://avatars.steamstatic.com/67551dd0986a4642321e0f472b98a68b3d69e06b.jpg,,9426115,
183270733,wannacoffee,https://avatars.steamstatic.com/73ae33d6bff24396d78084347cad47c518fda7c1.jpg,TW,9426115,
1090568489,SectumSempra,https://avatars.steamstatic.com/fd941e93fbd5b91df0afc8afb2693a3dc09c274b.jpg,,9426115,
176158708,Denz,https://avatars.steamstatic.com/8f8f4bd6b157548b418eb674c5c712e2f62ba274.jpg,,9426115,
1622405666,Scorpion,https://avatars.steamstatic.com/b762588904baf5eaa613fb0af20209b5e1660be4.jpg,,9425656,
1621497616,Cyrax,https://avatars.steamstatic.com/583f06a409360c04f4b918d84506ff7bc6f4a211.jpg,,9425656,
397206052,Kintaro,https://avatars.steamstatic.com/596cd3d18b24187a05fd194367dd1e795be49eeb.jpg,CA,9425656,
1621422877,Quan Chi,https://avatars.steamstatic.com/18a406cdce8976d095e0e3914a1d0d7d680d3b8b.jpg,,9425656,
1621570409,Nightwolf,https://avatars.steamstatic.com/5694ac6737650328b996845153f60f192c54ef94.jpg,,9425656,
1712916118,Flóki,https://avatars.steamstatic.com/9fb09849b8ff92d6ffb3386bf3f8784e7e6ea148.jpg,,9743822,
1904129499,timothydillon1990,https://avatars.steamstatic.com/c5693f39333aa56c0f6d0fddd4e240b0f263f823.jpg,,9878494,
1903247233,carolynwight1917,https://avatars.steamstatic.com/ae8ea9beca759160c091a129024e5a83f6669ef6.jpg,,9878494,
1903997264,reneewilliams1915,https://avatars.steamstatic.com/dbc476d245837952fb4c17f051c2fe84f7f239d7.jpg,,9878494,
1902895053,juliettemcneil1926,https://avatars.steamstatic.com/a87a401df17fde4036541b411bb52603d89ee113.jpg,,9878494,
1902237853,meganpelc1900,https://avatars.steamstatic.com/df4912277d5ca95b219720722c35871417910f02.jpg,,9878494,
1879746018,Marling,https://avatars.steamstatic.com/a3677566d0e1665fd3e32a7bf9b76899dd3d1b40.jpg,,9768243,
1880011613,Mezzinio,https://avatars.steamstatic.com/b6acb16ee089b0268c6e54ebe541f35e13f30f01.jpg,,9768243,
1880066287,Pigeoncatcher,https://avatars.steamstatic.com/e3e55e6107c90dd4d55d78829647aa088c4e6d6a.jpg,,9768243,
1880007196,GrownMan,https://avatars.steamstatic.com/fef49e7fa7e1997310d705b2a6158ff8dc1cdfeb.jpg,,9768243,
1880979563,FrenzyMan,https://avatars.steamstatic.com/9789b6971604b173d28952239b98eba151f24440.jpg,,9768243,
1056145299,こうすることで感じ取る,https://avatars.steamstatic.com/2fd3a5a0d9b098c329475073f297ccf235348e82.jpg,,9729767,
1868210186,kismet,https://avatars.steamstatic.com/58738e7a892d9d1d2ab2af2f5c359ce723d74d76.jpg,,9729767,
878549965,потрошиловка,https://avatars.steamstatic.com/bcc1438034db592ffb28013823862b98168b77c0.jpg,,9729767,
307331749,Pirate King -,https://avatars.steamstatic.com/897812d97537355fafec00c4638e95330cbaf93c.jpg,JP,9895818,
297111049,keep on dancing in the dark,https://avatars.steamstatic.com/d6e79715cd904bf2ff20aaba16200b9309b28390.jpg,JP,9973477,
1136465061,meowl,https://avatars.steamstatic.com/e99a361fcad48c957787ab52bb5af5ccf7d15799.jpg,SK,9973477,
1251984026,Keyleth,https://avatars.steamstatic.com/c9a7c831d205c0330a2098fbeb1c4f79d366db1f.jpg,,9636142,
1073866259,дыхание,https://avatars.steamstatic.com/be3ba87cd150f0b2a0b0a318c8f33bdf6838e16c.jpg,,9636142,
399588134,.,https://avatars.steamstatic.com/8d7b93a3d8e8e0f134aba4913f66bbc296e9d87c.jpg,UA,9636142,
1246531472,modafinil,https://avatars.steamstatic.com/f50622d36fd4a0fbbc314be4e183db6fc80384bd.jpg,,9593609,
203989019,domenikosina,https://avatars.steamstatic.com/49180a1a0763c37aa4d5b4c5908308db45132958.jpg,US,9895818,
790671764,Konina,https://avatars.steamstatic.com/3ba6cc89ac3a32c0bd65d628f7739bbbcdc9d281.jpg,,10060977,
355253528,11111111111111111,https://avatars.steamstatic.com/3a6f74837925a71783b12e2d8bce5a6cdd2cbafa.jpg,,10060977,
793630681,eclipse,https://avatars.steamstatic.com/66acbf2948ede442cbf20a6b9a1317856bcfc8f9.jpg,,10060977,
1902976475,AbyssWalkers,https://avatars.steamstatic.com/4226bc32dd2fedbc54c980f8e14c59e49c62e108.jpg,,9814269,
1903043745,CreepSlayer,https://avatars.steamstatic.com/a0f0971f998050b116eb35e5ff19c3b432c0d58b.jpg,,9814269,
1902782463,Hellgrove,https://avatars.steamstatic.com/54ea842dfd09ce1e7cfdb7e6bfc49888388ebf15.jpg,,9814269,
1903287666,VoidRift,https://avatars.steamstatic.com/f6f119117ffd8af2b1e13d00fb91a3512ac67a54.jpg,,9814269,
1902738528,BloodStorm,https://avatars.steamstatic.com/a99f9696efad596f8500c4d61e533c2e0bf39c8f.jpg,,9814269,
1227183303,Randing,https://avatars.steamstatic.com/eb4c5bcd525dae54bda43619dab45c6ba7ea4bb4.jpg,,8629005,
1200963940,ZodiAc!,https://avatars.steamstatic.com/826b7bbd729af451404fba8ef763cbf73fed134f.jpg,,8629005,
1228355759,Kreen,https://avatars.steamstatic.com/21e218cce204f73da3c317eeefec9c239eb8443f.jpg,,8629005,
928499811,Okoni,https://avatars.steamstatic.com/ec9f0dbfbf02ddc0acc79dfc168848b97695cf33.jpg,,8629005,
1185918470,tinkywinky,https://avatars.steamstatic.com/3bf1b3065c58ac5b3746cc313722fbda08afa4f4.jpg,,8629005,
234119750,riviera,https://avatars.steamstatic.com/781aaa612bc9abd87d414811f656b222f88f8b25.jpg,,9895247,
1153798101,91 days,https://avatars.steamstatic.com/81b55c8b441c34e76acd660238916d9ac5ccbc78.jpg,,9895247,
1675517497,Ankou ♡,https://avatars.steamstatic.com/6fc48e5ab996f5bb9b8e5f8609863d32e41c5df1.jpg,EE,9895247,
435139370,forward,https://avatars.steamstatic.com/e0e63768dd7c4a84c47c39ff8dbc1d6f3b30fce3.jpg,KZ,9895247,
104334048,slow summer eve,https://avatars.steamstatic.com/82878ebb8be1228ed184775db395b612cac7762c.jpg,,9895247,
968545762,.,https://avatars.steamstatic.com/2cd4028bc5d428879a3c9b7165fa32099771cfde.jpg,MD,10047709,
193884241,pack rat,https://avatars.steamstatic.com/8b829b94c2cba171234f65fbb1313fd2409cfa0d.jpg,SG,10047709,
170809075,мусор,https://avatars.steamstatic.com/e2a84331d78387f94f36137b3d6329b52d758f11.jpg,IR,10047709,
296702734,PvE,https://avatars.steamstatic.com/32719c4f76b9b9fe008d9ae4fb6bb542f909f9d3.jpg,UA,10047709,
191597529,Q,https://avatars.steamstatic.com/c91f78baf915746b25feae6d9228f436665dc709.jpg,CN,10047709,
1750623235,LV.Velm,https://avatars.steamstatic.com/fe31cc5705b5fc5459a6b177bcd917e43ba32f84.jpg,FI,9768002,
1749799475,LV.Noxen,https://avatars.steamstatic.com/f1530fa9108cacaf7799391e82babe0d496e5f02.jpg,,9768002,
1750299292,LV.Duskworn,https://avatars.steamstatic.com/b0d078ca1d32a0526258a78beaca6d17a1c41a88.jpg,,9768002,
1750510331,LV.Ashreaver,https://avatars.steamstatic.com/6a312bd7661cc4ea9d8de7db979d2fda336b6fb4.jpg,,9768002,
808766025,Morne,https://avatars.steamstatic.com/c7bc60eaaf2bf0a34a4a208949d28f26ab42ebd1.jpg,,9768002,
194979527,--------------------------------,https://avatars.steamstatic.com/2c34d49b5e1d6797b431020c35b2ebaa8975469d.jpg,LT,2576071,
417604379,Нэтик покраснел,https://avatars.steamstatic.com/0dc5735857f98b8772ab440045ac76cda7d7acc9.jpg,DE,2576071,
860145568,Огузок сильнейший игрок на поле,https://avatars.steamstatic.com/f6008f6b79e76a85de355e5ce56482cbef1dee6c.jpg,,2576071,
218231587,skoroprime?,https://avatars.steamstatic.com/5dbdbc484ab380f26a49a46ddd21bf8d658ebd5a.jpg,RU,2576071,
217472313,Xakoda,https://avatars.steamstatic.com/e17a053576ba0d58cc9b3e6a5ff0810a11f459e8.jpg,RU,2576071,
293731272,maxpain,https://avatars.steamstatic.com/2daff7a246ebfaa02d508cf216ca539375c8e9a0.jpg,UA,9928636,
40805086,dota maniac,https://avatars.steamstatic.com/4d4b24c32163529272c36748eeea90929acd81a1.jpg,UA,9928636,
148612029,Biggest achivement = EPL,https://avatars.steamstatic.com/a014b7dd42cf313c87c7e2ca2704264a8cdfbbbf.jpg,UA,9928636,
276449590,300 gold rule,https://avatars.steamstatic.com/e688b47d2901be41f1f98ebbe8c7793700b9734b.jpg,UA,9928636,
1048617659,крекер,https://avatars.steamstatic.com/5f6f36a96df4eba176bcd0e5975fa80fc68b7032.jpg,,9928636,
1171975340,vogel,https://avatars.steamstatic.com/59a5d18181e7f4d85d954b6a67842bfd8fd71247.jpg,US,9895818,
197924168,He. K/\l-OeT.Huxy9l,https://avatars.steamstatic.com/479804803b2020879c8b5b18706b562d5150f6af.jpg,EE,9729268,
1771146737,Anabolic,https://avatars.steamstatic.com/e71ef586ee283d495a603acd62d76e490537649c.jpg,,9895818,
819437701,airu,https://avatars.steamstatic.com/d1237b30f5f179a92f5d1b4acf692c0ee346cdce.jpg,,9729268,
1591533176,hxxvenlytxxrs,https://avatars.steamstatic.com/2478a55c19de49fea8e3e19d3ab68c135b52fe33.jpg,,9895818,
1232094007,Nightfull,https://avatars.steamstatic.com/9a84f10435ac4dc2817d1cfb15836a16cae01764.jpg,,8629315,
202984325,EmbraceTheLight,https://avatars.steamstatic.com/73bc725887e77c0ef649219a0a4d50fb338193db.jpg,RU,8629315,
162724090,Sandy,https://avatars.steamstatic.com/c9bf1c3c674524b6cba0b56777bd358eb332b140.jpg,CN,8629315,
1170923497,AKID,https://avatars.steamstatic.com/c00c4f696f8255bb51c525b0bfbb1719a1bb2014.jpg,,8629315,
992327405,Dust_2,https://avatars.steamstatic.com/eaa22f985600596c6d1446a6b52a1aef03f8854c.jpg,,8629315,
1045494300,babyface,https://avatars.steamstatic.com/4c28fc523d89065862d17e136b17f6fc5ef97ce5.jpg,,2443375,
1103355581,titik,https://avatars.steamstatic.com/2c1e1da8a255fe6e4c2b8651e1fe5b3933793f68.jpg,,2443375,
301477244,ShinraTensei,https://avatars.steamstatic.com/36ab6fb84f0a5fc8a21a27cd09b6161b848ec9f8.jpg,SM,2443375,
181339278,Pudre,https://avatars.steamstatic.com/cb7c1ebb815661d56992409076d24da2a2b4f72e.jpg,,2443375,
80599925,Exterminator,https://avatars.steamstatic.com/6022e8441b76dfbe93f616e70b0c34a9b7082817.jpg,NO,2443375,
1749630639,NP.BlAze,https://avatars.steamstatic.com/8d96156426213ce7dc067b169539b47882ba4cc4.jpg,,9767998,
1750577069,NP.chaveve,https://avatars.steamstatic.com/f03649e60d5948d7c0b3aa18d91d6a5b5936b8d6.jpg,,9767998,
1750248703,NP.reneemartin,https://avatars.steamstatic.com/902198786975c7d483aff88e7e236a38733b866c.jpg,,9767998,
1750916329,NP.infinity,https://avatars.steamstatic.com/f75096ae746799a8266ab6444d609f65204ff875.jpg,,9767998,
1750435217,NP.Black l1ght,https://avatars.steamstatic.com/b098a73469587389ef7f71dcb9b190d76e2ed89e.jpg,,9767998,
294245092,VW.Gigglebot,https://avatars.steamstatic.com/2a2496f14e2e0cc6f82ac6253d7427bc725df58c.jpg,,9048057,
177062248,VW.Laughalot,https://avatars.steamstatic.com/a715491734f975761963b361e45063fda64f0895.jpg,,9048057,
279486190,VW.Jesterface,https://avatars.steamstatic.com/c6deb30e26110a0ba63929207550cafb989b07c4.jpg,US,9048057,
154357932,VW.Chucklesaur,https://avatars.steamstatic.com/aede4ccbfa404633d1561495ebf499b85acf614d.jpg,GB,9048057,
164322994,VW.Snickerdoodle,https://avatars.steamstatic.com/51a1581a8518c12d8f69316bda8a31bf01e02a38.jpg,,9048057,
296080998,Ff.Duh,https://avatars.steamstatic.com/405d1674b2a1b386ba3a4b9fd9484dba08c66f12.jpg,JP,8850016,
64188013,Ff.KoSide,https://avatars.steamstatic.com/dfcfe50f205ae21a43131ef00a16820466c33bf7.jpg,,8850016,
419736556,Ff.WaitFreestyle,https://avatars.steamstatic.com/b27ecb73a2d80e7753e94cef198f560c9e01cd60.jpg,,8850016,
437135906,Ff.DaemonT,https://avatars.steamstatic.com/b30c2b12df02c4dea3fe18268e123e3f387ee9ae.jpg,,8850016,
234382300,Ff.ZagZag,https://avatars.steamstatic.com/266581f2176b5f9e327b558d9eed0bbb33b24e0b.jpg,,8850016,
389033587,LA PASSION,https://avatars.steamstatic.com/1e89f85b96ee8ce9e4fe20787d7c896f8fea50ec.jpg,,9098294,
935495351,"Knight , .",https://avatars.steamstatic.com/7670f5cf05e8590e90874531225d76a6078cbb7e.jpg,DM,9098294,
274078636,¬,https://avatars.steamstatic.com/55dc62954e6dfebf065d86a82998e5202ed109e3.jpg,MN,9098294,
333700720,⋆,https://avatars.steamstatic.com/e64ae38160080881ce2d34a8c92dd3a5ef78f402.jpg,KZ,9098294,
242835570,YOKUMO YOKUMO YOKUMO,https://avatars.steamstatic.com/4a7b513acdd0e762bfb3b8dee9bbc8e0edb69695.jpg,MN,9098294,
881155636,TRUTH IS A BEAUTIFUL THING,https://avatars.steamstatic.com/9b46b247377599ab00c0dac441ee7408eabb15b7.jpg,PH,10108685,
398896331,Sanctuary,https://avatars.steamstatic.com/666879dbbbead4ca72ecc504a245aca9f5e10543.jpg,NG,10108685,
845923686,prime jeongyeon,https://avatars.steamstatic.com/b98e953588385cb17668ed8d0324049149142079.jpg,PH,10108685,
411602527,SICHU MALATANG,https://avatars.steamstatic.com/3b88b67f87c2ed0256278f59f4ab09d728dd125b.jpg,PH,10108685,
494553157,onebadbish,https://avatars.steamstatic.com/c3b9e7db0a352a2c72ae08b4c2fe4348770d4b4f.jpg,PH,10108685,
1915325533,JCK.ZAZA,https://avatars.steamstatic.com/88dee217d5ada896a5298a629fe224ebcb376366.jpg,,10109281,
1674075286,JCK.STONE,https://avatars.steamstatic.com/88dee217d5ada896a5298a629fe224ebcb376366.jpg,,10109281,
1673981310,JCK.SMITH,https://avatars.steamstatic.com/88dee217d5ada896a5298a629fe224ebcb376366.jpg,,10109281,
1673823171,JCK.FRAT,https://avatars.steamstatic.com/88dee217d5ada896a5298a629fe224ebcb376366.jpg,,10109281,
1674376311,JCK.SLIDE,https://avatars.steamstatic.com/88dee217d5ada896a5298a629fe224ebcb376366.jpg,,10109281,
1674521122,FP.gtz,https://avatars.steamstatic.com/23af25e663d7ed8732c273a5f00a017ab08ee8ac.jpg,,10109291,
1674194859,FP.ross,https://avatars.steamstatic.com/23af25e663d7ed8732c273a5f00a017ab08ee8ac.jpg,,10109291,
1916372708,FP.Jin,https://avatars.steamstatic.com/23af25e663d7ed8732c273a5f00a017ab08ee8ac.jpg,,10109291,
1673432637,FP. sza,https://avatars.steamstatic.com/23af25e663d7ed8732c273a5f00a017ab08ee8ac.jpg,,10109291,
1673250583,FP.rhym,https://avatars.steamstatic.com/23af25e663d7ed8732c273a5f00a017ab08ee8ac.jpg,,10109291,
363758022,FARM SIMULATOR,https://avatars.steamstatic.com/906ba819ab900eabb79601b234da2bd737b68381.jpg,CA,10108947,
352545711,Azul,https://avatars.steamstatic.com/b5c74ed61195919f4b5428c059a78181c358e3f4.jpg,CA,10108947,
157989498,Vigoss,https://avatars.steamstatic.com/914e5d2ca87960f19416af5316f7718208eb7091.jpg,ES,10108947,
252737052,@@,https://avatars.steamstatic.com/92cd85b095226d5facf535122b332dc0519e99c9.jpg,,10108947,
1031547092,< blank >,https://avatars.steamstatic.com/83d2ab083eb76aebed718fd01921fbe2af2b7e35.jpg,ZA,10108947,
177203952,Yuma,https://avatars.steamstatic.com/29f3bdb799edee196b3079efbcf73aae8923d3b2.jpg,DE,9303484,
1026694469,a,https://avatars.steamstatic.com/ac082948574067a0fb2115986287622aed614e2b.jpg,CA,9303484,
292921272,Wisper,https://avatars.steamstatic.com/a499b7dbf85483f3cf187db74c2c7d24fffa9e0c.jpg,BO,9303484,
105045291,Rita,https://avatars.steamstatic.com/489d16328e799cc4b2eca4bfbc2d2a0d62d7b3b1.jpg,BR,9303484,
81306398,марсианин,https://avatars.steamstatic.com/004dd57191a7b192fbf15d5d8dff46cde6b21fa3.jpg,,9303484,
358303866,FV.Norbert,https://avatars.steamstatic.com/72d313957ce368dee93f75ad1f1b7cc961d99d35.jpg,US,8849837,
122574061,FV.Trilemma,https://avatars.steamstatic.com/a4c81d9702d8e0626f8efce22e0dfbe0fe8867d8.jpg,,8849837,
332180099,FV.BenzDance~,https://avatars.steamstatic.com/2ba47840a0d671a00543d37cf06bad883012d57d.jpg,US,8849837,
422351924,FV.NoRemorse,https://avatars.steamstatic.com/3dd7a32933db2990b3114d605234cd2ec0d83b05.jpg,,8849837,
342667282,FV.1Yato1,https://avatars.steamstatic.com/32fee6e2765b5f1e2288b2da60f2050d91ba65ce.jpg,GB,8849837,
1916033622,SG.MKR,https://avatars.steamstatic.com/c08261c9b524b3f2f9d4ab6d9d5d9a8c2224b5c0.jpg,,10109292,
1674238731,SF.Smoke,https://avatars.steamstatic.com/faacb2e74f1c804814b9988ed4b22419e3e867ec.jpg,,10109292,
1674103602,SG.Lem,https://avatars.steamstatic.com/c08261c9b524b3f2f9d4ab6d9d5d9a8c2224b5c0.jpg,,10109292,
1674765405,SG.Moonstone,https://avatars.steamstatic.com/c08261c9b524b3f2f9d4ab6d9d5d9a8c2224b5c0.jpg,,10109292,
1674782737,SG.frails,https://avatars.steamstatic.com/c08261c9b524b3f2f9d4ab6d9d5d9a8c2224b5c0.jpg,,10109292,
1674765836,NSS.Luke,https://avatars.steamstatic.com/78b108cb5e93e72a6b4d7e3a9ac176f7b76f8c57.jpg,,10109294,
1673659376,NSS.Pedro,https://avatars.steamstatic.com/78b108cb5e93e72a6b4d7e3a9ac176f7b76f8c57.jpg,,10109294,
1869314695,NSS.Yaha,https://avatars.steamstatic.com/78b108cb5e93e72a6b4d7e3a9ac176f7b76f8c57.jpg,,10109294,
1673554800,NSS.Fred,https://avatars.steamstatic.com/78b108cb5e93e72a6b4d7e3a9ac176f7b76f8c57.jpg,,10109294,
1674002818,NSS.Ming,https://avatars.steamstatic.com/78b108cb5e93e72a6b4d7e3a9ac176f7b76f8c57.jpg,,10109294,
451153940,NV.popcorny,https://avatars.steamstatic.com/bb726685e2ebc16f0ecd1ff1c1ccafbe9d9b6be1.jpg,,9005364,
357873937,NV.mintyfresh,https://avatars.steamstatic.com/14572e5c1e76a24e668304b12191339c682afbc4.jpg,,9005364,
1675393568,NV.WaifuWarrior,https://avatars.steamstatic.com/fef49e7fa7e1997310d705b2a6158ff8dc1cdfeb.jpg,,9005364,
123406722,NV.Jupitera,https://avatars.steamstatic.com/31deb41a300bc94b680241c64895c53f7433d3ff.jpg,,9005364,
179986197,NV.Volcanus,https://avatars.steamstatic.com/94f2ba540faa40e2e5b67171a6a13bf22bc116ff.jpg,,9005364,
86811043,Oh Wonder,https://avatars.steamstatic.com/fb544a7c0fe600255a22aeba6406b53b87320426.jpg,,8971308,
206642367,鬼,https://avatars.steamstatic.com/49081d536fac5ec076f9dd3d7336b0a454e7cb78.jpg,MY,9964962,
191362875,Speeed,https://avatars.steamstatic.com/2d8780606835017dd337397408b94c942743a45a.jpg,US,9964962,
90423751,yo,https://avatars.steamstatic.com/988c12da46d4265d2b293aaace01b285b4ddf856.jpg,,9964962,
160119017,помойка,https://avatars.steamstatic.com/e67682058453271f50d982b6fadf48956d6ced8b.jpg,US,9964962,
154974246,)),https://avatars.steamstatic.com/5206e96b086551ec2506ed6eac32a7b75c10af1e.jpg,PH,9964962,
164685175,estoyviejoacabeelcolehace10años,https://avatars.steamstatic.com/3b971d1de77859d3c3a990fb2d8cc75ed90b0aba.jpg,GB,10108655,
1673586483,worthless,https://avatars.steamstatic.com/e0ef29469912bafb90eaeb098701c298807d9feb.jpg,,10108655,
352623024,pma,https://avatars.steamstatic.com/5ead1626910f2b297d318e7969dc9e813a944113.jpg,,10108655,
117089283,el multifacetico,https://avatars.steamstatic.com/9e80408b235841ad88345eae17457b59e73d87ab.jpg,AG,10108655,
248180032,· FlowZen,https://avatars.steamstatic.com/339ec02d06cad80f7826f8ccf80761ab4d0881e9.jpg,BO,10108655,
1000681260,Zatarax,https://avatars.steamstatic.com/6984a70c1762360d765411fbfe71b6299d9b8897.jpg,UA,10027925,
99796146,insomnia,https://avatars.steamstatic.com/a12b7baa12271cec7014acef9d0ed8a122f7d154.jpg,BG,10108600,
180775030,20s,https://avatars.steamstatic.com/396639f21aa30abc47675acf7659b491e73c682f.jpg,US,10108600,
1433323770,林ﻡ,https://avatars.steamstatic.com/6188f82f855b2c768d044e107caedb9bc1fcaf69.jpg,,10108600,
252520776,EfforT,https://avatars.steamstatic.com/34d74b21b11b109df28a74fea85c0b0ce7b558de.jpg,PE,10108600,
173842160,* * * * PMA,https://avatars.steamstatic.com/0b4de8263feaf6a9ab1cd6b420af8ee5580a029b.jpg,,10108600,
99622043,performanx,https://avatars.steamstatic.com/9e4c0ac375a3350f2eea317dda2c757006754d85.jpg,VE,8843862,
100106448,Ryoma,https://avatars.steamstatic.com/0437d31da40e7651d7c9642b54918e077db75f56.jpg,,8843862,
101092051,ArkaNa.Juthy♥,https://avatars.steamstatic.com/0156ac434078cd86cdafeb2c870e3e480c638e47.jpg,VE,8843862,
99803639,Eijun,https://avatars.steamstatic.com/4d503b1dcc0f66226ffbeaba93dfb71d0a440095.jpg,VE,8843862,
126340643,9299,https://avatars.steamstatic.com/822317b7d0a0f3ba782a1cad0f61535d4ee75ddd.jpg,PE,8843862,
417235485,dogs barking outside,https://avatars.steamstatic.com/278c50f03a0eb4b6d728ef65f6d295e017e387c5.jpg,LV,7299465,
323562138,5chill,https://avatars.steamstatic.com/b79a0121d26013b026e4c2a17a54694145e8a70d.jpg,EE,7299465,
331711578,не человек (animal),https://avatars.steamstatic.com/2cc191538d228a5ecc2caeccbfb4b24785b73be9.jpg,KZ,7299465,
164506534,maelle,https://avatars.steamstatic.com/0366fb24f2dcc9a2c7d8253db49b5ebf689e61ba.jpg,US,7299465,
333351042,растворяемся,https://avatars.steamstatic.com/6bde2b12abb68d2d3b02dca0f3d592adab623b38.jpg,FI,7299465,
172099728,Naruto~,https://avatars.steamstatic.com/558ed3cf162e40a92dd3e6c9d8415e09afcedc6e.jpg,RU,8255888,
480412663,negative behavior,https://avatars.steamstatic.com/a1fce92abb386631a672602cde663acd04d12ee0.jpg,AF,8255888,
165564598,ALIVE,https://avatars.steamstatic.com/6f1b4e9deeb43f42562530a2e6dd03358fe5725b.jpg,RU,8255888,
317880638,Pain-,https://avatars.steamstatic.com/e643c6d6283127719b550249e9fac8a5597b059a.jpg,SE,8255888,
196878136,trimski,https://avatars.steamstatic.com/44f195dccd725b1d114e1844ee7ba10a9808ccea.jpg,RU,8255888,
140251702,Layton,https://avatars.steamstatic.com/32253208c6dce9e669d4cde75444526f8968164f.jpg,IS,9303383,
145065875,player,https://avatars.steamstatic.com/21ea87d100d26ff4230c7063fbf6771f1f475341.jpg,,9303383,
123787715,I love Anime!,https://avatars.steamstatic.com/19a4b9b7130edace59bb827227791edf0ed9b44b.jpg,BY,9303383,
320017600,am i dreaming,https://avatars.steamstatic.com/c33cd15d592f5bec1f2c45152512be75cd8e32a3.jpg,RU,9303383,
92487440,Dwight K. Schrute,https://avatars.steamstatic.com/411136637014712070833e12d712cf28454666d6.jpg,,9303383,
16497807,tOfu,https://avatars.steamstatic.com/a0aca11d96d24ee6796bc8017fe7d988ac69006d.jpg,DE,2163,
97590558,50centaur,https://avatars.steamstatic.com/daaaf740e6e057d2000f0f43143644a58d1d39b6.jpg,DK,2163,
201358612,мусор,https://avatars.steamstatic.com/c1ed4d65a4822b698ea0514d7b1b2745cc6cffa4.jpg,,2163,
230487729,gamer_659,https://avatars.steamstatic.com/d15720dc286f8e2a82ad70e6d293c2a8367c7c93.jpg,PL,2163,
152962063,yondaime,https://avatars.steamstatic.com/71670af158159d9acc268ffebb6974efd685fb71.jpg,VN,2163,
1202267677,delusion,https://avatars.steamstatic.com/0681307642bff319d27dd4569cc28810fc78db3d.jpg,KZ,9338413,
190826739,nic,https://avatars.steamstatic.com/51444075a5ece933ba8c1b95690e1bcc27711f3c.jpg,CZ,9338413,
127617979,KITR,https://avatars.steamstatic.com/50f8809ffd5483bcd0f025cc92db882b459b068c.jpg,NL,9338413,
9403474,mid two,https://avatars.steamstatic.com/600a54e62405d2696730eabca74233adfd9aea7e.jpg,RU,9338413,
210053851,精神~,https://avatars.steamstatic.com/0659af90e1ee0a18d632f450de73be90c80eadaa.jpg,CH,9338413,
131246802,idc pubs,https://avatars.steamstatic.com/980cba897c30250353ece363c3eaf9e735e6704d.jpg,PE,10040639,
255339080,DM,https://avatars.steamstatic.com/8065ff40fa544e7aa4ee14d16db4306b80996f65.jpg,,10040639,
123953528,Rinnegan,https://avatars.steamstatic.com/63018b2873fef0f18f973e645173bd2e0b53aecc.jpg,US,10040639,
85696663,Night,https://avatars.steamstatic.com/bca30b508c52faee0bc6fe62cd0b18335b3c3313.jpg,US,9678463,
349569834,entombed,https://avatars.steamstatic.com/f476c9beaabfdc33e0470e88479cff26142331d5.jpg,,8680909,
196481318,locked,https://avatars.steamstatic.com/a65fea531d6efa4c915f9ada449dda4eebac20cf.jpg,IE,8680909,
187123736,mental ишу,https://avatars.steamstatic.com/3c6d9afc8e9c2dd90262b7b93e4df8fc25d6d66d.jpg,UA,8680909,
1114792376,n.m.p,https://avatars.steamstatic.com/1e410dea1accf9dc56d45ba7be318ee967d3db80.jpg,UA,8680909,
156485213,waveformn,https://avatars.steamstatic.com/502f0b2c6399f76632381b10c0334fb83bf08f82.jpg,RU,8680909,
353424606,Sea pub = low skill,https://avatars.steamstatic.com/870fd4c99b3ed8129ab8d29f4aa5eec12a501595.jpg,PH,9879852,
218367241,xd,https://avatars.steamstatic.com/d2a28538ecf172f3e8a1238318fbc774a613032a.jpg,PH,9879852,
145331311,sdasdsd,https://avatars.steamstatic.com/8e201f01782186d630fca79a80b05afdc9a8fc2e.jpg,PH,9879852,
162274034,90% calm 10% steady,https://avatars.steamstatic.com/8bbac4fea17c11db771bdc084597c09d1df00765.jpg,PH,9879852,
110759067,hok player,https://avatars.steamstatic.com/7aa59e48c1409c5904911420b43ed1afec78bd20.jpg,PH,9879852,
181716137,wassup foo,https://avatars.steamstatic.com/68230501079ec40e66ea0aa2fb38c62384bc973e.jpg,MY,9828897,
156328257,aaa,https://avatars.steamstatic.com/235e6e10cd66af9a6c42020f8053cf3a32508522.jpg,ID,9828897,
140411011,abi eja,https://avatars.steamstatic.com/12d12594fe7abebe1e3ce4bb7b288fbeaf139bb2.jpg,ID,9828897,
155447692,reckless,https://avatars.steamstatic.com/967d4b8d41033e2ac465c8304d101986d38c6bc6.jpg,ID,9828897,
118559150,Joana,https://avatars.steamstatic.com/1e1366dd9b6017e68901c4149e582c377b84cb3e.jpg,ID,9828897,
891566317,johnnupro,https://avatars.steamstatic.com/e70636d44e78fe9a7d3efec52df2a5a1c7a25bf9.jpg,UA,10101574,
1101855381,lazy,https://avatars.steamstatic.com/930510a182085a4d9ca17218a5edefc9ff82ee1d.jpg,,9885310,
137895298,April5,https://avatars.steamstatic.com/2e3acd80fb1e5611ca3807287a31832e32156241.jpg,AS,9885310,
165178538,ss.,https://avatars.steamstatic.com/0b5453e70db0b20a2f5deebed5bcd785b9057b2d.jpg,,9885310,
164530809,爻,https://avatars.steamstatic.com/463abc3a399e9c25eecd670fa29b9d6eaaeba2f5.jpg,,9885310,
135607261,#NotLikeThis FAKE OLI LFT,https://avatars.steamstatic.com/b588f2878f562e87ac5aab56caee5034da8c0f41.jpg,,9885310,
320252024,Roselia,https://avatars.steamstatic.com/03facc332c610856018d1e219dc64821b7a82adf.jpg,,726228,
137129583,^,https://avatars.steamstatic.com/c0c461a14b27f9d2584d30d5c4bb67101062605a.jpg,CN,726228,
118134220,Bach,https://avatars.steamstatic.com/a3486b812934acf48a1a7a0e45086f7f7acdee4a.jpg,CN,726228,
157475523,烟弹漏油,https://avatars.steamstatic.com/14fa45d90d1774068441651602af9b2de61890b4.jpg,CN,726228,
111114687,宇宙にきらめく エメラルド,https://avatars.steamstatic.com/7d7c866e2d2cd65016bb90c8552da63f597bd422.jpg,CN,726228,
100471531,x,https://avatars.steamstatic.com/3e962c1448f9a3894122ab1693c32f7e9f1bd57c.jpg,TH,9691969,
104512126,Muad'Dib,https://avatars.steamstatic.com/bf1574285632dd61d18ea052ddb5efb81d98826f.jpg,GB,9691969,
186837494,Mjz,https://avatars.steamstatic.com/f427e8d15e639ddb158e441adc6e0cc4b93f7650.jpg,,9973656,
914221413,Skill-,https://avatars.steamstatic.com/332d3a61826548846e0841514c49ac360ad9a26f.jpg,PE,9973656,
185202677,Kotarō,https://avatars.steamstatic.com/c6d4990ab2ce78e2c80126376fa82052288d86fe.jpg,GS,9973656,
100758751,Rocky~,https://avatars.steamstatic.com/b8a255f030bf980fb50386bae5739914180976fc.jpg,,9973656,
348438868,Gk♥,https://avatars.steamstatic.com/aae3c6851fb22de5d7813dd135a844888f1e3994.jpg,VE,8843862,
191290281,Light,https://avatars.steamstatic.com/de8e4e330ade3c5a546f7cfa7276001c63b895a0.jpg,CN,7119077,
392385140,2 K 1 6,https://avatars.steamstatic.com/d133d89087acb40e10365ce78668eb8d0bc23da6.jpg,,7119077,
138177198,Yami,https://avatars.steamstatic.com/574439f5adba9ac689b5432dac7807daf65187d2.jpg,CA,7119077,
125995177,500,https://avatars.steamstatic.com/0559477be79cdf60541d51f29cd05f3ac10642a1.jpg,CN,7119077,
115347746,Art8,https://avatars.steamstatic.com/49f8f9987aefa446e80b2dc784284effed139ba2.jpg,US,8843862,
154715080,hamilton,https://avatars.steamstatic.com/fbbe888cc8e215a9750b5f247a474c4caee0b9fc.jpg,PH,9895392,
97658618,deadshotprime,https://avatars.steamstatic.com/63efc0862e9cea538bd2023f50a1e90dc06eaaca.jpg,,9895392,
126212866,saberlight,https://avatars.steamstatic.com/d76cefe4e9e02c607ad44d281bf7ecad4efff306.jpg,CZ,9895392,
241884166,Hellscream,https://avatars.steamstatic.com/5197af75ff62bbd0572846f6f3dfaf6fc68d1ef7.jpg,BY,9895392,
94155156,yeehaw,https://avatars.steamstatic.com/f7689771bd13936752da487f646162f75b166cd4.jpg,,9895392,
85937380,Professor Xavier e os Mutantes,https://avatars.steamstatic.com/dd772b3c94b34892b928e9c7263fafa8c6fa6ff5.jpg,,8971308,
133958007,☼☼,https://avatars.steamstatic.com/9b0b000bd22d5e1a7f347afcfef776ca69081a83.jpg,PE,2885851,
398747760,n0t,https://avatars.steamstatic.com/1f640e4c99271a5f29d4fd6651306e2400feaedc.jpg,CA,2885851,
350885810,-,https://avatars.steamstatic.com/ee3fac00ca4d263dd306e524726abdc975c61e71.jpg,AF,2885851,
387836517,Inmare,https://avatars.steamstatic.com/4ce5fef503527631bc58850f00309dbdc7ce82b6.jpg,PE,2885851,
324627809,wwwwww,https://avatars.steamstatic.com/110f91fc1d6e191580c635502e955cd7c20c98b4.jpg,,8965331,
349342480,Belcast,https://avatars.steamstatic.com/146c1bbb1da1d0c749a005da66f29483e6550734.jpg,PE,8965331,
96183976,1nonly,https://avatars.steamstatic.com/b378cb88f2796f699a88365360061849fcfba4f5.jpg,KZ,55,
294135421,capo,https://avatars.steamstatic.com/377cdece6c27b85e9f261e4a272e7d72b1705d7d.jpg,US,55,
185059559,-,https://avatars.steamstatic.com/7bbf9a690b09535ba20d1d359436e72e7d87ea44.jpg,UA,55,
363739653,transurfing,https://avatars.steamstatic.com/eb3b4272247fb2b716adb67f7e14fc0b3661b7fc.jpg,,55,
295697470,Immersion,https://avatars.steamstatic.com/56faf903833ce911060496ac2c8be27abeaf560f.jpg,RU,55,
349310876,whatthefcckhaveyoudonelately,https://avatars.steamstatic.com/489d16328e799cc4b2eca4bfbc2d2a0d62d7b3b1.jpg,YE,9600141,
72393079,命に嫌われている。,https://avatars.steamstatic.com/85f2ee944994dc1e69c91ee4e9ebb304cb1a86d3.jpg,,9600141,
241519559,Jesse Pinkman,https://avatars.steamstatic.com/96b9c0b19b0129aaa07bb22b0ef1cf8d4b4bc085.jpg,KG,9600141,
115464954,snusayed desirovich,https://avatars.steamstatic.com/856374a6d5f8e7039abae0730bcd2cf1277c2bde.jpg,EG,9600141,
116249155,nefrit,https://avatars.steamstatic.com/8572278ef478c9d47d84eb9281f8ebfac8678db7.jpg,UA,9600141,
148526973,ty,https://avatars.steamstatic.com/21f1d12f4f6e1178e2b95dd62e44fd02528b50eb.jpg,PH,9691969,
193815691,Q,https://avatars.steamstatic.com/bffc4f8a550b46ba3d345190d841027990629934.jpg,TH,9691969,
375507918,The Emptiness MAChine,https://avatars.steamstatic.com/ce7e61845f2d882771461fc24aaffd53c5aeeaa9.jpg,TH,9691969,
329589381,Hello Kitty Supercute Adventures,https://avatars.steamstatic.com/2ebaa0259e31d6a93dcae68d191cfc155c6f37e2.jpg,CA,10040639,
142147636,dyrachyo was right,https://avatars.steamstatic.com/ab00a2b28034daed119dd8ac908bef488a4a2911.jpg,CA,10040639,
125445069,sao,https://avatars.steamstatic.com/b3da931c3c31660e954c38406b27a3bf56407556.jpg,KZ,9255039,
122817493,Rein,https://avatars.steamstatic.com/8e609ed9b14f5a58325f33b0232cfab78d0bd921.jpg,QA,9255039,
175311897,jorj,https://avatars.steamstatic.com/b77b9888e76ba0260b5c08e942c407c8e7dfac2c.jpg,SE,9255039,
383788462,мистер мораль,https://avatars.steamstatic.com/affbe77f8d0f2cd2755b842327423da78ddc5b03.jpg,RU,9255039,
123023873,ijustwannawakeup-,https://avatars.steamstatic.com/529bf785d6f2ca4765c83de074d9da16395e977e.jpg,CN,9255039,
164047347,I can't miss,https://avatars.steamstatic.com/756c9bf9ca3bd5ce50c63448624de6c8eaeed8c7.jpg,CC,9948367,
482364904,зомби прокуратура,https://avatars.steamstatic.com/3f507c9cf987f659accff1b6861786266f217ae9.jpg,RU,9948367,
892486081,god bless latinas,https://avatars.steamstatic.com/4c26196a128f1fe5f3e5de7aeed83a302f15a092.jpg,,9948367,
908254231,ep,https://avatars.steamstatic.com/8d19f7eef4e7a0d7757de9feac241c5a718932ac.jpg,BY,9948367,
1682179459,without mercy,https://avatars.steamstatic.com/acf9b21947fc726ce5a18ea41a7e9274a483a27b.jpg,,9948367,
1023487276,MID мертвы вунтр,https://avatars.steamstatic.com/5f02976cc0440072bd014384ad36e9ca5e293c79.jpg,NE,9896157,
392565237,TOXIC,https://avatars.steamstatic.com/5ae44ea56bef4e18ca8b54b9fe9d3e73412eef62.jpg,LA,10081680,
202217968,追獵者,https://avatars.steamstatic.com/dcb43fff92bba2a8a78bf1049dfd3a96329ae95f.jpg,,10081680,
147767183,wsm,https://avatars.steamstatic.com/34cab40a8eb86a73d3a179ed6ae834e5d103eb1b.jpg,MY,10081680,
152859296,axeLa,https://avatars.steamstatic.com/221979ec0653ed0f03b8339e37a98a8591600123.jpg,ID,10081680,
343084576,mulhuu luvsan,https://avatars.steamstatic.com/70243673534acce1142f095ce00e07c8773ac889.jpg,MN,10081680,
879017980,800 gpm enjoyer,https://avatars.steamstatic.com/a31277a10a9a0ebd2bd8ac2033ed2770b12fee9e.jpg,GB,10108713,
445291085,нетакуся,https://avatars.steamstatic.com/9e8483befba20c00ed984413a2b8b087347f41ac.jpg,BY,10108713,
332342615,tensa zangetsu,https://avatars.steamstatic.com/03d4947659ccefc2f708e9c684874a8123e34ce6.jpg,RS,10108713,
181267255,6o$s,https://avatars.steamstatic.com/600a54e62405d2696730eabca74233adfd9aea7e.jpg,AQ,10108713,
1675898897,iceice,https://avatars.steamstatic.com/d25bafe7fa0f764bb93bae2c3889433e188818cd.jpg,,10108713,
137090547,Lvfi,https://avatars.steamstatic.com/78f199ed6e4d48271b790db9860117350f798908.jpg,CN,9781824.0,
136314899,UrsaMajor,https://avatars.steamstatic.com/84d16d347525b4b23841dbbea153a656a43074c2.jpg,,9781824.0,
136176960,游刃有余,https://avatars.steamstatic.com/583d1ae31e3f3eac47b49fd8466166e6be195915.jpg,CN,9781824.0,
906052516,降温,https://avatars.steamstatic.com/1616a2ff23f93fddfd8d395d4886b028135316f9.jpg,,,
249774208,cAT,https://avatars.steamstatic.com/8df3fbb9717a9433d4c709138700c25228676cb9.jpg,CN,,
897262645,啦啦啦,https://avatars.steamstatic.com/b7ae9390497a948683d7554989fee12c998741f9.jpg,,,
170896543,Try it now,https://avatars.steamstatic.com/e46b573bc24de032ed982efc39091c5133a2ee0c.jpg,AT,5017210,
315272623,Nikaido^HirO,https://avatars.steamstatic.com/9909d74380e9c418ae2d390d854915b9aa397c88.jpg,CN,5017210,
145957968,3,https://avatars.steamstatic.com/fef49e7fa7e1997310d705b2a6158ff8dc1cdfeb.jpg,,5017210,
150961567,镜,https://avatars.steamstatic.com/2d2dcb093d581353bba24df1aaef7ec558425197.jpg,,5017210,
249835593,Gao[o]ne-,https://avatars.steamstatic.com/04d5544c860dc24ea826d9b61dc45879ab561fe6.jpg,,5017210,
373667079,Yomi`,https://avatars.steamstatic.com/57248de588cf43649a459c05353f349ad51d1799.jpg,,10108166,
179313961,Magician Girl Nicholas Lim,https://avatars.steamstatic.com/98c3a6e33c6b5b6e695d950d9df7110ae4cfafcb.jpg,,10108166,
139031324,灰色轨迹,https://avatars.steamstatic.com/362cd6a1ba4bfacdb96b22233067dd5c18647c33.jpg,CN,10108166,
1112797393,XIBO,https://avatars.steamstatic.com/f7542115476d9d4cf2873fdb9178f8b3fa0369de.jpg,,10108166,
418942836,rin,https://avatars.steamstatic.com/acae48b5915926554d23a0e93213c83d521d3d67.jpg,LU,7554697,
152168157,xd,https://avatars.steamstatic.com/168e58ab48ab4c2f7e89e4cdd44588a4dd945c15.jpg,LB,7554697,
140297552,No!ob™,https://avatars.steamstatic.com/6066c22c3fe798bfc44a50e40d38d5638f1fa405.jpg,LB,7554697,
101356886,gh,https://avatars.steamstatic.com/9323e904b3e324623ff4cbad97f0260ce70bde08.jpg,,7554697,
138880576,jellyworms.HR Manager,https://avatars.steamstatic.com/ea95098bb95fe73c76c917fb79e4465bdb61456d.jpg,BE,7554697,
137887998,李沁,https://avatars.steamstatic.com/e275cdf8ccbd3563ace7cb936f5a1c9577503029.jpg,CN,9939448.0,
1067222395,魂牵梦绕风云荡,https://avatars.steamstatic.com/e1655ba5e4000ea1e504f93be1c8826cdd4efa09.jpg,,9939448.0,
287336782,Kuroba Kaito,https://avatars.steamstatic.com/2c0e557df5f4580c7c8e5f64375e2b24a40448cf.jpg,CN,9939448.0,
205555624,愉悦,https://avatars.steamstatic.com/2f8e15595517dd7c7ddda1bf4b595623dae7c7ae.jpg,CN,9939448.0,
180455444,婶,https://avatars.steamstatic.com/8e3e84f3a8b1a8dfe409af82e7d97a268598910e.jpg,CN,9939448.0,
905826735,无根生,https://avatars.steamstatic.com/d4abf9902fac3106f62f0a741a3bb9d31d29b166.jpg,CN,,
190715061,Elaina,https://avatars.steamstatic.com/60b4e5183c48e833adfbf582347ca6898cf1df92.jpg,CN,,
316631735,space cowboy,https://avatars.steamstatic.com/5ea62d527318a698564990097c8c962211ff57be.jpg,CA,10047709,
116865891,мусор,https://avatars.steamstatic.com/3d65a50e7f4d3cafc76a4e3c606447e0525d5f47.jpg,,7299465,
168028715,999,https://avatars.steamstatic.com/95b4f68da15993c2a33fb26da38f387a6b2d3a3a.jpg,CN,9351740,
138857296,JT-,https://avatars.steamstatic.com/7b2711702b0b43e0e5c283ea313891ca2ab495ca.jpg,MV,9351740,
158847773,风在咆哮,https://avatars.steamstatic.com/2cf38decb70f465ee10cf81e200e36bdc5e5be14.jpg,CN,9351740,
207829314,李长歌,https://avatars.steamstatic.com/1532ae034400301477b7e6592c1b0dc9152c99b6.jpg,CN,9351740,
113457795,哎呀,https://avatars.steamstatic.com/cdbaf234b1bbbcec0e5d6a9a429765b0db59bb49.jpg,MY,9351740,
431770905, ∩ (◣_◢) ∩,https://avatars.steamstatic.com/686605722cbb0de42c3e4bceb082d367e10acb6d.jpg,,2586976,
155494381,JeraxMode,https://avatars.steamstatic.com/2814c3a861262ad544a11258660682c1f033fb2b.jpg,PH,2586976,
324277900,mmr,https://avatars.steamstatic.com/f7f3c8cf163faaf35be539593fbf8e63082b77cf.jpg,PH,2586976,
100594231,mamba24,https://avatars.steamstatic.com/93b8418bf39a595db36d7618f04e53a56667a6cc.jpg,PH,2586976,
355168766,sonny hayes,https://avatars.steamstatic.com/fc651fd859a298b8d08f7fb14241072e8793f96a.jpg,US,2586976,
355409883,毁灭,https://avatars.steamstatic.com/fef49e7fa7e1997310d705b2a6158ff8dc1cdfeb.jpg,CN,9894442,
489696354,okey dokey,https://avatars.steamstatic.com/4abfb30e64b59b1082ea9eed13b7acbe1279bf5c.jpg,JP,9894442,
1171877280,啊?,https://avatars.steamstatic.com/0262f57c1756942946d854086e0676dcc2a18de0.jpg,,9894442,
863282361,ZQ花组kkkカクコ,https://avatars.steamstatic.com/fd15e8835836907137e28ef4474432d66327225f.jpg,,9894442,
205515858,PTa（找队）,https://avatars.steamstatic.com/bc241afb40d3baec89af1b5ffa478f20a7430d63.jpg,,9894442,
353498499,let it bleed,https://avatars.steamstatic.com/4b2209be73950e5a2e294dc177d1b2271bc3953c.jpg,RO,10102123,
876794068,Dr. Gideon,https://avatars.steamstatic.com/1d538ef3dd5f44a62c4ec9c63aa5561e6a50b4b9.jpg,,10102123,
176616331,мусор,https://avatars.steamstatic.com/5ed7beb8d7b1106c6f818642f1b2bc81084a3830.jpg,PH,10102123,
322442240,Adrian Chase,https://avatars.steamstatic.com/63a0fba70b6ad9f055f26100c851d674ca403e90.jpg,PH,10102123,
401653350,THE FALL OFF,https://avatars.steamstatic.com/0a76662e62e3d4c1f6f2f2a96a6fa892e33fb398.jpg,PH,10102123,
185908355,present,https://avatars.steamstatic.com/a2ec3cf5aa630935ba36f0477302bf4a58295522.jpg,,9886289,
307291170,q7,https://avatars.steamstatic.com/82bd3e1f3b73a0122b60142f609043f7a422d13f.jpg,CN,9886289,
325674279,Anuo The C,https://avatars.steamstatic.com/20e654bbb1b44c5cdf6929a518fca736c21448a3.jpg,,9886289,
404004408,我的刀盾,https://avatars.steamstatic.com/fd234f4856d087ff8583ccb4a1b0ccd3b04dc7f0.jpg,CN,9886289,
1388432956,石中剑,https://avatars.steamstatic.com/63f8b240c20142396a41dfd9fa3e386c1bc9b386.jpg,JP,9886289,
430579976,e1,https://avatars.steamstatic.com/a4438c9a7c7c2811dfb5d19de71a8e0b1a8d21a0.jpg,,9315393,
227657377,球球,https://avatars.steamstatic.com/b393d90dd9703d261b4a43c9939a98fde88ad7d6.jpg,,9315393,
103354522,冯了个福,https://avatars.steamstatic.com/ae376f6324424faff11c63af73285966b06fe0e4.jpg,CN,9315393,
152083285,葬送的芙莉莲,https://avatars.steamstatic.com/8640a7ebd8d0a0fecbe32526635746fb84dcd2a3.jpg,CN,9315393,
230617400,愛,https://avatars.steamstatic.com/cbc18ccf70863e5ee588697eeb2cef7948135fd9.jpg,CN,9315393,
1125296112,Ramadan,https://avatars.steamstatic.com/5876361a544a6bfc35bd22d86284697a9e255de2.jpg,MM,8944230,
160708663,Hai,https://avatars.steamstatic.com/56510e79e401b9b3490bc613201096e59fe77c5a.jpg,GL,8944230,
360648679,NEWYORK,https://avatars.steamstatic.com/17706dac305cbc9f875daddec6298f3e836803e7.jpg,MM,8944230,
318371533,Nay myo aung,https://avatars.steamstatic.com/8ed21531866d94ec757e5d7d47e9e66ae6a79a5e.jpg,MM,8944230,
1129118044,HIGH HOPES,https://avatars.steamstatic.com/c261fc8e488f345015dc9fa74125c1516aced196.jpg,MM,8944230,
100616105,mavis,https://avatars.steamstatic.com/d9305d86e4534b5dc256cb61a3b302285509bffa.jpg,,8254145,
173378701,red dayz,https://avatars.steamstatic.com/b64de42820e127b2d602a0b87a29a865acc0fda4.jpg,PK,8254145,
349495318,x-,https://avatars.steamstatic.com/79e1daa6db079ed5fc67fcd682f5e33262722d0b.jpg,IN,8254145,
399862798,Vigilante,https://avatars.steamstatic.com/d74b2d517ec72c9c906dbe39dae2e9ce468ca834.jpg,TH,8254145,
337575662,Ayanokoji,https://avatars.steamstatic.com/e8f9d88c4f5e7b4022574cec976470663a1b9953.jpg,PH,8254145,
1916623918,TT.Yoji,https://avatars.steamstatic.com/3638e4596c21bd983acb5aeabf9e1939ef11c472.jpg,,10109280,
1673855425,TT.Kookie,https://avatars.steamstatic.com/3638e4596c21bd983acb5aeabf9e1939ef11c472.jpg,,10109280,
1674581597,TT.Myut,https://avatars.steamstatic.com/3638e4596c21bd983acb5aeabf9e1939ef11c472.jpg,,10109280,
1674170060,TT.Yuju,https://avatars.steamstatic.com/3638e4596c21bd983acb5aeabf9e1939ef11c472.jpg,,10109280,
1674455640,TT.Lukes,https://avatars.steamstatic.com/3638e4596c21bd983acb5aeabf9e1939ef11c472.jpg,,10109280,
1674217619,SE jukoz,https://avatars.steamstatic.com/065d859b7950832f28c3b233f24ad00fe184100e.jpg,,10109303,
1674519829,DT.Shiha,https://avatars.steamstatic.com/8589e36368d620051e172551c8293e807307b7ad.jpg,,10109303,
1674453849,SE uncle,https://avatars.steamstatic.com/065d859b7950832f28c3b233f24ad00fe184100e.jpg,,10109303,
1870158871,SE boom,https://avatars.steamstatic.com/065d859b7950832f28c3b233f24ad00fe184100e.jpg,,10109303,
1674892643,SE silver,https://avatars.steamstatic.com/065d859b7950832f28c3b233f24ad00fe184100e.jpg,,10109303,
1915634275,GA.Nate,https://avatars.steamstatic.com/e4bb7e9c60d09a3dd6c0994ae637cf5503e976cf.jpg,,10109300,
1914437992,GA.Peers,https://avatars.steamstatic.com/e4bb7e9c60d09a3dd6c0994ae637cf5503e976cf.jpg,,10109300,
1674391435,GA.S1ght,https://avatars.steamstatic.com/e4bb7e9c60d09a3dd6c0994ae637cf5503e976cf.jpg,,10109300,
1674375795,GA.Corr,https://avatars.steamstatic.com/e4bb7e9c60d09a3dd6c0994ae637cf5503e976cf.jpg,,10109300,
1914655204,GA.Whiiz,https://avatars.steamstatic.com/e4bb7e9c60d09a3dd6c0994ae637cf5503e976cf.jpg,,10109300,
1674655885,CA.bumi,https://avatars.steamstatic.com/be2ea8b7c456457c6c29a8d5438bcba2f9fb13d0.jpg,,10109298,
1839386818,CA.fzsgeg,https://avatars.steamstatic.com/be2ea8b7c456457c6c29a8d5438bcba2f9fb13d0.jpg,,10109298,
1674356710,CA.Zdrc,https://avatars.steamstatic.com/be2ea8b7c456457c6c29a8d5438bcba2f9fb13d0.jpg,,10109298,
1673946969,CA.vanity,https://avatars.steamstatic.com/be2ea8b7c456457c6c29a8d5438bcba2f9fb13d0.jpg,,10109298,
1674503923,CA.Kajiro,https://avatars.steamstatic.com/be2ea8b7c456457c6c29a8d5438bcba2f9fb13d0.jpg,,10109298,
230810405,LICEN- D I N O  T H U N D E R,https://avatars.steamstatic.com/0c84a92a0acb9e1448c4717b77f499f369bceff1.jpg,EC,8124644,
204995115,St4l1n,https://avatars.steamstatic.com/9478d698ff503d5e2e661ae53a3d53182583e0a3.jpg,EC,8124644,
290419492,Leches,https://avatars.steamstatic.com/148ff422f2245ab66abfeabf3f7506861d6b703b.jpg,US,8124644,
122569236,dicobeck,https://avatars.steamstatic.com/07935eb58c5b48279c863aa7f909bfbf4990ad00.jpg,US,8124644,
287296252,Zm-x ♣,https://avatars.steamstatic.com/096d462fd81074a41144ca00e81df7c1372aa22f.jpg,EC,8124644,
855611008,choose your battles,https://avatars.steamstatic.com/f6e8b6b6a14e529a30ddcf704d0fce07a5611435.jpg,PE,9866035,
393927268,human after all,https://avatars.steamstatic.com/6defac5e70c7d19b398772c568585fc002ca2b6a.jpg,PE,9866035,
212656698,Privateer,https://avatars.steamstatic.com/af3e4ff1a78d96865ab2f9fabc2cb6e46e3f80d0.jpg,GB,9866035,
341874383,)),https://avatars.steamstatic.com/de6a6fc3011b51aada0b9f8b22a58fbf742142ea.jpg,MX,9866035,
311825195,Umbrella Player,https://avatars.steamstatic.com/167615bbeadcdb4818c09227039b40fbe2613b12.jpg,PE,9866035,
150858460,-HOST-,https://avatars.steamstatic.com/973abb20bb2b3b8f6040a77a682a847724c360d9.jpg,EC,2647338,
97683917,QQE,https://avatars.steamstatic.com/f6dc60bbe6bf85d56fbdee576243cd0fbe6cbc4c.jpg,,2647338,
194057091,MightyZeus,https://avatars.steamstatic.com/725443a228fe8d379dd3c20011ee44b03f6e26ed.jpg,EC,2647338,
208384137,hanby,https://avatars.steamstatic.com/96a52df0496a031e062e84a3f84fed0a2d024623.jpg,,2647338,
96536282,MightyCrono,https://avatars.steamstatic.com/ab29a1e243d468fb3af161d99e7b3d1443a4235f.jpg,EC,2647338,
144688403,KenaHi,https://avatars.steamstatic.com/59c7f5b86d67f1bc9ed42981db0e99032baa2d8c.jpg,EC,10034132,
415733878,Sarge,https://avatars.steamstatic.com/4cf19d52990f0e2b1fe73504148fe3bfbb8b2d24.jpg,EC,10034132,
197449189,Servible,https://avatars.steamstatic.com/cf5e0110895642f21b17f13da94e991e279a53c3.jpg,CG,10034132,
138501313,fOx2,https://avatars.steamstatic.com/c5d4210cafaf2ca37ea22a43c3aed55a8a57a1ae.jpg,EC,10034132,
207842449,Mapache,https://avatars.steamstatic.com/240b3c5cef6f2ab04835d38855acc436dff36641.jpg,EC,10034132,
835864135,123,https://avatars.steamstatic.com/32606f600a4a6e06e71eca834956ce9370d3aa8e.jpg,UA,36,
185590374,ссс,https://avatars.steamstatic.com/8a5fda4e12fe863fbbcaca2964d4258d84435df1.jpg,UA,36,
957204049,my anxiety,https://avatars.steamstatic.com/4e57b92a7f793de7fe85f9c60517ebf7cb3aa331.jpg,UA,36,
919735867,blacklist,https://avatars.steamstatic.com/957dada685ac26e4150a09cdd5ef5d0f94accb2f.jpg,,36,
130991304,Larry Fishermann,https://avatars.steamstatic.com/112044e12a28d02de2fb93ee3f3f578e91231ea2.jpg,PT,36,
1030928034,BASTREYKO,https://avatars.steamstatic.com/930d2f417d06140036c6f42909c5f93bbdea47e5.jpg,BY,9724428,
331347492,Syndicate,https://avatars.steamstatic.com/3c5f7ced90b31edb02cb881257bf2f45b39d00b8.jpg,UA,9493513,
314272971,GrishaNeger,https://avatars.steamstatic.com/e21fadec399826dc4b5bcb26d2acd906f489fbe5.jpg,UA,9729268,
353536601,Kiwisorヾ(•ω•`)o .LJ´S,https://avatars.steamstatic.com/d28c148e1767e33c329240ec1ecf44452b44dc8c.jpg,EC,9820028,
134089944,Gᵣₑₑₙ·,https://avatars.steamstatic.com/946484855569886df7e1e068da822da68a2a170c.jpg,EC,9820028,
205179804,cerdisbara,https://avatars.steamstatic.com/867f2576bea71a8277b7f8b6cb16971d47ed6350.jpg,,9820028,
1108996388,21,https://avatars.steamstatic.com/09f1c46314d1e02a05a6862269bf5b88ff380dc1.jpg,EC,9820028,
1161977481,雨❦-[Ｓ]ＮＯẄ.하나,https://avatars.steamstatic.com/05d4dea04d0ff6254fc467c3b9997b7384d67eac.jpg,EC,9820028,
880056900,Big Boy,https://avatars.steamstatic.com/98cc4f2bdc154efd370d7bc777e2566ae50fa7ef.jpg,,10053545,
410707457,Yuta蓮魔,https://avatars.steamstatic.com/bc258104439998e66b81a3b2c6bc210dc0967e6c.jpg,PE,10053545,
199482043,Bloody,https://avatars.steamstatic.com/b644ac8cdc7bb33773104f3de6c2cda1980c3338.jpg,,10081473,
1043196923,Life,https://avatars.steamstatic.com/f40074baac9e79af2af067b8d7448fa01a9915ba.jpg,EC,10081473,
206530993,LA PESUÑA DE LIFE,https://avatars.steamstatic.com/0dd5e068f87a4eaa5608c6e19cc24fa6873865aa.jpg,,10081473,
118619601,Bossa Nova,https://avatars.steamstatic.com/77db4e8b8c33d9f7ad6a543398f59c493c76e12e.jpg,US,10081473,
386928483,Mania,https://avatars.steamstatic.com/26057b75002df10e5d6532a4594fee7286d5f58e.jpg,,10081473,
127357660,Foxy--,https://avatars.steamstatic.com/c9decafe226253417c74e84d6a43a3e7a725b39d.jpg,GB,8080754,
70157388,Songz,https://avatars.steamstatic.com/f912284cd34508ece4b35d4a2227cc504024e6c2.jpg,UG,8080754,
103377644,Pupp3t~,https://avatars.steamstatic.com/f6f46dbe65c1461e61e4e09a96b9dad4f07b5e64.jpg,EC,8080754,
284888782,Miller,https://avatars.steamstatic.com/8afc620aa2362f5a886667fa87c84a1fdf0a4c6d.jpg,KP,8080754,
150557280,Billie,https://avatars.steamstatic.com/4936d554ee4634518335978e39ed41f61f643f80.jpg,EC,8080754,
406420893,sacklx,https://avatars.steamstatic.com/fbe290aa8308387022b4fe7183f02173e31770e8.jpg,,10053545,
1020409710,SR.TILTEAO,https://avatars.steamstatic.com/e0e9b51bdd42dede8c391e003b70866ebdf98776.jpg,PE,9866035,
1197346979,xd,https://avatars.steamstatic.com/9aa7ef2b48895a7107be98182104ccf9c2707695.jpg,,9866035,
402491117,losing patience,https://avatars.steamstatic.com/231f1ebaf69596c3b6a2f4682578c6b3284d1710.jpg,AR,9866035,
292509170,high skill gameplay,https://avatars.steamstatic.com/102019b9cdf83ab27a2a56c0498736b03dd0449d.jpg,,9866035,
201474668,AZW,https://avatars.steamstatic.com/a20eb3361c17e55d1df60e6dfa107f31ec7a554b.jpg,EC,2114225,
94507743,Ryu,https://avatars.steamstatic.com/148ff422f2245ab66abfeabf3f7506861d6b703b.jpg,EC,2114225,
119436728,Freestyle,https://avatars.steamstatic.com/1a3b6c2c395a191f2c9fb3dc7edb714dcb362b1f.jpg,EC,2114225,
132870835,Krintun,https://avatars.steamstatic.com/945549959c08a1f60138ab66448e2a2aac973d1a.jpg,RU,2114225,
172844621,Dairom!,https://avatars.steamstatic.com/ee6aefc4a72f2c8276f27bfb0f8bb545b4de22d0.jpg,EC,2114225,
107135108,GARY,https://avatars.steamstatic.com/5b1d98bc983dcee3cd06baa3aa4c28736362a351.jpg,EC,581153,
124719218,Pit_Killer2.1,https://avatars.steamstatic.com/6641e75b8730bc462b567a35cb525ffc85931fcb.jpg,EC,581153,
125867450,Searching,https://avatars.steamstatic.com/a1d8692c56606ae2f5851d148149a08d2fb895c5.jpg,EC,581153,
94374162,EL LOBITO,https://avatars.steamstatic.com/9408549e7eea8bf7f5196a11f454deaaf2dcc633.jpg,EC,581153,
91420774,Gummysaurio,https://avatars.steamstatic.com/cea041b788257e27ce0a27f855e8e68c6a126394.jpg,,581153,
176502766,PRIME gail,https://avatars.steamstatic.com/4eb6a97c44c481c4748a47fe00c838e668bb5b7f.jpg,KR,10114405,
115651292,Yonagi,https://avatars.steamstatic.com/5eb523d2dc4919f56e99f3a1f6591771cac34c6d.jpg,DE,10114405,
126238768,Gunnar,https://avatars.steamstatic.com/b7ef69bb566b302e713c96874fbee1b092b44d5f.jpg,,10114405,
465972635,tv/krinzhikdoto,https://avatars.steamstatic.com/64eb359a20d8c4bc21791b77865ae45883b790ce.jpg,PL,10114405,
81475303,FWMYKIGI,https://avatars.steamstatic.com/486ba013459ed5033805469235336e32e6d7217a.jpg,CN,10114405,
92706637,I SMELL SOMETHINNNNNNNNNN,https://avatars.steamstatic.com/40b4404473147f0ab41eb7345f4bca5f1c71e236.jpg,CA,9658086,
31818853,ixbrax88,https://avatars.steamstatic.com/f5d7f55095ac7042fdb447262a24d8921c7b5d2d.jpg,UM,9658086,
1296625,Newsham,https://avatars.steamstatic.com/2db6b65f1ba032b56deac38e2fcaf2d45dfb535b.jpg,US,9658086,
1131833218,MantaST,https://avatars.steamstatic.com/fef49e7fa7e1997310d705b2a6158ff8dc1cdfeb.jpg,,9628721,
314533615,медоед,https://avatars.steamstatic.com/0d60a0db0451d17830cdd16efca447e4f2e21028.jpg,,9026338,
1003810911,123,https://avatars.steamstatic.com/125035139ebe398891f3c28fb89566fd5793c87c.jpg,RU,9026338,
1298830008,kovarniy,https://avatars.steamstatic.com/e330c29e05ed7d532719ffa42d7ef8f4c6528ae9.jpg,GB,9026338,
997570411,76561198957836139,https://avatars.steamstatic.com/414f502cd930a80d5c2d4416305e3cc9b66ab552.jpg,BW,9026338,
877409811,IW,https://avatars.steamstatic.com/794dc1459b678e852e24a3790d12fb135774c583.jpg,JP,9026338,
1424443759,Sherlock,https://avatars.steamstatic.com/92e3810c45caa00f07463c409e104f6a25d9b0ae.jpg,RU,10109812,
1509857190,0ЧК0-ДРА/\4000,https://avatars.steamstatic.com/3ac541e4ca277471ded23628b11858feec359298.jpg,,10109812,
1240683812,артур,https://avatars.steamstatic.com/8ac5092d90ea6a3caf9afabc2a7a34ba67f53db7.jpg,CA,10109812,
1772794232,opium,https://avatars.steamstatic.com/808e50b4f627bd68e35b7d98cdbddaaa7e13d2ca.jpg,US,10109812,
1427563529,лоускилл,https://avatars.steamstatic.com/66803b561df1026c0f642833bf2c0254753f2229.jpg,RU,10109812,
124127745,High on Life,https://avatars.steamstatic.com/fc44aecb56f215c0c12959ba4c1f7046ccfec40e.jpg,CA,10108960,
879639189,Неуязвимый,https://avatars.steamstatic.com/497db77d3a0b1a0fb1238b9c6d9a7a8af7ed4acb.jpg,,10108960,
353656289,игра в доту через щастя,https://avatars.steamstatic.com/b9fd72c3203455b5cafa9740d26f3e98f3bd9e22.jpg,RU,10108960,
278770268,xdxd,https://avatars.steamstatic.com/68cc4b1afc48a58763e2fde2cd9f7d4f7b6244a8.jpg,CN,10108960,
1456648043,tranquil ( prime ),https://avatars.steamstatic.com/b765dd643c07c7674c7e95c907e92beadaa13c73.jpg,RU,10060935,
44206460,VampireKB,https://avatars.steamstatic.com/825455291944eed2129bb1169310e3516c360800.jpg,RU,9677738,
1044002267,destroy,https://avatars.steamstatic.com/43d34ccb32cdd49fa1cb035e3bf0f907134f98ef.jpg,,9572001,
402583877,"Nah, I'd adapt",https://avatars.steamstatic.com/fbd8f6464d36dd29534403ce38c52443e7c07008.jpg,,9572001,
106573901,Have fun,https://avatars.steamstatic.com/7aac4cbece8785b0070626caa7da990bf498a8d4.jpg,,9572001,
164199202,Pele,https://avatars.steamstatic.com/37bc3c4742005fbe5951920b0ad663dd4fcb8033.jpg,RU,9572001,
73401082,Dukalis,https://avatars.steamstatic.com/bed7c667029872f1fde13aee208e8ef57c79c979.jpg,RU,9572001,
81268033,Noob1shO`,https://avatars.steamstatic.com/cd9a768faeb97c6d64119b6bda7a3f8b865d1cb0.jpg,DZ,10060617,
269055316,36enOS,https://avatars.steamstatic.com/99aed49be386bd51a94fbd0372769b8f3478583c.jpg,SY,10060617,
210167497,Jellyworms.secretary,https://avatars.steamstatic.com/c0fd7e9405c9f9e1c0278cd3e592fefb8dd6579c.jpg,,10060617,
147228531,:),https://avatars.steamstatic.com/c6cb2043bf4aea20489fd625f55a9179e9c32967.jpg,LB,10060617,
398660182,Fear He Who Fear Nothing,https://avatars.steamstatic.com/7dc5197044c6048798655c2e938faa1a4a034b15.jpg,SY,10060617,
893049966,who care,https://avatars.steamstatic.com/24e1ad684b96288fe58d9c805d6f17a88582a217.jpg,,10101932,
288775038,dont wanna play,https://avatars.steamstatic.com/29b008c182be3ba29c5d05981a9af23df3fe0915.jpg,,10101932,
850309212,zasddsa,https://avatars.steamstatic.com/8ba48b8d113bb0f924f4363b020c77d90ed489b6.jpg,,10101932,
1088362710,蓝鸟,https://avatars.steamstatic.com/bc1e349effa6204ccc18f6ac5791321277ee03f7.jpg,UA,10101932,
1190137167,DrivenToWin,https://avatars.steamstatic.com/70a7771adea487b2aae2003c307644fa85df99b1.jpg,,10101932,
1220993352,6uPmaJlda,https://avatars.steamstatic.com/77d664ec180ad5e4aa8dcd0e74899011c1ec2850.jpg,NA,10001733,
326327879,d o l b a e b mode,https://avatars.steamstatic.com/3abac44b80194e65f2a7ed55cc059475a1745540.jpg,KZ,10001733,
1041811781,sonlivost,https://avatars.steamstatic.com/65dcf1f6d2c47c35848f7ca97e78d9122d8092fa.jpg,IQ,10001733,
166806255,psychiatric hospital,https://avatars.steamstatic.com/86071a591f4ca45c7aee9552f32879ab8871b4ca.jpg,,10001733,
221532774,butcher,https://avatars.steamstatic.com/a68accd81bc76c7e48500570218adcc62e77c453.jpg,FR,10001733,
116585378,Alysa Liu,https://avatars.steamstatic.com/b06732e7eeb5b92f6bf847aa00bd32adf625f073.jpg,,9338413,
184950344,PMA Tryhard,https://avatars.steamstatic.com/f37f5c486fa4427e1949987a5f2e568352d43ba3.jpg,,10020555,
399920568,QUESERA,https://avatars.steamstatic.com/38f271f23dc9cee4bde6386844954e1e376617a7.jpg,PE,10020555,
102099826,dj,https://avatars.steamstatic.com/4a95e10447ae1a29952200975e7ab5e22096675a.jpg,,10020555,
132309493,Stateside,https://avatars.steamstatic.com/8eb402824675b741ef3982c22b88c226ede33655.jpg,PH,10020555,
330534326,Mireska,https://avatars.steamstatic.com/a288f996fde833f664439f7c1cab666a89a1ad12.jpg,PH,10020555,
226786631,Ne Pytai,https://avatars.steamstatic.com/4d25bb7f9b4b2d75eb57ed49c1baa4fee1da4251.jpg,UA,10101793,
207527352,chipikao,https://avatars.steamstatic.com/ab98babe5a0324b5769c249f98603e19c8e4e7c0.jpg,UA,10101793,
1218097624,yebisha,https://avatars.steamstatic.com/48335aa0d9ac4f8ab2aacdc23cd5183c062aef47.jpg,,10101793,
135709988,Jackpot,https://avatars.steamstatic.com/9f3d508a0be353665fac37cea6a152b26a8d21d4.jpg,UA,10101793,
1152948930,unlucky,https://avatars.steamstatic.com/04d8ec33a003f7c19255be2c77a6e3f54e9ec802.jpg,UA,10101793,
176372519,Nine Nz,https://avatars.steamstatic.com/7d01fa494efeb34d451c8f02703b778d463345ed.jpg,,10102110,
282359850,Light of Hope,https://avatars.steamstatic.com/aa6d8d3a829aa7cd2d0376c641384af5a6ccc562.jpg,LA,10102110,
167488455,meme,https://avatars.steamstatic.com/1f9e0bf161c83e6908c7c492cc6adf0a687a267b.jpg,TW,10102110,
285770518,KNP ♥,https://avatars.steamstatic.com/d474f29d2599ec77533d36a0f74b712433af19fb.jpg,TH,10102110,
376421854,wait for your love,https://avatars.steamstatic.com/fb143b0e97168158997351a3f77f787caa989b1f.jpg,TH,10102110,
129858884,Predator04v,https://avatars.steamstatic.com/8a682cb13fa2fa48e771fc427020d922e129932f.jpg,CN,9895695,
188551857,Ma,https://avatars.steamstatic.com/084af891daa18ba206ff6cf6bf399b4233377b2b.jpg,ES,9895695,
133372681,真神,https://avatars.steamstatic.com/cd6f1bf2dafff945a7406d130400ef3ca25904d9.jpg,CN,9895695,
141543406,球球,https://avatars.steamstatic.com/a4e8c1260ba93d6423ec5d4154832ca012c4b704.jpg,ME,9895695,
189155591,Triple H,https://avatars.steamstatic.com/bd80457ad032602018a75762bae77329559618ac.jpg,,9895695,
246600907,im fine(toy fino),https://avatars.steamstatic.com/cd111cc58910adf30811a56e7aea716fc6be941f.jpg,PE,,
183057960,benjimon ^^,https://avatars.steamstatic.com/a0514c9ec70fe6c8ea41617a92fb26bd4d71012a.jpg,,,
235652003,z a c k i e,https://avatars.steamstatic.com/fd8288ecb64a6c6f60fbceafdcc488f8073255e7.jpg,JP,,
196670605,1%,https://avatars.steamstatic.com/9f1212dd5e59637e343523f0edca196fcdb2e010.jpg,,,
417512732,pmaaaapmaaaapmaaaa!♥,https://avatars.steamstatic.com/c6926ebfc82ea06d84c7a5776f53a786d10aa375.jpg,PE,,
154042978,Pinga de metro y medio,https://avatars.steamstatic.com/e5a644a32c376396edf322b3c293aafe941340c7.jpg,PE,,
288144026,"I ain't gonna eat, I ain't gonna",https://avatars.steamstatic.com/80cf3de7fb30ca2786b63936ec711fe42632e9bc.jpg,PE,,
400296925,Mary On A Cross,https://avatars.steamstatic.com/4cd61bea58b94e9701713bc107c46cd626ef5a2b.jpg,VE,,
148797254,Cucurella,https://avatars.steamstatic.com/7ede3e8893b65f62abdd8f035be1640d769dcbf7.jpg,PE,,
1131665504,benito,https://avatars.steamstatic.com/7eb42a378490de64ae3f90c80448acd1b75ad0b8.jpg,,,
1008803946,WhoaranG,https://avatars.steamstatic.com/6da41804b5cbbe067696981bc3a5f17fb4176674.jpg,VE,9657799,
329097307,BANNON,https://avatars.steamstatic.com/9db61bc8ea4b3aad162e5b1133450655c85b6fb1.jpg,,9657799,
279477896,Ridevize,https://avatars.steamstatic.com/d72954071e8398530b80c49a238815930d60f41a.jpg,PE,9657799,
200805552,El misterioso,https://avatars.steamstatic.com/5c46a8a7348fb73c05e1e4d5b3d499a678fb9d49.jpg,DE,9657799,
300196119,edu-,https://avatars.steamstatic.com/c32f055427b9a935f8c8347d3fad61206d99488d.jpg,VE,9657799,
316064160,Lia♥シ,https://avatars.steamstatic.com/80cf4d9a356fac97c08be33b875cfb7d9b630c48.jpg,,,
206513442,©@LÏ©Ø,https://avatars.steamstatic.com/b2c0f6ee35e24dd0c577dfc3d873ea005e0da8c2.jpg,,,
357300180,VAL Player Dez,https://avatars.steamstatic.com/78ec41e305846672a146f59f407e1d3bc0faf2a3.jpg,US,,
942663166,Garu-,https://avatars.steamstatic.com/b90019342b569b912ac2803638ce1af22f828567.jpg,BO,,
253545203,Rankeds24/7,https://avatars.steamstatic.com/527e58eb3df402a51a4ec68262249e2dc2569390.jpg,BO,,
434641792,4cute,https://avatars.steamstatic.com/24e6efd38063958575ead3bfe02adff13a7ef933.jpg,US,,
272140188,Me bese con mi primo y ?,https://avatars.steamstatic.com/e6d2cc64614ca2486d46acaac81950807fbd0fe8.jpg,,,
236957114,Prom1se-,https://avatars.steamstatic.com/a99659fa4f3979e1382f892cae384811cad9e31f.jpg,US,,
254019429,𝓢 𝓣 𝓞 𝓚,https://avatars.steamstatic.com/865aa707e529e4734558e590a2f44ee018a2ab68.jpg,,,
1848220373,CHILLeANDO,https://avatars.steamstatic.com/243fa8dc8d2c64cea9b0d45ecfdb5f25655256fe.jpg,PE,,
906813572,After !,https://avatars.steamstatic.com/0b31c245b6557c74bd0183badd7674f6d4baeb15.jpg,,10095819,
453132679,Camiseta blanca poison,https://avatars.steamstatic.com/b162733f0f51821e4204f172ec842b9dd28dd672.jpg,,10095819,
190463212,GAN GAN GAN GAN,https://avatars.steamstatic.com/1a29940770008ad29da74afe959146d6aa8dc5f8.jpg,PE,10095819,
320825362,我不知道,https://avatars.steamstatic.com/40674546b62aa0ebc0a2132f2ec4ade0ed626c1b.jpg,PE,10095819,
1219607443,高手,https://avatars.steamstatic.com/6cbb3769770c978fd04651e55ab42954f485ddf1.jpg,US,10095819,
1012061568,forever,https://avatars.steamstatic.com/b82c2625dfbd0c068c8775bae986131e7e6a55cd.jpg,US,9600331,
170017048,.,https://avatars.steamstatic.com/c52a4dfcf642497c69ddcba9812fafbd65b1bc36.jpg,,,
1057981960,Grace Ashcroft,https://avatars.steamstatic.com/7c89244a8c983c05f53d2dfc0dd61c02b7468583.jpg,PE,,
1599596492,dreamless,https://avatars.steamstatic.com/7bf0b3b097688fd6bd17e6b20ed7b7c539e927cc.jpg,CN,,
124466264,The last dance,https://avatars.steamstatic.com/a6073a15c563646efa5599dd1a708d63ab3daf3f.jpg,,,
1697893498,SHON-SHO,https://avatars.steamstatic.com/56fd909a50935aa21d64b5a2c5763c3261af7a56.jpg,,,
353941408,TachiDoroty,https://avatars.steamstatic.com/53ffbf338fcde881066483caa0d1b82ceb091aed.jpg,SA,,
840396405,Gohanゴハン,https://avatars.steamstatic.com/fb014f54e5fcaee01fa0a3ef5ad7d10ee793a8e3.jpg,,,
408580793,PAN CON CHICHARON-KUN,https://avatars.steamstatic.com/b58a441a7334fdf928b3ce752ff21137e0470bea.jpg,PE,,
1039469483,EuyinioTmS,https://avatars.steamstatic.com/dbc9a232b1dddf3c8c61ea9f83436207b24bcaa6.jpg,PE,,
94364925,big boss,https://avatars.steamstatic.com/7ca1dd7f200a76d09ed667209aee4933ac83e365.jpg,,9658086,
192120253,the nature of the bug,https://avatars.steamstatic.com/175eeae5acfdac536f0bd611cb8d59fe8d8a2bee.jpg,,9658086,
372569020,时间也自成冬,https://avatars.steamstatic.com/ee5cc428258a2f7f5775ae66f8bbcde744738e44.jpg,US,9866136,
1009469018,Dr. Strangelove,https://avatars.steamstatic.com/98a57aca13c0de6d80aa7c1226661c0d47074fea.jpg,US,9866136,
206266593,GG Bond,https://avatars.steamstatic.com/4dbc51e61f60d86b3989243f8622b9cb8cd2ea3e.jpg,,9866136,
287966650,your mom daddy,https://avatars.steamstatic.com/fef49e7fa7e1997310d705b2a6158ff8dc1cdfeb.jpg,,9866136,
206220806,Strawberry Sweetie,https://avatars.steamstatic.com/b23e4cc5910fefe5e016204829c37bdeab670413.jpg,,9866136,
840066138,DonnieDarko,https://avatars.steamstatic.com/dcc3ce85371705712f68f708f3a826265a2390b9.jpg,CA,9041543,
1273413152,=),https://avatars.steamstatic.com/247cdaa7ee0915180fca1e23c0cd11d105ffc358.jpg,PE,9041543,
228210239,1 or grief,https://avatars.steamstatic.com/88cd7f06862e01cb14f410f32794030212bc9d97.jpg,PE,9041543,
289460414,ShadowBluck...,https://avatars.steamstatic.com/c594cfbf57c9581304307480d575a35d1d3deade.jpg,,9041543,
340376290,Ilia Topuria,https://avatars.steamstatic.com/c824e2215c7791939bdc5590214dd0433c2b98ad.jpg,MC,9041543,
427866348,Nika God !,https://avatars.steamstatic.com/bd14282a3ab367a4fb5b9a7e3c3a659a047a0b46.jpg,,,
112621581,Roshan!,https://avatars.steamstatic.com/5a43e9a27b7d4436ee3e200022b558a73bbd5fe9.jpg,,,
379280024,MADRADA666,https://avatars.steamstatic.com/4da874abaf2b5b2011c29ec99a55beb14806481b.jpg,PE,,
259000157,Ann,https://avatars.steamstatic.com/cbcdaae00e5adee8275a02b18c3b16384745ecb5.jpg,,,
387033689,ジュエリー(Prod. imase),https://avatars.steamstatic.com/6e825ec7bdd60111db7373d269cf9deeb9917a8c.jpg,CD,,
102652420,42,https://avatars.steamstatic.com/0432a2e0a87e1497245d5011b995ccec3bbaca14.jpg,CL,,
119827339,run for roses,https://avatars.steamstatic.com/f6ccd33bf62cdb18fff518d8f905e8c9ac61f0c4.jpg,,,
203102808,Doctor Ezio,https://avatars.steamstatic.com/bb5294c0a7bd00d8d642e71ee3c2527371a25206.jpg,CL,,
64645148,Camotito.Schrödinger,https://avatars.steamstatic.com/afddb16f964b808f47d6b72edfab00af123b79a1.jpg,CL,,
124040607,Junseba,https://avatars.steamstatic.com/01f89a423aa7fd0ac4a9ec2304d11f98e7e5d132.jpg,CL,,
216459035,I am lost?,https://avatars.steamstatic.com/758d5b3147421b219fb4952ae03a4634cc9d2238.jpg,PE,7554144,
833920250,lancenter504,https://avatars.steamstatic.com/fef49e7fa7e1997310d705b2a6158ff8dc1cdfeb.jpg,,7554144,
917921543,StarGreen,https://avatars.steamstatic.com/679df74bda12c5c9f472de1439e0a6201eb3fa0f.jpg,PE,7554144,
867591774,lonely,https://avatars.steamstatic.com/31424dc5d0fb1f9a8125445331e7cd3643c69197.jpg,CN,7554144,
931983406,🇦🇷 [Hiori Yo] - ❄️👁,https://avatars.steamstatic.com/77e39846fda51fb4e5221155da6ec7bb121ef728.jpg,AR,7554144,
161092840,Evernight,https://avatars.steamstatic.com/bad32bbc8e78f567dc44920f6d92e8a920f6ead0.jpg,US,9798986,
189977584,𝒟𝐼𝒩𝒢𝒟𝐼𝒩𝒢⁹²⁶,https://avatars.steamstatic.com/09277b80606456f0ed2b75e1426fde5d61b4abf6.jpg,US,9798986,
910023324,Orange^^,https://avatars.steamstatic.com/7be3c822ba9e421a94d681a7b0ae68ba374c5ce2.jpg,,9798986,
102446089,艿雯妍儿.♣,https://avatars.steamstatic.com/e051a78a435c2e6fdc734fb9c902a08268582941.jpg,NZ,9798986,
134268169,muzan,https://avatars.steamstatic.com/fd9a31a48ad45600a3dd01f8ae508cbf616915d3.jpg,US,9798986,
373981948, ︻デ¨̷[̷C̷]̷h̷a̷o̷s,https://avatars.steamstatic.com/c91dd0839e1bd5f3353012a15448906ca0956ef9.jpg,,,
440246326,PELIGRO SETSUAL,https://avatars.steamstatic.com/b3cd754948eca2c731ba61962e14faf3024f0ae3.jpg,,,
921809820,ROMPE PUCHAINAS,https://avatars.steamstatic.com/6737cc8bb61ae174caa26a24941af937dde57beb.jpg,,,
419910799,LUZMILAantihc ;V,https://avatars.steamstatic.com/c7817cd40864574825b2c6aa29c76c6573f8a0e3.jpg,,,
990111661,Zulema Zahir,https://avatars.steamstatic.com/34adcd2a2c63e40ce323f872f4781ef5ee322413.jpg,CA,,
1239402548,DOMINATOR,https://avatars.steamstatic.com/30a057b8e373c5ccd1857fadf9568ef1f37a286b.jpg,,9964542,
1191415467,FIC Empire 25-1 | MEGAQUETY,https://avatars.steamstatic.com/34db1edc845d897c0e2f5ac6e3416b7aa4fe287e.jpg,,9964542,
387753553,modiejo,https://avatars.steamstatic.com/6bd2cfd4a506e5a20dd26cdf40cfa8c013abe2d5.jpg,PE,9964542,
1869661764,snoow,https://avatars.steamstatic.com/fef49e7fa7e1997310d705b2a6158ff8dc1cdfeb.jpg,,9964542,
232369534,Zennek,https://avatars.steamstatic.com/2383c840dc34f7e45a001e2ad34438addc983b52.jpg,PE,9964542,
318793252,HEYDREAM GOD,https://avatars.steamstatic.com/14dca3e9bc9cec0d1a8940bfc199ef6ad17fd503.jpg,,8890220,
489990971,тналаT и яилисY,https://avatars.steamstatic.com/027c0ae6eaf009f6a94c5a3477b5049a856d3a2e.jpg,PE,8890220,
407858811,F.P.L.P. <3,https://avatars.steamstatic.com/ed260c33a328c1be0ee3e8ced96eb4e47126865d.jpg,PE,8890220,
1065824519,Teddy.™♡,https://avatars.steamstatic.com/a115dd5b893f0c8b9663f290f3d79359c933995b.jpg,,8890220,
149971794,Pitouw_,https://avatars.steamstatic.com/7ba69ca84a2ead8f3a46bd7773350311d3a08c7b.jpg,PE,8890220,
448913128,bodyy boddy boody,https://avatars.steamstatic.com/cb88de3c37b7f0df164c5f08e86c1cd8f73d1b01.jpg,PE,,
153881057,Dave♥(GigaChad) 🤍,https://avatars.steamstatic.com/df5cae10948fc0f4574e3e8028fcd57dc5a9f551.jpg,VI,,
1215830333,Lostray,https://avatars.steamstatic.com/35cf29076aefad6e00881f086bcd291dfc465232.jpg,PE,,
366973570,Cómo chucha se sube de mmr?,https://avatars.steamstatic.com/6a10238daff7536ad1fe9fb2c006cac617de9fb9.jpg,,,
121218086,Respect,https://avatars.steamstatic.com/81b3a4f210e1006b291aede9ca0490267a0c529c.jpg,,,
232763274,know yourself,https://avatars.steamstatic.com/e227aa6188ce4e66d43412631b92c03446b4d25e.jpg,,10108942,
403233811,MBAPPE!,https://avatars.steamstatic.com/3bb7c44e8669bc81ffc352c1dd271ba9fe54e49b.jpg,US,10108942,
413339999,highest,https://avatars.steamstatic.com/d2e210c4a89730a5ac2be20658580f5df42ab8c5.jpg,,10108942,
153609394,bored,https://avatars.steamstatic.com/f30ff0a3e53dd0ef09e8ea0aa3295faa517f9fc0.jpg,PE,10108942,
396792504,swm,https://avatars.steamstatic.com/852b9053167f3486e09a895b47d3fc2d20df37cb.jpg,MX,10108942,
250970093,Buying Onions,https://avatars.steamstatic.com/d1808d81652eba06595ad00de194e1d18517c621.jpg,US,,
55197649,brae,https://avatars.steamstatic.com/1a96e155c5d06176c169f01012e7fd095999f8bf.jpg,US,,
89772237,pika,https://avatars.steamstatic.com/fb010cbb7a8319fd0fc9ad9eaa38709754180c84.jpg,US,,
449741428,WAIGE SR,https://avatars.steamstatic.com/7b3104bb245fc987866582741cb4787d2410150e.jpg,,,
55012505,BreezyR,https://avatars.steamstatic.com/9d8465f6552118fec0b3929f7ba9b795c4cd0b62.jpg,,,
1613937051,DragonX,https://avatars.steamstatic.com/502440bcbe9a261ae2024d9429410f42ef79dc85.jpg,,9635581,
319698413,another,https://avatars.steamstatic.com/42b6779be29101d022ebbd14580ed15db388e7b8.jpg,RU,8831040,
917067055,hogger,https://avatars.steamstatic.com/0544288210aa63e98e98a44ed5a5a96a83aeff01.jpg,,8831040,
1634724608,Sotsiofaker,https://avatars.steamstatic.com/b5d1ac21b992c5d6ee10d6832fad262416320b77.jpg,,9593609,
137823304,Rs,https://avatars.steamstatic.com/5742ae62625ef482ac63a3d6c305ef76a0b9ad0b.jpg,,9444076,
893395618,K,https://avatars.steamstatic.com/b362a4e719070f4d48248cc5dd0b4172a9157172.jpg,,9444076,
172141367,鉄橋を越えて,https://avatars.steamstatic.com/10fcea23001a930dfc1dd3315a5aee9a2bff490e.jpg,,9444076,
175520789,枸杞偷生,https://avatars.steamstatic.com/90534d2fe7987d6bcfe3a8e673dbea172766d9a7.jpg,CN,9444076,
108839644,Pandaの灵 晴風,https://avatars.steamstatic.com/432ba931602a7953fb941e3037aa2fd9d013f721.jpg,,9444076,
241107899,LIT,https://avatars.steamstatic.com/bbe5a340c6b05c4fcb680999e58da42e1d444d1e.jpg,US,9885928,
361748943,炫彩麦小蛋,https://avatars.steamstatic.com/97e463a36f2693f6158631fb69c4074694019c20.jpg,CN,9885928,
885187787,Raddan,https://avatars.steamstatic.com/0b0eaa51ecd119d48e072565bf7bde491ed6536e.jpg,,9885928,
435460860,领域展开,https://avatars.steamstatic.com/46f98e85b778b13c4e0a68e329f70594b5b3fbb7.jpg,,9885928,
992662924,DamocleS,https://avatars.steamstatic.com/e15d11d94607d04b01a4a2e570b15c37c7b8b573.jpg,,9885928,
250547284,-Toki-,https://avatars.steamstatic.com/a22c912e80fb710d530bd0629f5c5f7468429403.jpg,,10115321,
139822354,lm,https://avatars.steamstatic.com/c396f839332ee1481ed3c311cf32d4992c4c0cd4.jpg,CN,10115321,
156662698,:d,https://avatars.steamstatic.com/302b6cb93107684de84e16884ca9bd02529f680a.jpg,CN,10115321,
391423488,Muyoi,https://avatars.steamstatic.com/b54a1a4ed5a941cf93d55c511f9e3bf50b6eea81.jpg,,10115321,
76904792,ahchin,https://avatars.steamstatic.com/c94633f1303787c7164b7833b0d964e87dc1217d.jpg,,10115321,
1739519173,2kxaos,https://avatars.steamstatic.com/fdd33b6fca9cd2beafa8de03fffb7310ac48cb0a.jpg,,9635581,
195108598,strafe instructor,https://avatars.steamstatic.com/3b16149adf1ba413464ba30b1834db37ab0c5a18.jpg,RU,2576071,
101779337,s-,https://avatars.steamstatic.com/deee0fae5c38f770a0e9da2ed83fc9befb215707.jpg,,9988580,
125989153,Sebs-,https://avatars.steamstatic.com/8d2b4d49b5350f9da3ab66728bf267ef6ee82f4f.jpg,HN,9988580,
249986681,17,https://avatars.steamstatic.com/ba2e7f820525b375059680b13b3be0d86b57f97e.jpg,CA,9988580,
143659264,Sunny:´P,https://avatars.steamstatic.com/fa38cfa1c06468e07bb5c01aeda3250f9bebda86.jpg,US,9988580,
866438572,yungxrist,https://avatars.steamstatic.com/b9fd72c3203455b5cafa9740d26f3e98f3bd9e22.jpg,,9988580,
800862190,qwaza,https://avatars.steamstatic.com/fef49e7fa7e1997310d705b2a6158ff8dc1cdfeb.jpg,,9564441,
86698277,not human (животное),https://avatars.steamstatic.com/cb4994ca728b78b8991a65c201f2a812c3a5e286.jpg,IL,8291895,
93618577,insects,https://avatars.steamstatic.com/0121351551afaaa0d3b448dde9d5d4a3a50314d7.jpg,JP,8291895,
136829091,NongMon,https://avatars.steamstatic.com/d46f1d37433ad9c3e2b8a4c3ca9d6bb2f1dcd369.jpg,ID,8291895,
152455523,Pandora journey,https://avatars.steamstatic.com/0fa51816603b009919b7dd115d494b7e52864435.jpg,UA,8291895,
346412363,Lyagushka,https://avatars.steamstatic.com/55e1a7f35e2ee32ffabcbc3bf868511e25098cfe.jpg,GB,8291895,
1841739065,tokyodrift,https://avatars.steamstatic.com/54b54b50f5401fe7cb5b05f36d4e4a64cedd600c.jpg,BG,10121883,
1486792934,mitokiromi,https://avatars.steamstatic.com/996f8d6c3de05dd40ea45d1ad202d0d6c2695e75.jpg,,10121883,
10366616,Sneyking,https://avatars.steamstatic.com/94de21fe24bf907f2a1a5c83427d3fb7664598e7.jpg,,9247354,
100058342,I m Going To Be The Best Carry,https://avatars.steamstatic.com/e32de017ab05fe4e58083175ff1b4fa221ee78a7.jpg,SK,9247354,
898455820,...,https://avatars.steamstatic.com/28adc58a0b3ba9e0ab1cccf04bf4f7ea01b15f72.jpg,RU,9247354,
183719386,Collapse,https://avatars.steamstatic.com/4c99f6337bd167147a70eba6ea67d43360e3be55.jpg,JO,9247354,
25907144,Cr1t-,https://avatars.steamstatic.com/a400c5ddc9696fd8056477e9070fcb852cc49d7e.jpg,,9247354,
321580662,极,https://avatars.steamstatic.com/f3e9f90e016d6326e35f6a62a6218eeb5238dbaa.jpg,CH,7119388,
108958769,sustain,https://avatars.steamstatic.com/185189d952d13965d92cb70b68a351cf7df861dd.jpg,GB,7119388,
106305042,i love social media,https://avatars.steamstatic.com/5d06f66d2308674541c674ba87e233b0f8587caa.jpg,,7119388,
847565596,123,https://avatars.steamstatic.com/b61f53cd013762f975c7a3d0217309289e3df0f1.jpg,,7119388,
140835095,GAMBOT-PARIS,https://avatars.steamstatic.com/d1a2de72c7e769179d8727e0113b37f7731df9ed.jpg,UA,7119388,
171262902,-,https://avatars.steamstatic.com/e76ffc26ee24b1fbd4d07a0c2206823842c05407.jpg,,9823272,
312436974,CHIRA_JUNIOR,https://avatars.steamstatic.com/dc2eab5e5d7cecb2549f623c56b9bdf3692840b2.jpg,,9823272,
56351509,!!!,https://avatars.steamstatic.com/38e87ca46dc7387a9770e49cb0300fbc2bed46b6.jpg,SG,9823272,
93817671,Pohn Jork,https://avatars.steamstatic.com/e3c0f4fb83bb219ea0eaf1b9282480b421f56e69.jpg,NG,9823272,
103735745,lostreak chicken,https://avatars.steamstatic.com/ef5578abcc384e0b9d253f19b1fa9f580e921d6a.jpg,,9823272,
898754153,ZmjjKK,https://avatars.steamstatic.com/084af891daa18ba206ff6cf6bf399b4233377b2b.jpg,,8261500,
173978074,NothingToSay,https://avatars.steamstatic.com/ce4ca44366af2be5e8f521bacb519401bd4ad658.jpg,MY,8261500,
129958758,¿,https://avatars.steamstatic.com/ff8e63f09da6444477e79649801c5989d85e299e.jpg,CN,8261500,
101695162,其疾如风,https://avatars.steamstatic.com/2eacf9574ddbfde8381b6f3cf8a59c1cf379a056.jpg,,8261500,
94296097,lavie,https://avatars.steamstatic.com/3a7350dc1ee97dcb88a2edaaa6088be2f96ff6c8.jpg,AQ,8261500,
124801257,bored,https://avatars.steamstatic.com/d81f4390702925be8e8f8d2dd239a6e184211b3a.jpg,RU,9467224,
301750126,River in Flow,https://avatars.steamstatic.com/68fef146130b9b1e70db097c24493fd20f7a75a6.jpg,ID,9467224,
126842529,Shenorita`,https://avatars.steamstatic.com/42c186ff3e95d326999e72838b1e51dd7eaec2b0.jpg,MY,9467224,
256156323,geekin',https://avatars.steamstatic.com/0cd79d09c54cb7b04c8427f54cfa9195ddd54dc9.jpg,UA,9467224,
320219866,set your heart ablaze,https://avatars.steamstatic.com/957a15a2b29a3cac2dcd165db2aed0b639bf5cea.jpg,UA,9467224,
158425391,lmc,https://avatars.steamstatic.com/487bed07b9f6def73be1052bf0bdfe4d20a265e7.jpg,CN,7917893,
861414087,c,https://avatars.steamstatic.com/942377668cb3188e61538c398498bef1912a4df0.jpg,PH,7917893,
899495504,nieves,https://avatars.steamstatic.com/f91977ae1a4a7fbbc0f2e5ee994b3b33280a5908.jpg,TR,7917893,
100598959,pos 5 or veno jungle,https://avatars.steamstatic.com/c259bd54908d58d8ba091b4f598a8117c1bca147.jpg,PH,7917893,
103045129,iob yknohC,https://avatars.steamstatic.com/7c90dcd5889b0db1e02348d87bef56af45a4c9ad.jpg,,7917893,
1623889619,Moti,https://avatars.steamstatic.com/52b21b6dfd3b6f282ced0fea69af54a0a830c3f4.jpg,,581153,
427017829,bot.-,https://avatars.steamstatic.com/89728e67a4c37d973d13c03dbc65a4e359f00be2.jpg,PE,2885851,
908940454,sweetheart ♡,https://avatars.steamstatic.com/ad0fa747373faa67da4d8db528eedd57964f7b00.jpg,ID,2885851,
905945974,conquest,https://avatars.steamstatic.com/023e3947fd5d08c7f0c4af797ecd1a0518abfefc.jpg,,10081473,
125024043,ParZival,https://avatars.steamstatic.com/1abfc70bebf20781015dbc2529a14629975a9768.jpg,EC,10034132,
1673937054,sigma playstyle,https://avatars.steamstatic.com/1697ba0d979ef6c53ef8aebf16942f06369a91b5.jpg,,9973477,
113152484,Chance,https://avatars.steamstatic.com/b773b4a5a230145e89b5eb51808a7feef6213c4f.jpg,LA,9895695,
126397214,t,https://avatars.steamstatic.com/eb048191a189ba56c5c32e48027a233c7208dcca.jpg,MY,9895695,
86762037,WtR,https://avatars.steamstatic.com/adacb6896571ba49a6fe3025aeb6349799a4ae39.jpg,MY,10108685,
188037232,small pp,https://avatars.steamstatic.com/f55c198efb30d9b6acd4d94fd835c8fa1b2b51d4.jpg,,10108685,
178823176,Cks.Cone.LJ`S,https://avatars.steamstatic.com/6569d5fedac985c8f0f999895642384ba913a223.jpg,EC,9820028,
201312864,BorosOne.LJ'S,https://avatars.steamstatic.com/b5a2e432f3b1bda5bb4ce91b9f7232ee92cb9823.jpg,EC,9820028,
116279484,Vassy,https://avatars.steamstatic.com/88a23236432f93c93df70b51fc42c86ae763ce43.jpg,EC,8124644,
113635196,gaben's bravest soldier,https://avatars.steamstatic.com/4f7bcfd19d6cfaec1b48a8d5b6512100e46b3059.jpg,,8124644,
36605156,R*,https://avatars.steamstatic.com/62bcfd8dbd0de21466070bd9a1336ee89b61d655.jpg,??,5250783,0
1602490189,G,https://avatars.steamstatic.com/24cef5d8187788c93b91fa5fa338639db96e6629.jpg,??,5250783,0
844611403,IBRARSPISHILOSTMEMMR,https://avatars.steamstatic.com/c65da7bfb1e3088ce7a829c94002800a33b589dd.jpg,??,5250783,0
385096103,Sameer,https://avatars.steamstatic.com/176c8495d85573e25210594a18a3031815e5b94b.jpg,DE,5250783,0
873254199,Shaheer Moosa Kashif Aziz,https://avatars.steamstatic.com/f90c8b843e911500e7906b43b85c59693888fcb0.jpg,??,5250783,0
140011322,Dota2.R4iD,https://avatars.steamstatic.com/9ed1bbfe77d2d52bad7a66655aebc57f4b6fd1ee.jpg,CA,,0
358700709,Ratan Jarda Pan,https://avatars.steamstatic.com/488adad60fe82f636d48930d6e99d2ef3e8bf01f.jpg,US,,0
175751742,4 noobs in team,https://avatars.steamstatic.com/84871a41052d213d1fe42f6b85d99f8146fc8d99.jpg,IN,,0
304968465,Life is unpredictable,https://avatars.steamstatic.com/00691a026b3cadd352667569e20a82bf4b1dff5f.jpg,US,,0
354772561,Joyboy!,https://avatars.steamstatic.com/657b47dbf68a35cda3e8f03e2f0ef8d745a96c3a.jpg,??,,0
397500264,ESCAPE PLAN,https://avatars.steamstatic.com/fb21242fcb58298cd9e70b7e2e3094a46de78141.jpg,US,,0
168519391,Bobby Fischer Incarnate,https://avatars.steamstatic.com/fe1a2061ad7e6b3942df457d3f070e86cae45835.jpg,US,,0
196337505,Porthos,https://avatars.steamstatic.com/43c5e45113d9e94cafcc8de9224693c8ade40b6d.jpg,??,,0
141311376,xX322NOSCOPEYOLO420BLAZEITXx,https://avatars.steamstatic.com/056622fa82faaa4593ee442ce7301e641ae2d326.jpg,??,,0
114232528,Ascension,https://avatars.steamstatic.com/f7fdfc16f26a978c512d3ed70380ed3d50c4011f.jpg,CA,,0
354573226,FerrazL,https://avatars.steamstatic.com/43fed9c8f8c5f8d6a0ba5877df03c10862350fee.jpg,BR,9572165,0
116293223,Re9uiem,https://avatars.steamstatic.com/dfd64f98ec79a9eef29291bf334239baf70f182e.jpg,BO,9572165,0
218606281,Fnk,https://avatars.steamstatic.com/23ed93ec2e96c4fa12a428a47466a7427fd95ef7.jpg,BR,9572165,0
153482338,Blood Moon,https://avatars.steamstatic.com/a34b6e8b5b2fc92e8a5c233b80ad98bbeb6e7ced.jpg,BR,9572165,0
1517197265,423,https://avatars.steamstatic.com/fef49e7fa7e1997310d705b2a6158ff8dc1cdfeb.jpg,??,,0
1281944743,coldofff,https://avatars.steamstatic.com/83b8831bb026756f4ffac6d0d26878e8b5f96f5f.jpg,KR,9872558,0
256444993,extract,https://avatars.steamstatic.com/7d10698b9cccb78e00bf2bb7f692fc4e216b99cc.jpg,??,9872558,0
285282252,NO GAMBLING NO DRUGS ALCOHOL,https://avatars.steamstatic.com/c71a6d5ff4b7158fb77034e9f3ecf0689e515aec.jpg,RU,9872558,0
312542697,Сорняк,https://avatars.steamstatic.com/0c50ab9d711a21b063e6168dd4f7b78be59875da.jpg,RU,9872558,0
847851833,опиаты круг,https://avatars.steamstatic.com/baed3785e59247f15a50262ecf2a4b97420c92d6.jpg,RU,9872558,0
128958133,Kai,https://avatars.steamstatic.com/acf67207768cdc5be5f09aca6a9f7830bf27d6f7.jpg,UA,,0
1010173059,Practice^^,https://avatars.steamstatic.com/80ac6f108a2481bb616e7c1a215c16ad293e3df9.jpg,JO,,0
289171422,GodKid 4444,https://avatars.steamstatic.com/01409f94eb30b96cb4b33ad40b81377e55ffaa81.jpg,MK,,0
107746371,attack hero,https://avatars.steamstatic.com/bdaf0059f7614a586755e71cc321f630379a92e8.jpg,FR,,0
478048631,son of zvёzd,https://avatars.steamstatic.com/b8fed165d158fdc9e9c821fd565caac746baea8b.jpg,RU,10040801,0
131040059,потеряшка,https://avatars.steamstatic.com/c0d1d8e0a82cd70f1a8e8311344370f779e5da4a.jpg,ZW,10040801,0
280585026,Misolo3 [ветмо],https://avatars.steamstatic.com/19ca83fca3cd460baeb4c67c3acd78752bf35a26.jpg,RU,10040801,0
442740593,да это мой мейн,https://avatars.steamstatic.com/b381a0d30e231890838c319cd3ca9309533e8b34.jpg,RU,10040801,0
214389279,— — — —,https://avatars.steamstatic.com/2cc65f8635d8ddb0ffabd0860d1dcab6fa9f0a94.jpg,??,10040801,0
910969212,FRANCIHSE,https://avatars.steamstatic.com/dd5e6c7f40533db99ba42c0f83316899e7a7973a.jpg,RU,,0
1175844912,amazing,https://avatars.steamstatic.com/c94fc8ab9de1b6d739f5fafcb7017719e42d1b77.jpg,RU,,0
311534425,NGG,https://avatars.steamstatic.com/f9e8bd0d315f0fcec3300356bbe32db8cec766ac.jpg,SE,,0
1879807000,Aria,https://avatars.steamstatic.com/552efb4824cdfefcd53860885b16ddcb348affdb.jpg,BY,,0
197529674,пендос бургер,https://avatars.steamstatic.com/3e17aa2894280d0ea5bc702bfc97dcbb71a66c64.jpg,??,,0
1594581846,yomyKo,https://avatars.steamstatic.com/8a6ecd16084388e5e4513cbce929df411e24bff6.jpg,??,10108719,0
1514551126,hisoka,https://avatars.steamstatic.com/509a06b61d7f9736a469e8784890c1dde9456e5f.jpg,??,10108719,0
899425075,Джамал,https://avatars.steamstatic.com/0ae3af7d514280dc38e7808b09e8c6e45f0bf799.jpg,??,10108719,0
177584602,какаю спермой,https://avatars.steamstatic.com/d11be6c22031a1d86bd85ca97c71eccce85e9f47.jpg,EE,10108719,0
1343581256,crystal castles,https://avatars.steamstatic.com/c4444365b1a225f873a11f5637fa7e23ea9ab1b1.jpg,UA,10108719,0
794503922,Kaolin,https://avatars.steamstatic.com/eba7feb09b11d7aa4bba876f81d781dd15e1690f.jpg,??,,0
108988997,skylighht,https://avatars.steamstatic.com/6fc723b987ea274d5e63759a358fad6f574fad27.jpg,HR,,0
422354953,dimitar_zaf,https://avatars.steamstatic.com/c5a23957a127339e4ad6542d4f66fb0cd19395fd.jpg,MK,,0
1262480161,MrWuking,https://avatars.steamstatic.com/1bee4fa3589b328188197fc22af27a6da49dbc32.jpg,??,,0
1874189896,FluXe,https://avatars.steamstatic.com/90b9a419fc555dcd04556ad792419c4f9cbb0377.jpg,??,,0
231405458,NAAPURINJORMA,https://avatars.steamstatic.com/1a5edb6d0ceeb33bf3205f0faa1066fbbcea4e39.jpg,FI,,0
822625288,AcA .HustleLoyaltyRespect,https://avatars.steamstatic.com/4256ec92e1922dc90a2fa69e0edfddeb4f9cac18.jpg,??,,0
199324430,Suicide (Pos 1/2/3),https://avatars.steamstatic.com/4b0820db1091c7f1cc662e071b71173fe8869cc8.jpg,??,,0
1028135812,nmitonam chat bedam,https://avatars.steamstatic.com/fef49e7fa7e1997310d705b2a6158ff8dc1cdfeb.jpg,IR,,0
148190247,Risk Every-Thing,https://avatars.steamstatic.com/d033a0099cee1e7d0d810e052330c6606f49e2b3.jpg,US,,0
118856807,iop,https://avatars.steamstatic.com/50990d7d054ae4fe6adb806055a99b7cddf02655.jpg,RU,,0
104771331,eva,https://avatars.steamstatic.com/8152ee5d8cbb67e8af7bb067a3793a803c981c2e.jpg,RU,,0
104642463,Boulder,https://avatars.steamstatic.com/600a54e62405d2696730eabca74233adfd9aea7e.jpg,RU,,0
85536020,Данила мастер,https://avatars.steamstatic.com/c10b8f66876e6b4fb38ef5b3d6cb1f6acb4cf057.jpg,RU,,0
104721702,UFIk,https://avatars.steamstatic.com/b7c329a8fec8d1dbf9532d34abdc2bbd36de6b4c.jpg,TN,,0
104537888,cole,https://avatars.steamstatic.com/3a1113c9bafe238eeaebd791acfac460f28fd494.jpg,BR,4086533,0
147288542,ifritzs.Pleaze,https://avatars.steamstatic.com/480a72ffd8655d3ed207e0e5f9a1cd9a81d5f7c8.jpg,BR,4086533,0
165041840,M@ybe.Pleaze,https://avatars.steamstatic.com/20dc59d06ea1ed9bbc8e46e3d98297a914342a3d.jpg,BR,4086533,0
848532723,Ghost,https://avatars.steamstatic.com/080b968d5bf3d8587d835c715662793efadb1c1e.jpg,BR,4086533,0
123097213,be unique `01,https://avatars.steamstatic.com/eb7647ead323d23a2033bad5f36a203302a1d280.jpg,BR,4086533,0
20567771,endo,https://avatars.steamstatic.com/866b91bd4e51f6bc5a87cbd55a05a8dfc46c492b.jpg,NO,,0
307286778,12båter,https://avatars.steamstatic.com/3b82bac3783aa8ad59c921802145457a3b959182.jpg,MZ,,0
315016949,hallerino,https://avatars.steamstatic.com/cb02a521e44dd5fd572dd5cfcfe71f24cbeba56b.jpg,NO,,0
407122768,Sulyvahn,https://avatars.steamstatic.com/80a47e25a1ed7c09d9fceff1d37cdc1150636167.jpg,??,,0
111529527,Dannyyy,https://avatars.steamstatic.com/8fdff380914b33a5a40e1a4f7515deb24782fbb5.jpg,??,,0
1086186944,be normis,https://avatars.steamstatic.com/a6073a15c563646efa5599dd1a708d63ab3daf3f.jpg,??,,0
1231430741,私はグールです,https://avatars.steamstatic.com/4b7cf88bd10566b053f719904b6fb6f7ef54f7df.jpg,JP,,0
53249800,be real,https://avatars.steamstatic.com/69cd648a0696c9529480db7a3581b435b3c9c3c4.jpg,US,,0
1143811208,друн,https://avatars.steamstatic.com/ac8b631ec70eb561814369c3fb4e4922fe650ad4.jpg,ES,,0
1237722272,samir,https://avatars.steamstatic.com/3c26354c08157513101617e78b7b0157e310d0a2.jpg,FR,,0
356080266,息が荒い,https://avatars.steamstatic.com/d6bd85647d3c8512ea50895749efa4ea0b03d21e.jpg,UA,9886393,0
1001714951,senna,https://avatars.steamstatic.com/8e3a7b99df2875344d8e83fe0b65cdcc98147e9f.jpg,TT,9886393,0
371495800,xdxd,https://avatars.steamstatic.com/5ed0da0e9c8f6949299a1507c9d4dafaf222b32e.jpg,??,9886393,0
1675320614,чик-чирик,https://avatars.steamstatic.com/3650144ee9bb3c6f12ffcadbb62079179113521d.jpg,??,9886393,0
343909498,...,https://avatars.steamstatic.com/7cbe44756c6862aafaeec74a040d7df7dab7717b.jpg,US,9886393,0
307173570,adidas,https://avatars.steamstatic.com/831635f5c0f2d05fba1a1dcf7ba76949eb534dca.jpg,RU,,0
340421206,Мечта.,https://avatars.steamstatic.com/970afb414bfd5f1618089850552ea3f35b007170.jpg,RU,,0
116881520,Yayo,https://avatars.steamstatic.com/2d3081dcc44c8f35f3f75301f2c742b9dcc1b532.jpg,BY,,0
1092557725,0000.,https://avatars.steamstatic.com/ae61c112233ad665a9a53aec1d0e52c8438d11e7.jpg,RU,,0
223382342,123,https://avatars.steamstatic.com/2d8c64f9f637a72be4614563fd48460d6193d453.jpg,UA,,0
1123091097,hairo,https://avatars.steamstatic.com/d3488c44fc2ee50e1247b908674554e624798389.jpg,??,9948367,0
885463404,fsdigsdhbgbhsjdgfjs,https://avatars.steamstatic.com/3973c828510cfd75f32b6a4d09bffa642f6c975f.jpg,JP,10108712,0
842903184,Ch14a,https://avatars.steamstatic.com/26a484457fc4c036b0629bc8eb03d42ef9f66726.jpg,VA,10108712,0
424827744,ttv/droncde1,https://avatars.steamstatic.com/49b341d9d1873a457345e9c602116fffc852ed85.jpg,MX,10108712,0
421052354,low cortisol,https://avatars.steamstatic.com/e799677c721e02f26362a9538a244dfd968cb29e.jpg,??,10108712,0
1031466517,вантуз,https://avatars.steamstatic.com/8f626d5109173bb6e624ef7414f98d0bb5933771.jpg,??,10108712,0
1344006496,Kitahara,https://avatars.steamstatic.com/e0717fce501481107872b4195e0d0ba44aab8574.jpg,AF,10034245,0
202426548,- Alpha -,https://avatars.steamstatic.com/5d1791beb5fc1384dc239657ad611f14cab9a387.jpg,KZ,10034245,0
98209967,Чёрноблеск,https://avatars.steamstatic.com/ce138b7f60c2fe9c35cdde1ea4c2681799ca805d.jpg,KZ,10034245,0
236090973,KinGL,https://avatars.steamstatic.com/0510b7d98e8ef1854c88dbffffbd9bf784fb356c.jpg,KZ,10034245,0
367682867,machine heart,https://avatars.steamstatic.com/af8fafc2ce6bd3a40907dafeadcf117ab17736a6.jpg,JP,10034245,0
399466265,M`yrziLbl4,https://avatars.steamstatic.com/b850f856bcddfefec010bca39ea3488e6d87f602.jpg,FJ,9766265,0
296569241,Yaggodl,https://avatars.steamstatic.com/a6ccceb8b3c0ed6d4a2140161497a6249804b0d9.jpg,RU,9766265,0
364893392,11:11,https://avatars.steamstatic.com/5a5bd8aa7a5fe0414bb26c81d57263e656d91237.jpg,US,9766265,0
148780703,joga bonito arcvades,https://avatars.steamstatic.com/1c54adf2543aa395b3f4602ddd6cae29f5ea3405.jpg,BR,9766265,0
861520790,cold-{immortal draft mentality},https://avatars.steamstatic.com/b5df31279791f858c722bbb1b2cdf53f7781b7a6.jpg,??,9766265,0
386314004,Reflekt,https://avatars.steamstatic.com/7048969bf3e7618e6202af67ea6a87a2edf62e1e.jpg,RU,,0
198851570,fam0us,https://avatars.steamstatic.com/2bc2b968d2c71257c6361c233f0cbf096f68aab4.jpg,??,,0
325697153,CANT CHATTING),https://avatars.steamstatic.com/68dd3b2fd1dd725399c2154c73131d7c731d935a.jpg,KZ,,0
309345956,Cringelord,https://avatars.steamstatic.com/a8eb09e6fac3506a603eb36a4258c6010354193e.jpg,KH,,0
201839427,ЧО?,https://avatars.steamstatic.com/d8088c8e22a0061291703bba37fae0f80beca0d7.jpg,RU,,0
374691409,xd,https://avatars.steamstatic.com/77e951ca1fb778bed2dd7c79af5ca2f4938d2f3a.jpg,??,9455153,0
1128917474,+мараль,https://avatars.steamstatic.com/ddbdb8db6a6993e11714dc2e2827dd873af6ad5f.jpg,IQ,9455153,0
1176547637,Лудоволк,https://avatars.steamstatic.com/da6e06a69343a0df2028a1afeb6aaa1c9f06557a.jpg,KP,9455153,0
468963655,Yinike,https://avatars.steamstatic.com/2b0b75123393c37316366574cf9eb6981af87d43.jpg,JP,9455153,0
1112093806,ktoto,https://avatars.steamstatic.com/7f708d788970834c615163fa47be357f769a6f9f.jpg,??,9455153,0
1144472530,i am live,https://avatars.steamstatic.com/608776376618ec4261e6b97c0d266de4454257a0.jpg,US,9947953,0
1872626576,Monkey King,https://avatars.steamstatic.com/92535b2cebbac18f1381b85b4c3ea176d108b595.jpg,??,9947953,0
1839975600,terroristka2009,https://avatars.steamstatic.com/290e620b6a33edabd4da7db357c1ed8b1eed8233.jpg,??,9947953,0
1248009846,JKL,https://avatars.steamstatic.com/9a1a34d80b88f5e5f822fa9f3b8bca90e5768939.jpg,RU,9947953,0
1695685072,Arise,https://avatars.steamstatic.com/7dba5caf1f06940be190e8bdb32b34e880e0c3ae.jpg,JP,9947953,0
383669505,i love social music,https://avatars.steamstatic.com/3fa7e378c3f0f2b1a51da054de46b7fabb7755e6.jpg,??,9760182,0
1433809032,сосу за сперму,https://avatars.steamstatic.com/433c522e2b9275c9ee174b8e2f22ebabb379f566.jpg,RU,9760182,0
1674635615,hate models,https://avatars.steamstatic.com/0fa18ec5fc41aa5af59cae8199786f22fc25a79a.jpg,??,9760182,0
1254288973,extract pain,https://avatars.steamstatic.com/68efa997ba6de5a8f52a14bb7d51f3980b0e400e.jpg,RU,9760182,0
1259499207,zvёzdopad,https://avatars.steamstatic.com/74c8a3004400bcfd503779d38d545e22dcaec19e.jpg,NE,9760182,0
1201927095,Aomkuy,https://avatars.steamstatic.com/4a6bd53d38675e332ee8f6da87a5e94aba64e4cc.jpg,??,,0
101240880,:3,https://avatars.steamstatic.com/a502da64533aaaee14a4bc73966ba33e83ba8f04.jpg,TH,,0
101460882,Boombui,https://avatars.steamstatic.com/c3043196af41e4cfa0ebecdce39563ccaf6d883c.jpg,NL,,0
361794356,wkwkwkwkwk,https://avatars.steamstatic.com/84161aef22823339bc0b182af5b33c4f8225e14a.jpg,LA,,0
789882504,ilovedota2pxpx,https://avatars.steamstatic.com/fef49e7fa7e1997310d705b2a6158ff8dc1cdfeb.jpg,??,,0
1073591245,-,https://avatars.steamstatic.com/bc05c40a3a11394694f7a46490a3b46f299c4cf1.jpg,UA,10007804,0
158338766,RCF,https://avatars.steamstatic.com/c293c28982636383df5d1a086ad95c20011158ac.jpg,PH,7917893,0
156029808,barlo,https://avatars.steamstatic.com/ef68ed92436b1b17a3dc1f6e792088f89b429502.jpg,PH,7917893,0
1681467999,Lisha,https://avatars.steamstatic.com/3fc560a630cd24c523a8a03bafd10db826199667.jpg,MY,10102123,0
153727297,:),https://avatars.steamstatic.com/a62eff3fbe49247798364234aabf3c89f041390a.jpg,ID,9865903,0
874735136,Listen up,https://avatars.steamstatic.com/d38de6a0c92376f44511f3b2faa0ca77fad8d750.jpg,??,9865903,0
292829433,loser,https://avatars.steamstatic.com/29c331d5cb1825c6a5a6bffbc613e58215850227.jpg,ID,9865903,0
290354460,runinplace,https://avatars.steamstatic.com/7b17938d8dce1324fc681f53c4882f5e90f7b485.jpg,DK,9865903,0
286985748,Bot,https://avatars.steamstatic.com/e6b3a79724b0276187bbae3426f086589449c613.jpg,??,9865903,0
1040698036,donk,https://avatars.steamstatic.com/d58993356a61988e6b161f810a5511553b96250c.jpg,??,9545342,0
969152024,xs,https://avatars.steamstatic.com/91c1b1f3731e19edb367dca5c6601da5a1f71bc6.jpg,??,9545342,0
347965585,h3h3,https://avatars.steamstatic.com/c2eaaee46b6bc583ad3d66c9dc11c0a370cb8e4c.jpg,CN,9545342,0
285096880,LMAO,https://avatars.steamstatic.com/3822bec5b3a9771820c1e13021c3ddc2bdf81140.jpg,??,9545342,0
879245444,WinterG,https://avatars.steamstatic.com/7d0c136c255657c74760c7a062a42ee36cdad148.jpg,??,9545342,0
146076829,Donnerstag,https://avatars.steamstatic.com/62e47dda86051c43870fafdc5f0d80ba20916912.jpg,MY,,0
322925642,YNWA,https://avatars.steamstatic.com/b687b188e392743b1f0f6ed0d3facc3fe1a7adea.jpg,PT,,0
303615577,Jy,https://avatars.steamstatic.com/390edc4d21dd6e280e61a723578d0028c6d9a561.jpg,MY,,0
190304493,bots,https://avatars.steamstatic.com/2c8bdbdee8ecf99fbcd9a7f562d30cfab2c2b694.jpg,??,10020582,0
1053105101,qweqwe,https://avatars.steamstatic.com/20fc47d265dfda41187219d1be3e6d95870f412e.jpg,??,10020582,0
921145649,batang panginoon,https://avatars.steamstatic.com/848a8058810fad0781e6d2fb17ea665acf778ede.jpg,PH,10020582,0
185675940,Trance,https://avatars.steamstatic.com/d1477884760e1c1626498cffd6bd17f236f249dc.jpg,US,10020582,0
162641196,Skyler,https://avatars.steamstatic.com/53272036186f059393a4ca710f8d1dccda3391a2.jpg,??,10020582,0
128660724,RICO,https://avatars.steamstatic.com/39b54797346f3850567b97edb4c64f10dbd67173.jpg,CX,10108885,0
118127154,Hennessy,https://avatars.steamstatic.com/520462da046e207975b8e7a01ae0d0de23c2fa4c.jpg,HK,10108885,0
223344914,无与伦比兰亭序第一三,https://avatars.steamstatic.com/e39b06625d8bf88b2b34c44f2cf12f449df1dd15.jpg,??,10108885,0
100708765,boring,https://avatars.steamstatic.com/7deec8ded7add0b6621668c55ab5ddb6d0251083.jpg,MY,10108885,0
103882465,LakewoodNJ_GoyFarmer,https://avatars.steamstatic.com/8eded967ff3ff9e03b6dd30e973308a15cc13711.jpg,US,10108944,0
1178451669,Бодя Павук,https://avatars.steamstatic.com/cdfb17b9f26b3d6f5a6c8b6e5247f45f3a8f9944.jpg,??,10108944,0
308636560,^^,https://avatars.steamstatic.com/496925456a0327fd7d826e7e206f5b60d533fa58.jpg,UG,10108944,0
81036058,Plupo,https://avatars.steamstatic.com/4d5b3bdac5843ec1f3c0f1cc52a6b34f0fb669e7.jpg,US,10108944,0
191104040,Sgodxx97,https://avatars.steamstatic.com/93800183bfa67f0479e11b3f029892ab6cb60778.jpg,US,10108944,0
1086851549,Майк Вазовский,https://avatars.steamstatic.com/9822bd54e09e05a4410d38f46df2041f49f639f8.jpg,RU,10108781,0
1442887627,去他妈的你自己,https://avatars.steamstatic.com/266a6ed9ef280cd136e2be63491a92597f2c96ea.jpg,LV,10108781,0
181752923,делаю WW,https://avatars.steamstatic.com/e205e5f50f20029de0997ed234c5903be3b6ae3b.jpg,RU,10108781,0
853100548,eva,https://avatars.steamstatic.com/02c88fc3a608e9f3ccf3543be08c2545a140732e.jpg,??,10108781,0
113606079,1,https://avatars.steamstatic.com/c02751ccf98afa5080a5cc13385fab2cf919788c.jpg,??,10108781,0
274266360,行く,https://avatars.steamstatic.com/b79bbe89fb00a7558b7985d6da5cc272eb512a7f.jpg,??,,0
383361785,кенгуру,https://avatars.steamstatic.com/b1437276d40fca7a9ca7d8c4abb6a40f70474e1b.jpg,BY,,0
838547248,General Armageddon,https://avatars.steamstatic.com/11e05889a58ca79a3933f87c889aed01b27f6fd8.jpg,LV,,0
199666759,табакошка,https://avatars.steamstatic.com/88b6a5c4bc1c693e5bfe961cc0b828a19bbbcc75.jpg,RU,,0
181987328,1,https://avatars.steamstatic.com/efa4067f82a7489cf03f34d6fb576bb571df1be5.jpg,BY,,0
384854668,big prime beginning,https://avatars.steamstatic.com/5c01884bafebff099ac8a0f0375479b831c7a142.jpg,UA,9886393,0
1689281790,meimei,https://avatars.steamstatic.com/c0bde5c4fd1d8f74d173aa289d468d011559c16e.jpg,??,9098294,0
152545459,alyanae,https://avatars.steamstatic.com/dd5ed8d7d69c2c9c56939677546e80c771841ef2.jpg,PH,9917087,0
341678201,tengenemo,https://avatars.steamstatic.com/aba6f5652be3dd4fb4a3ac4e57045ea27126112f.jpg,PH,9917087,0
164532005,ljcute,https://avatars.steamstatic.com/ed756948391ac948918ff008c4e8817c5f5d0733.jpg,PH,9917087,0
219755398,Jingtzy,https://avatars.steamstatic.com/8b975d9028391f099ccaf8952f4c5b7d25bb1322.jpg,PH,9917087,0
389022189,dancing yow E,https://avatars.steamstatic.com/9dfcd60aec84ab2510a6ac3969cdd1361094f9db.jpg,PH,9917087,0
1674682221,nanaYpcuk,https://avatars.steamstatic.com/5e0b87fe017731c7e0e8cfd5791ce4915ee42e22.jpg,MK,9834545,0
1673853841,tv/slark123dota,https://avatars.steamstatic.com/bf3ec24fecb3e5f6b5b14af824125c0a129f2d66.jpg,??,8831040,0
358507879,Don Sexo,https://avatars.steamstatic.com/8a29206f333418dcd3eab3d02b0f951b36b3a6a3.jpg,??,,0
118948666,WWW,https://avatars.steamstatic.com/42fe28942d38a83b0a8f7b6484e4d1196c21c823.jpg,PE,,0
138535219,z,https://avatars.steamstatic.com/f0a079cc5047f66245be4f823b9cdd70378505cd.jpg,??,,0
338769995,asd,https://avatars.steamstatic.com/b9653c3e7a3d0fae23314cda05a5c17c15708f80.jpg,PE,,0
385825293,at,https://avatars.steamstatic.com/dcc3f09cf96c258df23efb519d56881924e6fb97.jpg,PE,,0
329076390,¶,https://avatars.steamstatic.com/0852677d1c6d3d18a1e412498630421805a42de9.jpg,PE,9081369,0
116080282,)),https://avatars.steamstatic.com/4660b16343a830656ff002a7f50f8006272aefeb.jpg,KR,9081369,0
176923146,ʇᴉɥS sI ʇɔǝⅎɹǝԀ,https://avatars.steamstatic.com/067ef34f43cd71ed920d4b6cd8977058673b18a6.jpg,PE,10108787,0
232754619,donador d sangre d enanos albino,https://avatars.steamstatic.com/bf5bffc2beb4d04495851669c452245e2142f512.jpg,CA,10108787,0
155245833,Potato.K,https://avatars.steamstatic.com/986e0390d14234b8495a1945019a2559bb74fb42.jpg,??,,0
359336566,panch1ko,https://avatars.steamstatic.com/2936dc77f096f8ae7a4ac7e58cd7af54b642a324.jpg,??,,0
330014684,FrAnK エース,https://avatars.steamstatic.com/8f100f1ac9c40d13f03fa0740e15df2f0a69eff3.jpg,??,,0
1307420961,Андреа <3,https://avatars.steamstatic.com/d0d60a11c48a67b051d85f6dae39967ad4f3783a.jpg,PE,,0
262315740,PSI,https://avatars.steamstatic.com/75f791bd1c648266df80062574530ffb617846f1.jpg,??,,0
454107685,luis enrique,https://avatars.steamstatic.com/ce697a5991074076622981cf65590f010ef843d6.jpg,??,10020357,0
1604254324,Jher,https://avatars.steamstatic.com/be77de122c875b8cd66cb64a464817b1a09d26dd.jpg,??,10095819,0
297118557,Shorty,https://avatars.steamstatic.com/db6dd39d7256bff72563619ddc0ed5b7d42eb83b.jpg,EG,10095819,0
93317034,BLG-Rico-,https://avatars.steamstatic.com/473baead118820796c794e96ecff28e7775220bb.jpg,AR,6765751,0
456294398,Analisce,https://avatars.steamstatic.com/d086f642ec31ce8b7f79166495a1b4504062a753.jpg,BO,6765751,0
135064622,brand,https://avatars.steamstatic.com/6defac5e70c7d19b398772c568585fc002ca2b6a.jpg,??,6765751,0
905277193,トール,https://avatars.steamstatic.com/9f0bace137b1ec6232d3a7cd8efc20bacc151d40.jpg,JP,6765751,0
1032409134,Slavi,https://avatars.steamstatic.com/87064619f9ada63cb8e42c039b9ba8d82a4e4d6a.jpg,??,6765751,0
820490974,Legend,https://avatars.steamstatic.com/525aae79bd40143ba5e192406b8ae22b072eabbb.jpg,??,,0
1108477959,Bryz,https://avatars.steamstatic.com/30d0ae24de0963d9310197c08238a0eb59a6b5cf.jpg,US,,0
1105802067,xddxdxdx,https://avatars.steamstatic.com/d5f994aad600d9fcb9dc1ae01ccd9cadf08869e0.jpg,??,,0
187900246,Saavage,https://avatars.steamstatic.com/69317068aa0210f6bdbfb21e197a5fbc39c497fd.jpg,??,,0
472380049,sisisi,https://avatars.steamstatic.com/91e7f74e03e24530dba38499570958ca66e6265c.jpg,HM,,0
1855042368,borracho y skilleado,https://avatars.steamstatic.com/d90ad4e65f779db225ad19bd3652fe795049d5d2.jpg,FR,5002734,0
450936783,Sachiza,https://avatars.steamstatic.com/58abfd1122d9abe851165a406a7b444a214616ad.jpg,??,5002734,0
155840362,ZerokunN,https://avatars.steamstatic.com/17b27499b9e69e55765fe7ff972a478dd95ea063.jpg,??,5002734,0
48592298,cora,https://avatars.steamstatic.com/492039b06babade6c96cf319ebe19ec6043b4b52.jpg,PE,5002734,0
301227745,Homer,https://avatars.steamstatic.com/3bf91f62ff0acf31b33bbca7d0f2ecf6cfae24f7.jpg,US,9640559,0
196354451,꧁️☠️Շѧмѯ_️θѵ,https://avatars.steamstatic.com/9aaeb850daf1151545d7861d602854addfb53707.jpg,PE,9640559,0
1877464673,SOLO SUMANDO HORAS,https://avatars.steamstatic.com/eaaae66113d22f1678d72d49307555535bacb196.jpg,??,9640559,0
222189605,LiL Còrdova,https://avatars.steamstatic.com/410eee86cd778205462e09b9af43e05917037c0c.jpg,PE,9640559,0
194580679,El πchulon,https://avatars.steamstatic.com/5271097d620c587ed4a2a3fc0137fda5cbddf4eb.jpg,PE,9640559,0
157083198,Limón,https://avatars.steamstatic.com/d6426a9dffa7ae483ee6ca127645cac1fca7087d.jpg,PE,9806604,0
998122947,Ramsa,https://avatars.steamstatic.com/b08a08cb03c6910af806cb0a1c6dc5d1aa908e91.jpg,PE,9476603,0
366882489,BNJ,https://avatars.steamstatic.com/799ef41f09cfbb9c9da3885aceff900e228b63a1.jpg,PE,9476603,0
406544995,Wings.跳刀跳刀丶.bLink,https://avatars.steamstatic.com/0d489219399d7781f66f0badff154f317509e496.jpg,MY,9476603,0
1321529603,Mafuマフ.,https://avatars.steamstatic.com/f84b861da3aadaa317ab68c27021ee4966ca861b.jpg,RU,9476603,0
380613000,Kalashnikov,https://avatars.steamstatic.com/49717f4018aded1d8a585fb3bdf18b26702c1468.jpg,US,9476603,0
1051305409,S o r a,https://avatars.steamstatic.com/c9878eb3097c769001cc8fefb876acf016b92831.jpg,PE,5168070,0
191849854,JeoslaienD,https://avatars.steamstatic.com/59305ce329204cff4d0370a0ce4f1bd025758cec.jpg,PE,5168070,0
241703332,Artemisad,https://avatars.steamstatic.com/35641c55ffc09d49db64b3859a73beacd9ba2cac.jpg,PE,5168070,0
1296085021,28,https://avatars.steamstatic.com/cb5931f4410861028d4e112fb25be9fa104f9871.jpg,??,,0
208307175,TOALLIN,https://avatars.steamstatic.com/fdda04c61813269752d8e76bbbeee182edc34985.jpg,PE,,0
142938924,Sora,https://avatars.steamstatic.com/3befa186e7beb75ade9b10b73a0b4fe4344cc3a9.jpg,??,,0
851796453,Maybe,https://avatars.steamstatic.com/a02556828d79b7bd2e9d4c81438182e673c0ed76.jpg,PE,,0
470905340,Frio de Circoloco,https://avatars.steamstatic.com/a8f063dbb085b42997e3b1a17a1e89ae3703053c.jpg,BZ,,0
216317933,PP.Jax,https://avatars.steamstatic.com/e199e79c03213bb96de247d845a104e4d02fbab1.jpg,US,10075251,0
888790050,PP.Brix,https://avatars.steamstatic.com/e199e79c03213bb96de247d845a104e4d02fbab1.jpg,US,10075251,0
169605430,PP.Hawk,https://avatars.steamstatic.com/e199e79c03213bb96de247d845a104e4d02fbab1.jpg,US,10075251,0
383717510,PP.Koda,https://avatars.steamstatic.com/e199e79c03213bb96de247d845a104e4d02fbab1.jpg,US,10075251,0
217639563,QT.Cycy,https://avatars.steamstatic.com/2298eaab071deb5016d8af4fac774700d64cea7c.jpg,US,10075251,0
1213426347,VG.B33,https://avatars.steamstatic.com/993aff06ec048106bf8daaf1b7e4bc12acd4969c.jpg,US,10075106,0
298225766,LM.Trips,https://avatars.steamstatic.com/fe9acd5d5f000d2046fce2b2686cbe1f287d3841.jpg,US,10075106,0
191558936,VG.XgE,https://avatars.steamstatic.com/8e77acd906b0ca7f4903b60c795d5f9a05b9f8b6.jpg,JP,10075106,0
1111577879,VG.Grim,https://avatars.steamstatic.com/993aff06ec048106bf8daaf1b7e4bc12acd4969c.jpg,JP,10075106,0
411727525,VG.Whiz,https://avatars.steamstatic.com/8e77acd906b0ca7f4903b60c795d5f9a05b9f8b6.jpg,PH,10075106,0
125478196,SorrySorry,https://avatars.steamstatic.com/be5ef5b4fc414ed369a64973b85b2823846f94fd.jpg,US,10026281,0
1631089594,菲菲公主,https://avatars.steamstatic.com/8eb587945af43e336a1561661308e5ba5cf80ea1.jpg,??,10026281,0
1517143219,Metallic Mars,https://avatars.steamstatic.com/8590b43265f112bde317ae90a08455045192305b.jpg,??,10026281,0
117756024,エルヴィン・スミス,https://avatars.steamstatic.com/26a066ba03d7a201aea35d1f08220cb966394ed3.jpg,??,10026281,0
138539517,Land Stamp,https://avatars.steamstatic.com/0b89c29876684c592ba402384854892e9b9412fb.jpg,CC,10026281,0
177061558,VZ.Zyroth,https://avatars.steamstatic.com/12a3b813d63de9186ef28a9e68b6805bec5020ff.jpg,US,10075254,0
212527407,RD.Nana,https://avatars.steamstatic.com/9317e9409b1a2c152d714788abe0743a3c6df159.jpg,US,10075254,0
152478256,RD.Coco,https://avatars.steamstatic.com/9317e9409b1a2c152d714788abe0743a3c6df159.jpg,US,10075254,0
143828067,VZ.Nyxira,https://avatars.steamstatic.com/6e003a83c2b272630b6926a1b247de47f8c38ea8.jpg,US,10075254,0
391758852,AA.LYL,https://avatars.steamstatic.com/c401af4d52eec32c1c83712597375735b2b73b38.jpg,??,10075254,0
343975025,PP.trick,https://avatars.steamstatic.com/bb37869a81b3fc8a3eefa4131fd322684705d4aa.jpg,US,10075107,0
1726255477,SC.Golden,https://avatars.steamstatic.com/1354a12efb9ea60ee152cba662b8b5fe3b590fcd.jpg,US,10075107,0
145925357,SC.Taiki,https://avatars.steamstatic.com/1354a12efb9ea60ee152cba662b8b5fe3b590fcd.jpg,??,10075107,0
179598046,SC.Rej,https://avatars.steamstatic.com/1354a12efb9ea60ee152cba662b8b5fe3b590fcd.jpg,US,10075107,0
297634439,SC.Chi,https://avatars.steamstatic.com/1354a12efb9ea60ee152cba662b8b5fe3b590fcd.jpg,US,10075107,0
1054066720,And i'm trying to be sane,https://avatars.steamstatic.com/6f4fe88ef43e615451fbb7c6a1514157d1f2b7db.jpg,RU,,0
847836990,?,https://avatars.steamstatic.com/c263080c7fb6dc58e40c3d9207823cfc801843a3.jpg,LV,,0
177763156,meowmeow<3,https://avatars.steamstatic.com/9b0047b3612067b3a652dc26feef03846127f0f9.jpg,FR,,0
121472096,Sovenok,https://avatars.steamstatic.com/a6073a15c563646efa5599dd1a708d63ab3daf3f.jpg,??,,0
78967384,baldej,https://avatars.steamstatic.com/e912048603378a2f224fefbf8186ea72319cb9d9.jpg,RU,,0
223168818,iKsaGAM3R,https://avatars.steamstatic.com/8df3fbb9717a9433d4c709138700c25228676cb9.jpg,RU,10108268,0
1181830847,twitch.tv/h0pe_me,https://avatars.steamstatic.com/94910c65ee972223f744f6347e424f1a9a1e9e77.jpg,??,10108268,0
314933827,scion,https://avatars.steamstatic.com/716c44ba3bff3c9417f0a9fce0b78639b4c0d444.jpg,??,10108268,0
1532997110,Касамару,https://avatars.steamstatic.com/7aa1280a143e7c4b63175a41a406e87f94e6e5ef.jpg,UA,10108268,0
471065417,.,https://avatars.steamstatic.com/9099e944b82b58b7e990ab8e1305d654365a3afd.jpg,SE,10108268,0
232768515,я в бане,https://avatars.steamstatic.com/850e0ad405588add9714a17546713d6af045b08f.jpg,UA,10108719,0
124296325,Шiшня,https://avatars.steamstatic.com/a3c33e6baa14744d7e3a064604a0ead1d2ed7cba.jpg,UA,10108719,0
841292179,no mercy,https://avatars.steamstatic.com/38c1d9cb03f695b1a80320bcc2f4d6a74b633020.jpg,UA,10108719,0
114596500,never again,https://avatars.steamstatic.com/43fabbfa6c11fd44e0af1e21d9205d897accd566.jpg,GR,,0
80732946,dom fokken poese in my span jir ,https://avatars.steamstatic.com/de317a679fb4ab7b1bc437f7f167bfeb0168d8b2.jpg,??,10055004,0
123523049,"Press R, Win Fight",https://avatars.steamstatic.com/cc43864e16731eeabdf6838e4a0562f7c48716d3.jpg,ZA,10055004,0
258410531,soup,https://avatars.steamstatic.com/fa3d1433607914d6548abcf13a24cf148b528871.jpg,ZA,10055004,0
84703606,JK,https://avatars.steamstatic.com/089bbc88ccd0a9dfc1013783ae1a0824586fd591.jpg,RU,10055004,0
134093992,bee,https://avatars.steamstatic.com/3cd0067e2cf11f2220f838df02cad56c36845de8.jpg,ZA,10055004,0
286472178,苦しみ,https://avatars.steamstatic.com/960daeb6b2c7f3ff1764d63e11fbc3700cce3e63.jpg,UA,9886393,0
854172158,Pehas,https://avatars.steamstatic.com/8f032c525499ff3c8e41fc44b3d65755513c4cdf.jpg,UA,9775662,0
193220042,sensats1ya,https://avatars.steamstatic.com/f797e0f479fffb2ce0cb528fd6638518a0e87414.jpg,UA,9775662,0
1031945082,one time,https://avatars.steamstatic.com/022ad808b790e8b8046bc9e2a09e85ac11809efb.jpg,UA,9775662,0
193002997,Hedhog,https://avatars.steamstatic.com/96c9738abc4f4f6e56250d160af6f865f76ff4ed.jpg,UA,9775662,0
874506612,-Vision-,https://avatars.steamstatic.com/8cd7f9a9091ff23b8961f1c46ab22f986c271062.jpg,UA,9775662,0
1081047661,супер лёвчик,https://avatars.steamstatic.com/629619b838c40759ffb82a4047d5e2f394b65c97.jpg,SR,9273043,0
447093375,1,https://avatars.steamstatic.com/0f1cf65aa207ee2785d7900aae53bb615fd2fd26.jpg,??,9273043,0
200344093,Surikcen,https://avatars.steamstatic.com/c48b9378c122092c9bad392d0a27166f86965460.jpg,??,9273043,0
402962257,1,https://avatars.steamstatic.com/b6065eaf02dd5e12ef4c1cc089df18b88c38f942.jpg,??,9273043,0
1251218112,akiri,https://avatars.steamstatic.com/c34f1224bb8db959c6e84b2a620bc4f80b6305e6.jpg,UZ,9273043,0
255792241,Peppslock,https://avatars.steamstatic.com/5221c7a9bfde9dc045aeaf016565cda1dfd9be39.jpg,??,4461223,0
59924619,Carry Styles,https://avatars.steamstatic.com/f2d2ffb912ec6bf6bca7cca67d6f0c7e688bded0.jpg,DE,4461223,0
59927645,Captain.Balu,https://avatars.steamstatic.com/436a354e9856876e4b1656b2add5f5a2a2c50c4c.jpg,??,4461223,0
101400308,Monkey D. Drunky,https://avatars.steamstatic.com/5de530d0c0e199a935e3be6345a240e1b443df0d.jpg,??,4461223,0
80053316,Cpt.Jack,https://avatars.steamstatic.com/79b465d2e96086f9ba62715fc579e2bf3376fa73.jpg,??,4461223,0
181206215,₡ℝi℘.ฬคɭк,https://avatars.steamstatic.com/4cd3836a2498b9a69706cc8c138a6f78d439b177.jpg,IT,,0
168997198,Shadow,https://avatars.steamstatic.com/57a4ac0b6c1640f4d1685b79e63e6b0c98c79975.jpg,IT,,0
196830415,CrispLake,https://avatars.steamstatic.com/4b03851d231ae1cad6702d32013f6a457ade2684.jpg,FI,,0
1072552642,A$AP,https://avatars.steamstatic.com/75b853efedac65446ba89d68a1e8a2a6ac47ab6e.jpg,??,9766265,0
344860039,.,https://avatars.steamstatic.com/6a8453940e6f2c85bccb8364940c810a6ad537b0.jpg,US,9916928,0
1084267807,OxxxyMirana,https://avatars.steamstatic.com/9bb69dfa7faa5d1d9f0f9b005f8f01c4c221b67e.jpg,??,9916928,0
999373795,blaster of morals,https://avatars.steamstatic.com/23e155080d7eb38f01c2c6149047e4ed3ca3dc31.jpg,??,9916928,0
1039806830,yltra,https://avatars.steamstatic.com/d91e4153afba41de9d204ad65f04ecc8233a2931.jpg,JP,9916928,0
1238936121,Falsh,https://avatars.steamstatic.com/d84b44e323df52a39d066b5438367e9507a4791d.jpg,??,9916928,0
197175284,vozduhan,https://avatars.steamstatic.com/f1ca871c768353feceddf747aa51ba84634768e8.jpg,??,,0
285007970,птички,https://avatars.steamstatic.com/05526ac33fa795762d7d822a6acafbda60fe5de9.jpg,??,,0
1583338397,an41k,https://avatars.steamstatic.com/893758233b84296b8d0386401aa3548a62c33675.jpg,KZ,,0
130230492,Freakish Nature,https://avatars.steamstatic.com/99c9f0fa62c07117593d37b6683c89a06f0e4599.jpg,??,,0
74225941,Выжималка,https://avatars.steamstatic.com/a70426bb77d54167787d2c3507e47469f5f2a494.jpg,RU,,0
1719829554,ランプがおかしくなり,https://avatars.steamstatic.com/947cf2486623f53ab4cefdc56b1d88cebea09169.jpg,GE,10108712,0
171078063,feet enjoyer,https://avatars.steamstatic.com/f409d27309fe222304394feccd0a09a272cbf8c3.jpg,??,9455153,0
813015503,vmzrooes,https://avatars.steamstatic.com/f51d536c5891b50c11b6bad65984fb8552f3dec2.jpg,??,10040848,0
1478026573,v1zuke,https://avatars.steamstatic.com/711583e2801dafb40fd60147f3f122af8cb76fa3.jpg,JP,10040848,0
1902808255,BLACKPINK,https://avatars.steamstatic.com/f8665d8d2d8bf1667ddb7a374f739db4ede5f208.jpg,RU,10040848,0
1854392896,gandonio,https://avatars.steamstatic.com/862cfd6f1b0ef4cb47ba595b5bf1f0527093d22d.jpg,??,10040848,0
757569703,leprotic,https://avatars.steamstatic.com/1c58f66082f04c37b3b12b1fa276627ff75abb64.jpg,??,10040848,0
146023859,Kao,https://avatars.steamstatic.com/4e63b0254672aab75f7a44c5d5077f9d1dea1ce7.jpg,??,10102110,0
1789293567,Lazy,https://avatars.steamstatic.com/eaa6a47ca90276968cfceb709c213726ad972184.jpg,RU,,0
1673997704,๋,https://avatars.steamstatic.com/bd688b5a62c2020f844f0e05ff9203c2af067ee6.jpg,??,,0
398985712,f[f[F[ХАХААХАХВЫФЖЗАХЫАЗЖВФЫХА,https://avatars.steamstatic.com/cf521df3b9d0a1f906329a1c66d049ba538738fa.jpg,??,,0
356787210,#pddkid,https://avatars.steamstatic.com/83a7eecb59bda47a92561bf60b357a1671f89f56.jpg,IS,,0
1021279660,Chisakute oishii okami no ko,https://avatars.steamstatic.com/02c7b50103a1902d09f9754526ebab937b436174.jpg,??,,0
406092640,I ALWAYS COME BACK,https://avatars.steamstatic.com/dc5c1a8dafcea1770fc4d10b7952a5ad1861ebf0.jpg,JP,10034245,0
265416168,LFT,https://avatars.steamstatic.com/cf31e24995dc32b6e12937827e27dbedee204cf1.jpg,MY,,0
850487736,5,https://avatars.steamstatic.com/3a3788369a0e482040f589add2def43fb0203482.jpg,??,,0
120901780,Splicko,https://avatars.steamstatic.com/1e38c791763a2af1d51fb91ef710242265c8b121.jpg,AU,,0
153662397,z g d,https://avatars.steamstatic.com/6cd2d98fb6dbee04334eeea115f415b2c9741179.jpg,US,,0
235549078,ZUTOMAYO,https://avatars.steamstatic.com/d075ad75daec0edbd1b1387f2d527c874022ccb0.jpg,??,9885928,0
152095304,peanut,https://avatars.steamstatic.com/5de661b856ac81d0833e86a4cab8d4b5c88403b4.jpg,??,10108677,0
279734740,我依然是世一上,https://avatars.steamstatic.com/da9921b00e81b357380f45d4e51ee2c8022379e7.jpg,CN,10108677,0
399804216,чикаю залэпу,https://avatars.steamstatic.com/ee8ca9c26b51dd0df80c68502fff7a5d257df57b.jpg,??,9872558,0
1657135701,bad trip,https://avatars.steamstatic.com/24a9d819680cefafdb4bcdfd3ce44e1941afcd3a.jpg,??,55,0
98885811,BULLY,https://avatars.steamstatic.com/06c2b560ea7109a9767b555c91232f396081f9c7.jpg,HU,9872667,0
203351055,99%,https://avatars.steamstatic.com/066b6322a0871ae279f2ba21c2118a31f3ecbe26.jpg,KZ,9872667,0
111030315,JanGO,https://avatars.steamstatic.com/7da8bee5ef00f9e8437ea19fcb6b89bd3fca9217.jpg,KG,9872667,0
369342470,Rainy...,https://avatars.steamstatic.com/853d182cd572ac0b5f5d6d61bd13816bf5f1c506.jpg,??,9872667,0
856427829,.,https://avatars.steamstatic.com/ec15ce5baf6c10166da2822de7d1f4e444c52b64.jpg,??,9593609,0
1278386891,play more but still iq potolok,https://avatars.steamstatic.com/aa0b4bb8e7c50784b4f8a23283783ef21698b2b8.jpg,??,9026338,0
787761388,1К КУРОРТ,https://avatars.steamstatic.com/8331dcf4edfc53e7d7d81484b613a30ce7da2923.jpg,??,9026338,0
1907973300,Arpafur,https://avatars.steamstatic.com/7fd58f6a9ab650e46d9ebbd9b8874c348ba4b05b.jpg,??,9823250,0
1520989227,キング terry,https://avatars.steamstatic.com/faf95ca13f4b7f0f253ef6ab4a462a8b4765fa79.jpg,??,9823250,0
1576474214,побег из лоутаба,https://avatars.steamstatic.com/ad52c23621cabdce1216fa3a40632dcd2e8e70a8.jpg,KZ,9823250,0
176019821,Брайтон- 1.0,https://avatars.steamstatic.com/0ffbdb99df61e55bcbceef6de1661954d78bf177.jpg,RU,9032628,0
1216484449,qqqqqqqqq,https://avatars.steamstatic.com/ed2bc31169c58d34611b9505dbf10723261ca923.jpg,??,9063293,0
125429767,belial,https://avatars.steamstatic.com/2db01b34d3b82863e0e7fa6e91e2b0597be60b75.jpg,??,9063293,0
196482746,nia,https://avatars.steamstatic.com/83ec45029f31b72ff976a023557def37e7c7b2a4.jpg,JO,9895392,0
1674401460,>.<,https://avatars.steamstatic.com/d22f6b5b7d544c6ff140ab936b079aae7ccd8c12.jpg,SE,9054352,0
1036639380,YourAprilLie,https://avatars.steamstatic.com/fe43e1b0f452432aa8aa98419a3d400fbbbf9699.jpg,US,9054352,0
1276893638,Габор реальный че,https://avatars.steamstatic.com/f9b1a5dfdde05a85b48239e67bebc0ab33501c5c.jpg,??,9054352,0
1415129501,ааа,https://avatars.steamstatic.com/29bdfed069048f7ea879c140c3cb4c7ca9751c26.jpg,VA,9054352,0
1675506161,божья кара,https://avatars.steamstatic.com/a7858e6902e66f0144bc43cf8e3ad54d88a76237.jpg,FR,9054352,0
1583300284,jungler3pos,https://avatars.steamstatic.com/6944f397526b50008247606939a3f0149be793ad.jpg,RU,9162355,0
1051764466,em,https://avatars.steamstatic.com/1dec5e98edff503474af789eeea1e110e548e177.jpg,US,9162355,0
1218306459,SWAG,https://avatars.steamstatic.com/b284b1d0e1d3e0beb9a671d7b60423b52a754f79.jpg,??,9162355,0
1106196190,Sp4ke3,https://avatars.steamstatic.com/4cdae6036dafc66e1b5e2a57d4cb211006b23126.jpg,??,9162355,0
1217061603,дауби,https://avatars.steamstatic.com/30a6540389fad9a6e40157d751543c192a12ca1e.jpg,??,9162355,0
203539581,iMM0,https://avatars.steamstatic.com/181025648d801aa9bce17fbd7479459df5fc242a.jpg,RU,10040534,0
1297257895,Deexeen,https://avatars.steamstatic.com/4be7767fe105c4cfc0d7d0f67c73c42192c59fe2.jpg,RU,10040534,0
357018056,76.1,https://avatars.steamstatic.com/402324a99478f62194e5994a9ae2bdc4477070cf.jpg,RU,10040534,0
391417681,прости меня,https://avatars.steamstatic.com/252f9864447d54e80892c16e22516bde45f4e3b6.jpg,BY,10040534,0
929907015,Misteyk,https://avatars.steamstatic.com/820b55c7d2b11fbbce4f1ba5b7470b09f6611638.jpg,FR,10040534,0
381586406,CKAM,https://avatars.steamstatic.com/5b09de23a0b4fe76a1b522dec9c7e41164f0718b.jpg,??,10040534,0
1020708475,ЧУЧА,https://avatars.steamstatic.com/966afd3efcf815006948b1b477f8b434bc939144.jpg,RU,10040534,0
1329116251,reload reload reload,https://avatars.steamstatic.com/8e5edb6d542fa9af23b85ced293d07900ffadc42.jpg,??,10054393,0
1088485132,.,https://avatars.steamstatic.com/f8484c9fb6d8879e0ec792308213e67ccf835d37.jpg,??,10054393,0
1386556542,A$TRAL,https://avatars.steamstatic.com/28671f1b7e4446a580084b7dba7e769b576bb0aa.jpg,JP,10054393,0
1852696564,road to avice,https://avatars.steamstatic.com/db8d54cb731b8863bb7e9f92914ff32fa5d80eac.jpg,AF,10054393,0
1536230557,Саппортик >w<,https://avatars.steamstatic.com/5ed77e7154c9ff821f3058120607548bd697a455.jpg,??,10054393,0
190757470,S@Jl'BaDop$kuu'_KoWm4p,https://avatars.steamstatic.com/de9b92203c7e0ba9bd5dfc5104fc1aba28a0702b.jpg,RU,,0
101816835,KraЂ,https://avatars.steamstatic.com/8f1d125cebecd2ab6ab8917ad632000fe7af12a2.jpg,RU,,0
134385892,Попустило,https://avatars.steamstatic.com/e6fd518f874dd79985ac50344f9ec2e461fda5eb.jpg,RU,,0
996361109,-697,https://avatars.steamstatic.com/7d67e9e43c56b958c6326d582db8b2563b703cea.jpg,??,,0
102830200,ERNEPHANT18,https://avatars.steamstatic.com/185168a101662d4bc82370d4a2e9958fe77ab753.jpg,RU,,0
1032348798,Fight for the truth,https://avatars.steamstatic.com/99a24206ce46004b68d0bc5f95a872cdc009ca95.jpg,RU,10108230,0
1068405226,yzn1k2k€,https://avatars.steamstatic.com/4662a47275c022a76ec07507ff777c31f531e64e.jpg,RU,10108230,0
879835905,кизик,https://avatars.steamstatic.com/cd7842a612f251cd1dc61c9571e1686957be874b.jpg,FI,10108230,0
258516935,ФУФЕЛШМЕРЦ ПАКАС,https://avatars.steamstatic.com/506ad3d2cfa0420a34e098c8a982c773db95b22d.jpg,AZ,10108230,0
1521109229,всефидящий,https://avatars.steamstatic.com/055b14600325936b4bda3f2535b901ca0fafdd79.jpg,US,10108230,0
165986663,_ABH_AS,https://avatars.steamstatic.com/7ee7517655489e4dca12cece709d92a50973137a.jpg,??,10040534,0
793373771,Хасбуля,https://avatars.steamstatic.com/fab47618be2acf145176776de1912778a4f862aa.jpg,??,10040534,0
1583572375,прокуратура,https://avatars.steamstatic.com/905907f562c666637dd02553c6342b51e458fa6a.jpg,??,9012006,0
962301901,zero stressing only finessing,https://avatars.steamstatic.com/5be45f069de20fe921af2ff1d404a2c3d28d17da.jpg,??,9012006,0
1285847203,владелец трактор,https://avatars.steamstatic.com/e9439976b0bf16b2c7f5c286f8616d59e118b9ad.jpg,??,9012006,0
1089334278,Дима Масленников,https://avatars.steamstatic.com/fe39290a41baa7e3899f7a7affce97234e701a80.jpg,CH,9012006,0
1007841971,the allahkiller2007,https://avatars.steamstatic.com/c77a895222fe2a46dedf32db0fac2ac3c095bfc5.jpg,JP,9012006,0
28374516,kuba,https://avatars.steamstatic.com/67dd4a651358e8ef028bbaf5bf2c403fc0d16129.jpg,SE,10108233,0
1419845583,Masterpiece,https://avatars.steamstatic.com/ddcbc17788b8500787acda1fcc763fd2a16af771.jpg,CZ,10108233,0
1439980303,tearsonmyeyes,https://avatars.steamstatic.com/56941674ab4f8f5484bff4597d6baac058b23acd.jpg,??,10101292,0
1236324006,#OF CEO OF 2K,https://avatars.steamstatic.com/553a5089b322040621576df15aeff4ff9d1834e9.jpg,RU,10101292,0
342811255,Максим,https://avatars.steamstatic.com/005ee38d48c430580ad5e959eac7e8822653f4d4.jpg,UG,10101292,0
1415948708,яриндрей,https://avatars.steamstatic.com/659494fcfacc89b08da476f70404cb8699908cfe.jpg,??,10101292,0
221544657,Graf,https://avatars.steamstatic.com/c85dd76e866ade9b5b540d633dea37295cd676fa.jpg,RU,10101292,0
1861977502,TÆ,https://avatars.steamstatic.com/9bd5890761c1ca68f7ef81e1d619ebb156930e6c.jpg,??,10108195,0
206620207,Undertaker,https://avatars.steamstatic.com/fed658d0c87815efaa617f5589b62bf01ba2739d.jpg,ID,10108195,0
1035432571,No,https://avatars.steamstatic.com/ad88d69b99a05f7962e69f0e1f391af113d6a282.jpg,CN,10108195,0
168389366,MAGGNAROG,https://avatars.steamstatic.com/88a9bd78eccb43c9a6e16b663f14118f2cbe3f76.jpg,RU,10108195,0
170478430,ведь ты моё горе,https://avatars.steamstatic.com/fb64f0a83fc65ef93d63b94c5378426a557ff470.jpg,RU,10108195,0
291481680,в розыске #43,https://avatars.steamstatic.com/600a54e62405d2696730eabca74233adfd9aea7e.jpg,??,,0
1634060594,Tel Aviv #43,https://avatars.steamstatic.com/a0d563ac2bafe4fdda7b56f39a088330dec16bb1.jpg,IL,,0
918982152,ari_n3ko,https://avatars.steamstatic.com/fe332e38634cd74312ff7acc5613d4c72be0c918.jpg,??,,0
1537729779,З@дрот #43,https://avatars.steamstatic.com/03e4e613981912d1efc225a5c4e646ae8ddc9029.jpg,??,,0
1707907491,tryKanadu,https://avatars.steamstatic.com/83eea845c2422237a871ed78c65ee514c1e135e1.jpg,RU,,0
858106446,бездельник,https://avatars.steamstatic.com/34b5757a14edfeb083aa946bb9d2aa886e5d00f8.jpg,??,9895392,0
1183851019,Мэлстройность,https://avatars.steamstatic.com/8ed6dc348e202c8ad4aca14306f50a12e863c66d.jpg,??,,0
1473893800,SN. Navoz,https://avatars.steamstatic.com/6a3f8967697efbcc883b6338aa54c21fdcba6541.jpg,US,,0
1747837619,Akudama,https://avatars.steamstatic.com/b7066fb6ff81e0241bea7620e0bda9e06b669c13.jpg,??,,0
1116915549,SN. джигитлер,https://avatars.steamstatic.com/45e304940a8fa7f67022be8cf766965054be52bb.jpg,??,,0
1218783836,SN.MilBBlan,https://avatars.steamstatic.com/71c0bf363561e95feaf28e5f7d146440133ca1a7.jpg,??,,0
1746004230,SN.EgorStairsLarper,https://avatars.steamstatic.com/9a514308808234a02536dd03325ac98befb5fee7.jpg,RU,,0
1247874085,raylaze215,https://avatars.steamstatic.com/6d9ccd081ebf7ddbe73f672d210a5dd3320096bd.jpg,??,9988253,0
862815857,Y.V.,https://avatars.steamstatic.com/8ead239c4f370c184a8daad2cdbf0c836a686fed.jpg,??,9988253,0
1256834312,торонтотокио67,https://avatars.steamstatic.com/c4bcf2e9180d4f14f64c47794da2ce2b197eb6cf.jpg,RU,9988253,0
894585240,Lucker,https://avatars.steamstatic.com/07749ef66a3652d3c8498e6abca1de5325c8d893.jpg,RU,9988253,0
1195321326,Prollapse,https://avatars.steamstatic.com/a00c8273b28996a2d205f7e186ccf79877da9e42.jpg,??,9988253,0
296286252,luminarc,https://avatars.steamstatic.com/ab0e43f5b8e153d8f5022db45ab2da206d4cc6aa.jpg,CH,9554331,0
1122617433,Aruda_Takanishi,https://avatars.steamstatic.com/00ab2bde37dd7fbcfdffa56e93d533853c3bb09e.jpg,JP,9554331,0
259612048,писюнометр,https://avatars.steamstatic.com/2b977db277f3d0c5ff68eec91ba1601fa365ae47.jpg,RU,9554331,0
355479701,Kondrov,https://avatars.steamstatic.com/07b235d85cd222eeaf74c8c4db8ae1ea5b036811.jpg,JP,9554331,0
881982283,гарик,https://avatars.steamstatic.com/516e55e07b8a0773942dbb9c8cfc622d354ceb3a.jpg,RU,9554331,0
84425496,Tigaxollyko,https://avatars.steamstatic.com/b813b542731628fbde5fbffa938b0dc2360b5fe4.jpg,RU,6410706,0
1721136518,R1kune,https://avatars.steamstatic.com/db5ace4a24eee531475938b094d2f7db2dfe8cdf.jpg,RU,6410706,0
1141523848,oxtop1gg,https://avatars.steamstatic.com/1d7c637103f4819f409a6cd3d17bacccc66a403e.jpg,??,6410706,0
1101131969,Алисик,https://avatars.steamstatic.com/09a3318bf45d797b2a6b5ae9283b6dfefee17f4e.jpg,RU,6410706,0
1892899806,epileptikдрун,https://avatars.steamstatic.com/bc56e2a8622d43b44f45b23b958e43fe6bb9d551.jpg,??,6410706,0
1054486206,@distance,https://avatars.steamstatic.com/bfadc9f4e8d0a508d07914d2fd6a362492dfaa9a.jpg,JP,10108233,0
439722711,cutiecutie,https://avatars.steamstatic.com/078cf219f0c4cacacd10946f81569e72ec35e6a5.jpg,RU,10108212,0
1338530589,4KliNt,https://avatars.steamstatic.com/cf2eac578e2b96c12b6c4d2874343bfafbb9cf42.jpg,??,10108212,0
393879016,Lakeman,https://avatars.steamstatic.com/cda7710e491219c671b9292cdc4ec0773519a1f4.jpg,??,10108212,0
335492836,аморально,https://avatars.steamstatic.com/a13e023508c8752c274b60719dab6f4326f43125.jpg,JP,10108212,0
404202262,Свага Богу,https://avatars.steamstatic.com/5a98be147edf378748319dfddc08eec9673571b9.jpg,??,10108212,0
1229576502,logos_insania,https://avatars.steamstatic.com/9978d0fc182121ad37da16262eb3b304ed81540b.jpg,??,10054393.0,0
1539642725,Not in prime today雨,https://avatars.steamstatic.com/8006db54a285f6f839e1238798ea10aa4a5ca2b9.jpg,??,,0
867690400,love,https://avatars.steamstatic.com/d80d450cf0baf61ebaacf622566852ad60105604.jpg,US,,0
1147501829,死んだ,https://avatars.steamstatic.com/e67956458d8bd44ca9bd1b572f85c4878e654bf9.jpg,JP,,0
1511464566,Let me win pls,https://avatars.steamstatic.com/d931c99188970e529cc94f8cc3fdb94370e5dbbd.jpg,IR,,0
1332376000,the sun will rise ᛉ,https://avatars.steamstatic.com/48fc62ddd39e02038192662e50757759b3a4ff84.jpg,RU,,0
1298109041,CELESTE,https://avatars.steamstatic.com/892beb2a53af4309e1a892632288c274168b1147.jpg,VN,,0
167068574,日本の文字,https://avatars.steamstatic.com/3c8616d7b19e82f0dfd96cdf7b58c13bd0ef292c.jpg,ES,,0
1164807308,.,https://avatars.steamstatic.com/cdae1437e5133aae17e17590be6d221d0ed09c41.jpg,US,,0
1158729454,ЙОМАЙО,https://avatars.steamstatic.com/4e63328052c478e95fcd05767e4fb967cce2e8e0.jpg,RU,,0
1054900577,TORONTOTOKYO17,https://avatars.steamstatic.com/5a2e3f1ff2f0f4e703f68527315644c94c72cf0a.jpg,US,,0
1423008909,импотенция,https://avatars.steamstatic.com/3f507c9cf987f659accff1b6861786266f217ae9.jpg,??,,0
1700935707,Қотақбазз,https://avatars.steamstatic.com/cf94110ceb2afdc3a37e68f4b0a1632ed9621ec7.jpg,??,,0
1138385153,РАСТОМАН,https://avatars.steamstatic.com/e96648fce77d838675e75295fecf8a1112707124.jpg,RU,,0
1063823597,Ромка 666,https://avatars.steamstatic.com/1208170665848eb95c9b67a601f6952fa8f1c9b5.jpg,??,,0
1139326887,Вадим Павлович,https://avatars.steamstatic.com/55bd2917553c01a814823d7fc5641f058791fc21.jpg,US,,0
1187466548,Darknesss,https://avatars.steamstatic.com/25aa1828e7a7a54d6fd41efd057500ecdc25cbb7.jpg,??,10060924.0,0
1607246346,ts.Zafe,https://avatars.steamstatic.com/c2cc71845c1a85ad093aae596ac1bdc09bb3e693.jpg,RU,10060924.0,0
1836639409,swiftyy,https://avatars.steamstatic.com/d64c990f2d54a18bf469573643163d729f909ca5.jpg,??,10060924.0,0
929209072,YT: DeathKnight,https://avatars.steamstatic.com/91c9619e5d9963b4bc2012be9b78d469531f4771.jpg,??,10060924.0,0
830911024,Kk,https://avatars.steamstatic.com/fef49e7fa7e1997310d705b2a6158ff8dc1cdfeb.jpg,??,10060924.0,0
1583018237,устал выйгрывать,https://avatars.steamstatic.com/cd156e46f252f5e1463aa6604c2e5989a006c4ae.jpg,US,9833894,0
1556057123,сын бляди,https://avatars.steamstatic.com/a560bc373de635f4487e4c5d18a8c17abefa0b3c.jpg,??,9833894,0
1208213610,percocet/oxycodon,https://avatars.steamstatic.com/18bbb8f00df67628cf86b214cab70a0d2949727e.jpg,JP,9833894,0
122466954,RemoRi.-SuroOs51-Aneex,https://avatars.steamstatic.com/aceacbcfd93fbc1ac239879be7a5191e149671b9.jpg,CN,9833894,0
1260024230,make Leha great again,https://avatars.steamstatic.com/71af49d23d4c938cb46a839f3c4e09da4f4feb3a.jpg,NE,9833894,0
800982197,sixseventh arrancar,https://avatars.steamstatic.com/5091fdf8f4a92b2df98819ca12c91885893e853f.jpg,RU,10060588,0
850675448,hoolio,https://avatars.steamstatic.com/60dd77281e8d467fdad5990c6051c57706c5ed82.jpg,TD,10060588,0
777236115,"сука на шмотках, она слушает ск",https://avatars.steamstatic.com/0cf399d2a9c17feb95be88fab2b06bd48204ab14.jpg,??,10060588,0
1551503739,syndromelazy,https://avatars.steamstatic.com/23f6df4597bcf4e8b83b5b4c04e71d4dce08deb6.jpg,RU,10060588,0
1922454493,спать #blessxd,https://avatars.steamstatic.com/5ab3fff6464425f3ff2e63039d5bd1d99a7241a9.jpg,CN,10060588,0
791533172,JIuCeHoK2,https://avatars.steamstatic.com/fef49e7fa7e1997310d705b2a6158ff8dc1cdfeb.jpg,??,,0
971401555,Lukersha,https://avatars.steamstatic.com/33523d1649d164fbdd3ab501bdc2a6b932996fa5.jpg,RU,,0
92047309,Kolyan_43RUS,https://avatars.steamstatic.com/0455299f884fdd75e7e299b0ce0aeb796b398f9b.jpg,RU,,0
62588261,онталогическое п,https://avatars.steamstatic.com/fef49e7fa7e1997310d705b2a6158ff8dc1cdfeb.jpg,RU,,0
1525063318,muhomor,https://avatars.steamstatic.com/9b216327c8b94f14718de28728553d0a284b058e.jpg,??,,0
107900333,Dj0KeRtv,https://avatars.steamstatic.com/48e45f05f9364fb1d6dd54912788ae347b786bb2.jpg,MD,,0
1137897347,quds1x,https://avatars.steamstatic.com/ee5d5114bceef47de0637712e203579ae148e060.jpg,BW,,0
1453647702,FlaR1u,https://avatars.steamstatic.com/4192d899c7d51782a1d05d9cbbe61156e62845f1.jpg,??,,0
1447263946,икра с креветками,https://avatars.steamstatic.com/ceb2c210d34765b6280e99c85087ba9551c4de2a.jpg,??,,0
1514210184,цирюльник,https://avatars.steamstatic.com/916207d39e8a649157e45f0f2fba88318b4a26e9.jpg,??,,0
815329736,Mr_Chyrka000,https://avatars.steamstatic.com/d473fddc38f6d7914b2ca7bef51a91ce49db8afd.jpg,??,,0
1789060645,импотент,https://avatars.steamstatic.com/cbda8a543fe2b133c91a8deabe07a1eedd243ea0.jpg,RU,,0
1755662969,L1mon,https://avatars.steamstatic.com/86fec42512105ae6efb1a1064704bc498ad97018.jpg,RU,9878122,0
1180794800,ярик подпиварик,https://avatars.steamstatic.com/96644d77fc490283155a93ec96f4ec2ffdc5bcae.jpg,??,9878122,0
1681460814,Hex,https://avatars.steamstatic.com/bd770738363f9e60b91f21870d2d98b1892c0731.jpg,??,9878122,0
225024894,M3ow,https://avatars.steamstatic.com/12bd3ad949939062c379469a2ba96315d7ebbace.jpg,??,9878122,0
878486251,...,https://avatars.steamstatic.com/e46661eb807fa5af70c17125b60b6ac29dea64c0.jpg,RU,9878122,0
1235409152,De4o,https://avatars.steamstatic.com/db62a9ba49d531170338507de39218e405c35509.jpg,US,,0
1783361315,антелопа,https://avatars.steamstatic.com/fa9236ce08d278f8404e7cd333ca94710ea604da.jpg,SE,,0
970539473,котакбас,https://avatars.steamstatic.com/0b739fa5abce839ec45135b9076d00b04df4361b.jpg,KZ,,0
1571660705,wersight,https://avatars.steamstatic.com/4f4b9670e148ae29932138b6739b2229f91780ae.jpg,??,,0
1554631821,wang,https://avatars.steamstatic.com/620778d0cad0ef08c9eb9482d1beb38227008346.jpg,CA,,0
803490366,PapaRoach,https://avatars.steamstatic.com/40e8d4659bd5fdca8bf675b75789401b8d4d94cd.jpg,??,,0
1092432905,Jeffrey Epstein,https://avatars.steamstatic.com/f1c2d249ff34ccd64a71102b93f930bceaca7018.jpg,AE,,0
1508738151,ЯGOR KREED,https://avatars.steamstatic.com/554c63c5fbffc06fc97b8549f3a670e8324b827e.jpg,IT,,0
797657382,papvwe03,https://avatars.steamstatic.com/fef49e7fa7e1997310d705b2a6158ff8dc1cdfeb.jpg,??,,0
1427414927,DissimilateXD,https://avatars.steamstatic.com/462887fec5f4edffbca15f2d0ae8412b8381656e.jpg,FI,,0
1146998231,Король Уебищ,https://avatars.steamstatic.com/731a6b038cc50d8e994198b3c5e2c2a27eaa7393.jpg,??,10097359,0
1147108354,неТ,https://avatars.steamstatic.com/9e0999e9941943fd62a27543d345df303a9d2f0d.jpg,??,10097359,0
1685299628,ядрëна шЫшка,https://avatars.steamstatic.com/acbccfb722dc5ccecb750154c18baf4d184ca259.jpg,??,10097359,0
990226041,Lovely super cutie baby,https://avatars.steamstatic.com/72ddbaf2708ec425b718011bf5609b1b012b767a.jpg,??,10097359,0
1282595453,私を一緒に地獄に連れ,https://avatars.steamstatic.com/c9d1e7a83852eedeabd6d2322e10b7343b269d24.jpg,US,10097359,0
1059448007,Develon21,https://avatars.steamstatic.com/4df3792dd0f47bba38164a435c27e04f56c841ff.jpg,??,,0
1011788948,808,https://avatars.steamstatic.com/1b8debf9fba5cb7868280d07c19b56963577d450.jpg,JP,,0
299684897,allynhell,https://avatars.steamstatic.com/a12f11444f6ef01c9a3887263f3ecca804aea552.jpg,JP,,0
1459173380,sadness,https://avatars.steamstatic.com/76701689dada32230b33c1ace87c25d3b4d29a93.jpg,??,,0
475904170,HolCake_,https://avatars.steamstatic.com/3f5e9daea59216d7fe13df4e031d3537580e5e21.jpg,??,,0
1006793703,Добровольный снег,https://avatars.steamstatic.com/8e35febabe9d443c16b9cb996dfad3102f69bf25.jpg,CC,,0
984188730,chainberst,https://avatars.steamstatic.com/86f6ccbe2038bf72226f0b588184c54e1d8101a4.jpg,GE,,0
1137023920,Who decided that?,https://avatars.steamstatic.com/2e13f1dc7f78b2644518dabe0c71279f7d8b90c1.jpg,??,,0
1537346592,Димас продакшн,https://avatars.steamstatic.com/533a41a64c7c13d2a33677e7f52e01086e3601c2.jpg,CC,,0
876638164,джодж,https://avatars.steamstatic.com/bf42d09790bdab0c5bd3b9276db44a118aa9574d.jpg,??,,0
1864731506,76561199824997234,https://avatars.steamstatic.com/fef49e7fa7e1997310d705b2a6158ff8dc1cdfeb.jpg,??,,0
1301068445,сахарный суслик,https://avatars.steamstatic.com/e937094be76c1d85d9e44c578e559471931c8e6c.jpg,??,,0
1083226526,-kaaoryy999,https://avatars.steamstatic.com/4aa7bd65ebf5a8e068f3707c0a34cd156918009e.jpg,MA,,0
1088931568,:((((((,https://avatars.steamstatic.com/56c22c87c515456c2c16b41d37fa87d0fef3e402.jpg,PT,,0
1018747232,#Талант,https://avatars.steamstatic.com/2209b909b4faeb095565de06b7b0f5477a381a2a.jpg,FR,,0
1591960873,123321,https://avatars.steamstatic.com/4ee29f5e64fa30dbc2c351fe7812641589a003a2.jpg,??,10108153,0
1254165286,колбаса,https://avatars.steamstatic.com/b8b357f2766f8740727885f077d09d75e044c4af.jpg,??,10108153,0
1520545442,Дурак,https://avatars.steamstatic.com/f9e4d574ba2951cec0e84388be5191731f6089d4.jpg,US,10108153,0
1072676877,whatever☯,https://avatars.steamstatic.com/69b211ed1270358fc84de1f3b8e4fa478c28a585.jpg,ZM,10108153,0
1122909357,penis?,https://avatars.steamstatic.com/9cd9737804d8477f45a2c77c7b21be16ecc6d9ad.jpg,ZW,10108153,0
259805771,Веселая Жабка Ник,https://avatars.steamstatic.com/1e59236b7a3238f885e5ad1d1f0cbc17c3aa9132.jpg,??,,0
1723114770,quakeツ,https://avatars.steamstatic.com/622504e18b8670d2bc2285e894c17a95f00d4e2f.jpg,JP,,0
1515916739,Epileptick1d,https://avatars.steamstatic.com/9916c46d5e6861ca189babf067ebd2c2a91560ec.jpg,RU,,0
1221773075,я пьяный?,https://avatars.steamstatic.com/c1e55d3b97f55468e22187cc26916182535bc8c8.jpg,PY,,0
1850053929,menchik_,https://avatars.steamstatic.com/fef49e7fa7e1997310d705b2a6158ff8dc1cdfeb.jpg,??,,0
1612814702,чеканэ mentality,https://avatars.steamstatic.com/a6f32607df69d31939f435389277a668676de7fe.jpg,CN,,0
1329454044,Ove4d()se,https://avatars.steamstatic.com/4665478a14388b70ce76c2d351fa496bc7210add.jpg,??,10094706,0
1091179985,махнатые изделия,https://avatars.steamstatic.com/01aa3d094b8316879f9dca0fa8e9bf9806725a74.jpg,RU,10094706,0
1108167996,#FREE_MORGEN,https://avatars.steamstatic.com/c99c89dc5102441b93326c744e5e833833509ce3.jpg,CA,10094706,0
1190924096,UMPA LUMPA,https://avatars.steamstatic.com/4f353d385a945697250c6f32207beac98399363b.jpg,RU,10094706,0
902232173,БОРИС ЖИВОТНОЕ,https://avatars.steamstatic.com/663a25593e1e1624df6234119be615e8e4a8fb79.jpg,NE,10094706,0
1176145421,yungsurf,https://avatars.steamstatic.com/09c9a309944bacd763483d989d08f0a08ec758ac.jpg,AZ,,0
1137253948,suneater,https://avatars.steamstatic.com/ba97fc43573ff2b4a7df51792fcd156cc7e55737.jpg,??,,0
117898424,Undertaker,https://avatars.steamstatic.com/0644737d21ec18ff25e1a10731139070af068971.jpg,RU,,0
90948829,отечественный лударь,https://avatars.steamstatic.com/ca2713e7e2320fba2644b673b1725d986fc3486a.jpg,??,,0
171689178,Tokyo Ghoul,https://avatars.steamstatic.com/759af36c3d873a5f53ce01375dbd8502e3902acf.jpg,??,,0
100922512,ToXi,https://avatars.steamstatic.com/21545f479b275ddc30a27a7523764225bb9b60e8.jpg,??,,0
909421204,destroy,https://avatars.steamstatic.com/89f881b4dd0ef9de5fe3bf74344cff4b8add5b77.jpg,PH,10102123,0
1168943616,поправьфейс,https://avatars.steamstatic.com/ed8a15ab65e5cefb84b24726bccc8bf5cfc46d06.jpg,??,9026338,0
1026120293,Ублюдок принц<3,https://avatars.steamstatic.com/6883c11c9ed3e47f26c4d36f17165014a25be164.jpg,FI,2599202,0
1770526699,w_w,https://avatars.steamstatic.com/2c6296391c6bef4d6cc5f1aa773516e4d5b6a487.jpg,??,2599202,0
976527666,владислав#2k16,https://avatars.steamstatic.com/3a35bb5b0c3a0db2d727bcf76dd659c0de54b86e.jpg,RU,2599202,0
260672720,Лёха,https://avatars.steamstatic.com/a2c8d32661769f2732a60db4b28e302310c49400.jpg,RU,9026338,0
190100004,Шишак,https://avatars.steamstatic.com/76e8ba00c7d4813296bf79dfd305ea97d4ace79d.jpg,RU,9705459,0
81991034,Киберспортсмен,https://avatars.steamstatic.com/e0564dca0893b879375ddd9026708ad054f3e4f5.jpg,RU,9705459,0
766199892,mariachi.,https://avatars.steamstatic.com/1bbfb0bfd90d7837b7eb3d88ea449c94c217b8a5.jpg,UA,9705459,0
214853734,Кибершлюха,https://avatars.steamstatic.com/3b97688922cc26e0cf8fe6dc09adda631bfe7843.jpg,RU,9705459,0
159020918,🐦‍🔥,https://avatars.steamstatic.com/f272edaf30651c060e12562abc4b7ffc597a52ab.jpg,AM,9705459,0
155056441,`,https://avatars.steamstatic.com/19233f5be8adf257b22fdcf7f74b62205b6711e7.jpg,BY,9705435,0
241501414,пустой,https://avatars.steamstatic.com/ccd4d152a730220619c7d41c4a65bb61c4fbbfbf.jpg,??,9705435,0
154921394,modern~,https://avatars.steamstatic.com/3c82b298aa948b08c589623f4108d2cb5f5d6991.jpg,RU,9705435,0
181947989,Fruktozka,https://avatars.steamstatic.com/7313d6398e1bc06ed0fea5a24a027a49d422fd25.jpg,RU,9705435,0
1057776020,scarecrow,https://avatars.steamstatic.com/78454e4cc07e0ae52eae123803386b3455ff7a7a.jpg,JP,9705435,0
1883781021,я болею аурой,https://avatars.steamstatic.com/1bd81393a8bc06b0ed8a87ec0a7072b47b5a2fd3.jpg,??,9455993,0
481509978,miniliska🎀,https://avatars.steamstatic.com/8ccb3571251bab2b02e8ef83362194ba06f78214.jpg,RU,9823250,0
1768366638,67,https://avatars.steamstatic.com/2c2216c09dd041cc3c375a38ec60d8202c5a65af.jpg,RU,9823250,0
1253831730,<:uq,https://avatars.steamstatic.com/855b4217231275ef94a951a791ed6688d47fa0ec.jpg,??,,0
137648976,CC,https://avatars.steamstatic.com/d1c7378d7759df889c114089114d250912d86b23.jpg,CN,,0
201322812,骤雨落宿命敲,https://avatars.steamstatic.com/79698323c5d1bf94c0344a848fcf2d72f4a82d98.jpg,??,,0
194800812,.,https://avatars.steamstatic.com/2cd032b17dd941eef414d9906b80b7b5c76f61ad.jpg,CG,10047415,0
256653672,rtz,https://avatars.steamstatic.com/3b90a6522676cf0a82b4db70ed85e842b3ebaab1.jpg,??,9780969,0
1606908008,你們都下地獄吧,https://avatars.steamstatic.com/7b6e2f5f6067dd63a5fae9941f568692e4c17afc.jpg,??,10067679,0
873619049,9gRam,https://avatars.steamstatic.com/0918560e5c21004b1ff2b035fab5fc83dd2ae4f6.jpg,RU,10067679,0
1080703611,D & C,https://avatars.steamstatic.com/1fc1bdf8a297b353020ba022702142e0c9f8d38d.jpg,??,10061609,0
206097366,позорище,https://avatars.steamstatic.com/5a88a4663a34fe4859ab641204e8800e2c82a87a.jpg,JP,10047709,0
323131650,//,https://avatars.steamstatic.com/2bea352ee7560d2342194407d4f8f259674f6279.jpg,??,9956358,0
150862738,Giyu,https://avatars.steamstatic.com/290daa5a4f1f4d928f2319f116c46af237fdd477.jpg,PH,9917087,0
186577691,Jupiter,https://avatars.steamstatic.com/d2b2fa08d1f61ea8cf8411e60a5fdf3991cc4680.jpg,??,9444076,0
859505832,kiang,https://avatars.steamstatic.com/e603d46f820374cef6de4bc95678b7ce841317e4.jpg,CN,9886289,0
137272985,逍遥未满,https://avatars.steamstatic.com/c5cba6527ca9c87a49921562388591a80c2e8136.jpg,CN,10101464,0
257945712,苇名,https://avatars.steamstatic.com/5f43abe2760b2d54fa897ac26e412395ff5ba26e.jpg,CN,10101464,0
97822451,THEFASTLIFE,https://avatars.steamstatic.com/79a55d85b6902d65e8ed008840eda57efebe16bf.jpg,??,9865903,0
35127887,WD.Javi,https://avatars.steamstatic.com/05b3afe4e5a231762889931a834322bdc3e2971f.jpg,??,8936613,0
370736080,WD.Darima,https://avatars.steamstatic.com/c2fe9bd0a6660ac4dc8a59f49c0b0b80c1cd6f7c.jpg,??,8936613,0
1675168076,WD.Kalanno,https://avatars.steamstatic.com/5908070b27302e116fbb12aaa1e2cf9a46ec7eb3.jpg,??,8936613,0
1674133168,WD.Nyac,https://avatars.steamstatic.com/cdd0aa3baf93ffbfc12c968872f1aa4d1fefb90f.jpg,??,8936613,0
153638376,WD.Hellen,https://avatars.steamstatic.com/b59624d9f12d960dc1ade431e7479dbd5bdb506b.jpg,??,8936613,0
1128673627,badcompany,https://avatars.steamstatic.com/c763c59ed75ed1f227b1e39383ce7539fcbb0b56.jpg,??,9579754,0
350296466,Baki,https://avatars.steamstatic.com/ae0f98ba001ccd54b0f32874a3ffed6d181f3acf.jpg,US,9729268,0
1079690340,god blessed,https://avatars.steamstatic.com/e99e3f8ba60d7e6653ee57348f91a5c7b088165a.jpg,??,10088400,0
433008412,摸摸怪,https://avatars.steamstatic.com/1bb951b5eacf1e5328c2ecb7c32afed062726a12.jpg,??,10101293,0
1043992024,Niz,https://avatars.steamstatic.com/37fafb21cdc40c0aaa7d2bbe58ef0729ea7c3b74.jpg,??,10101606,0
155430086,哫誌茤哞,https://avatars.steamstatic.com/a3b6bd20392e65700c2cc1030dab5aebc41198a2.jpg,??,10101606,0
121791324,桐生一马,https://avatars.steamstatic.com/1c760da8bd194cbcc253a879097ecdb06f653388.jpg,CN,,0
171553343,您又是什么东西呢,https://avatars.steamstatic.com/fef49e7fa7e1997310d705b2a6158ff8dc1cdfeb.jpg,??,,0
198311919,阿瓜酱紫,https://avatars.steamstatic.com/139a5e6970eb50300e27e774c5359dbeece028ba.jpg,??,,0
324337313,666,https://avatars.steamstatic.com/6eed80986635e90b581632f7dac5addbe80c46a7.jpg,??,,0
240778278,JH-lemon,https://avatars.steamstatic.com/01c778b0faebc69d5d8bff47254a99a59de61a5b.jpg,??,,0
237133438,夏日老弟,https://avatars.steamstatic.com/f48387b39178bb5e3a498bde116fd321f3c7e141.jpg,CN,,0
960351115,一九八三年小巷 十二月晴朗,https://avatars.steamstatic.com/be1291ffcb11880403ea6675232a5ad66dce5bfc.jpg,??,,0
122586792,灰原 哀,https://avatars.steamstatic.com/b4dc53156b90583d3106dcd87d664d67c940ca53.jpg,CN,,0
136721464,一望黯销魂,https://avatars.steamstatic.com/d4bb6e5e3fa5485cc343b131c23bd3c9f6180aea.jpg,CN,,0
891408693,Dokidoki๑,https://avatars.steamstatic.com/6122b362d51633d95097538a9ce38d3e265186d1.jpg,??,,0
260164295,传奇机长大年糕,https://avatars.steamstatic.com/cfc13c1e2738f2a52bf2592a0be376f8304201c2.jpg,??,,0
91991896,RadameZ,https://avatars.steamstatic.com/4e836b0cd7f647f6d28d011413eed8df99996046.jpg,EC,10039783,0
122718146,404,https://avatars.steamstatic.com/71dbb648cec4e3b490954b3438842962c28e9a5d.jpg,CA,10039783,0
106968950,Ender 1v9 MODE,https://avatars.steamstatic.com/16cbbb01f234b60abcd3e5372a2be645261311f6.jpg,EC,10039783,0
196515905,Sk.,https://avatars.steamstatic.com/dfc7df26a85861546849071ce1a3eb455e7a5a08.jpg,EC,10039783,0
106362295,PECHAN,https://avatars.steamstatic.com/b8377a72f4e80ddf0721b0dae2663cfee4d2ff7d.jpg,EC,10039783,0
864488736,EUROPA RANK,https://avatars.steamstatic.com/b49b8a55ad06987391bf25518393403121c57eb6.jpg,EC,10081473,0
989816879,u see ?,https://avatars.steamstatic.com/a08c79ee282bcdb4265243dabbb54543d257e7f2.jpg,US,10081473,0
383404666,zamuel,https://avatars.steamstatic.com/2f01fdd093ea9a942c63265fc7c026cab21caa31.jpg,??,8080754,0
992727196,BoO,https://avatars.steamstatic.com/f6ec931f1b481d9ef1e2b7c84893b0c54fcfe6b5.jpg,EC,8080754,0
331855530,Preacher Man,https://avatars.steamstatic.com/ecf7db47b7c4d7232a3451e6e051b7e6bd0e30e1.jpg,RU,8291895,0
921357788,fearfearfear,https://avatars.steamstatic.com/a112e17961873f358218abe6016d1ea5a5727371.jpg,JP,10094688,0
1841560120,господипомилуйменязамоигрехи,https://avatars.steamstatic.com/927ebd5932908fc5b30954e4f71106c2688243b4.jpg,??,10094688,0
1295846196,я проберусь через тернии к звезд,https://avatars.steamstatic.com/88ae4b87dc5ab3f29739510b0727ab01f0c061f0.jpg,AF,10094688,0
257464840,Sintezy,https://avatars.steamstatic.com/c7ab46d0cc8b46b038676926a6af2ed204c2db5b.jpg,??,10094688,0
325436404,Plureph,https://avatars.steamstatic.com/abe24b62ae8c56d76902d284dc6b22ab74f93264.jpg,JP,10094688,0
332680144,averno,https://avatars.steamstatic.com/04e8d3dc46f32de312c45f6ff5cff5de5df90aa0.jpg,ES,9554331,0
343010420,Трусы твоей бабки,https://avatars.steamstatic.com/a4831071d03dcd8e305e80545af1d7e26c5cf46c.jpg,RU,9784901,0
857014612,abysswalker,https://avatars.steamstatic.com/c6c0931daa01b94d1289b9bafd349e61288ecffa.jpg,??,9784901,0
381386546,Kha-Bel,https://avatars.steamstatic.com/7c228058b331bcf480350514e107bd27e6fe4aa8.jpg,IT,9784901,0
126281867,ЗАРУБА ЯРОСЛАВ,https://avatars.steamstatic.com/f05190e656f2368807771f9d12c5bb1f04ffbed9.jpg,RU,9784901,0
361380809,#ЛЯШКИВКУСНЯШКИ,https://avatars.steamstatic.com/0759db3a5890f099669acacfcf95d6f9847548b7.jpg,??,9784901,0
227538875,ʌnןɐuuɐʍ,https://avatars.steamstatic.com/cc62dce8d032b81c5fc4dd552a7ce326af578f7c.jpg,??,9887333.0,0
1008098749,Люблю Даню,https://avatars.steamstatic.com/84efd524e341d468fac0aed1386839e8b6d9d89c.jpg,RU,9887333.0,0
391037453,lexus,https://avatars.steamstatic.com/7ccf6d876fe15484821866f1d7196b993f56c901.jpg,PL,9887333.0,0
350244162,did i scare you?,https://avatars.steamstatic.com/b50522b23108d94f5fbb81c74bdb6287b32da49f.jpg,PL,9887333.0,0
308995275,dragon age,https://avatars.steamstatic.com/e2b27efbfe4e286d9d11eb507db7c87a9e0329f8.jpg,DE,9887333.0,0
1113920792,2poy,https://avatars.steamstatic.com/ee0e6adb9c075b0b40cbedba2f8699d1c040ca6c.jpg,RU,,0
1616631841,GG | A3g1s,https://avatars.steamstatic.com/2170bad9878004d06535c2b775f5c288b9b6d419.jpg,KZ,9964991,0
1189562509,lin anya,https://avatars.steamstatic.com/b97e8010721c7fb0d29549978bdd4806b6283130.jpg,US,9964991,0
1681834659,Алексей Вальгам,https://avatars.steamstatic.com/e51743cc76fac08b3f6952abc0d02076ed4a1cf6.jpg,PM,9964991,0
1328623606,regrets,https://avatars.steamstatic.com/b8a2ace6cc5f47271a180a3cac768ca10b4f493d.jpg,HK,9964991,0
853155159,Morkovka,https://avatars.steamstatic.com/fde2cb7f441d4f60c330e035361f7fbd8e42746b.jpg,RU,9964991,0
1521740524,прохор,https://avatars.steamstatic.com/794ad3269e9d50125e67dcf45dfe6790b3487ec2.jpg,US,,0
106600167,YoungHumancy,https://avatars.steamstatic.com/1191c81a57194f64acfcda94f0fd0cb94e92eff7.jpg,CA,3333605.0,0
1042085971,воздух666,https://avatars.steamstatic.com/3c571c968b73644b63b50a1a5fea9cb0778bd601.jpg,HM,,0
302057523,Ghost,https://avatars.steamstatic.com/d98d2e1ceba491fe71db554ed887aa3e42246657.jpg,JP,,0
1446598902,diskret,https://avatars.steamstatic.com/148ff422f2245ab66abfeabf3f7506861d6b703b.jpg,??,,0
1138259734,so hhj,https://avatars.steamstatic.com/120f115f597307c05d32ff02ad727855fff888f3.jpg,??,,0
167009250,Skorpion,https://avatars.steamstatic.com/c292452ae8e41d1e0c187e67a083ffed7eb9027d.jpg,RU,9225524,0
438262783,Пьяная белка,https://avatars.steamstatic.com/8314cc37ae80a9fd156742027c4aefc8a9bf5372.jpg,??,9264050,0
1569651396,2k main,https://avatars.steamstatic.com/447ebeb2e261c45b13f35014c946c6508339ad62.jpg,MN,9264050,0
1005598794,Peerless,https://avatars.steamstatic.com/bf7150a5dc24a4dd22ca9f16ca5f8b2e61fe2ec8.jpg,??,9264050,0
1177102875,West,https://avatars.steamstatic.com/48837c081f323597781dfa05a83db05d81101a73.jpg,UA,9264050,0
150089732,Добрая морда,https://avatars.steamstatic.com/03e280b676b4a59751ecf41ebad4beeb4eae7875.jpg,RU,9264050,0
1731468888,GL!ST,https://avatars.steamstatic.com/fdf41eed46ac576d8c526e876bc9e87236904218.jpg,??,,0
1820002391,Даня немытая жопа,https://avatars.steamstatic.com/f3077bf144de5a8ff2475ec991de346af1681036.jpg,??,,0
1135227906,Golbbe,https://avatars.steamstatic.com/910ccda4e58397cb0fe9f8eb29700b7c03fa9be7.jpg,??,,0
1538228247,Шишка_,https://avatars.steamstatic.com/b8a6f62b8b7bd48279016ddb5616f9a555b0cf5d.jpg,JP,,0
1827875217,artem,https://avatars.steamstatic.com/0620477267cab23c42640ac29f9a68fe681d3f7c.jpg,RU,,0
1619506387,васян aura,https://avatars.steamstatic.com/4f20a2a25a2c5ec38a7f1e03df026021eee0dd6c.jpg,??,10101336,0
1069047028,80SS,https://avatars.steamstatic.com/18942e7ba66c6b0bc23b3a1c1cf9f2e5a846e2cf.jpg,JP,10101336,0
1459768234,VIPBOSS,https://avatars.steamstatic.com/6dd6dde84e55d49f36cb64f50c372b8a9757ebe9.jpg,??,10101336,0
458891613,данил колбасенко,https://avatars.steamstatic.com/7017298b69bbe182beee8983402a78299dc96c17.jpg,CG,10101336,0
1066096242,Sk1Ge,https://avatars.steamstatic.com/ee8273ed00763dff7a9cf67bc674ed63be0be47f.jpg,??,10101336,0
1215471956,ares,https://avatars.steamstatic.com/14d042036022d1cd488ce7ad6e646fc6ad4e20bc.jpg,??,10040773,0
1215042875,;J,https://avatars.steamstatic.com/0398a6a4713d0ee99db4c7cdc54644886e53ee02.jpg,??,10094686,0
763440538,факуля,https://avatars.steamstatic.com/f5bd64ee89f1ac2ef190750074572432f6771f2f.jpg,??,10094686,0
327772396,bsdsdfaslfsdag,https://avatars.steamstatic.com/990ed7004a013624bf798818a989291c2caea07e.jpg,??,10094686,0
818377985,ZX,https://avatars.steamstatic.com/cda1f2a5f4c28a0e8e404ff398fa5d4554375536.jpg,??,10094686,0
1426925050,Настёнка <3,https://avatars.steamstatic.com/d1814f58db03460412d6d2715b4e249d65eed505.jpg,??,10094686,0
1855759022,это я семен#[KMB],https://avatars.steamstatic.com/b31f1f8c79b11b3a1624ad4a3e39b7e85054ec90.jpg,RU,9964987,0
1734606950,Yeta,https://avatars.steamstatic.com/5c16f4458926af00f4f0512e11ec85973c389201.jpg,RU,9964987,0
208933337,SIMBAAAAAAAAAAAAA,https://avatars.steamstatic.com/e6fd518f874dd79985ac50344f9ec2e461fda5eb.jpg,BY,9964987,0
767343655,P?AWS,https://avatars.steamstatic.com/20ad1cb3724db02491518472d82c67b3466b6f6b.jpg,??,9964991.0,0
896429770,Подозрительный к,https://avatars.steamstatic.com/ec7c6b713b3bd1e9f9d6a5eaef82496d006832e5.jpg,RU,9964991.0,0
1016196915,yamamoto ryuichi,https://avatars.steamstatic.com/ac5a83baa6b4c82456716e32e7ec18a69f91306e.jpg,FI,9964991.0,0
880376337,Девочка БДСМщица,https://avatars.steamstatic.com/acc4424f6cf713e48fb4f0e48538ab716dbfad73.jpg,RU,9964991.0,0
1676702498,пидобир,https://avatars.steamstatic.com/1fa48f3adeb9594213eb5579244b70f7430ff46e.jpg,??,,0
1150023085,Moha0,https://avatars.steamstatic.com/35bb0237ddf6adffd451ccae2d78082364dfb261.jpg,??,,0
1694139160,london,https://avatars.steamstatic.com/3d5c68b93a24b93c644b9ead0eb97ecf61815c5b.jpg,??,,0
345927674,kaниkyлы,https://avatars.steamstatic.com/924f2498f6fda95a03944a44ad86abc550b9df31.jpg,SV,,0
1709026184,gamer,https://avatars.steamstatic.com/8fc6b2fdc1100c0830384cb16a28cffa63b97ce0.jpg,??,,0
144387089,ГЛАВ КУНИ надзор,https://avatars.steamstatic.com/e10a702fd7ed3e2bcb04bb899555da853ffcd457.jpg,TC,2232219,0
1248954838,АХ,https://avatars.steamstatic.com/70dcf953befa964642e289729444e9c0082d26c5.jpg,??,2232219,0
1621520338,УЁЁЁБИЩЕЕЕ,https://avatars.steamstatic.com/14fa45d90d1774068441651602af9b2de61890b4.jpg,DK,2232219,0
1253549255,самовлюбленый,https://avatars.steamstatic.com/5b7a86520327183e3e6992df8140510077d8fd04.jpg,JP,2232219,0
1280031184,Sisaya,https://avatars.steamstatic.com/94a3bae1d5214166718042b52f732df74b210765.jpg,UA,2232219,0
1523126101,подкрадуля,https://avatars.steamstatic.com/58f4f4284012febe05a643341360ac801b472338.jpg,??,,0
1257651403,трубогрыз,https://avatars.steamstatic.com/5958ec746e64b7bd210312658508742e127b996b.jpg,??,,0
1834759652,DEADfish151,https://avatars.steamstatic.com/77bca822c8b44aa21d9c7adbcfc764e31e8602c6.jpg,??,,0
1866714181,PINGVIN,https://avatars.steamstatic.com/251943c68868982c1f2c868d8b6005797a98d5e6.jpg,??,,0
1929930293,All muted,https://avatars.steamstatic.com/cc5d978f7ed2b746b44585315c0f8db2973b7889.jpg,??,,0
1404601397,Larsy75,https://avatars.steamstatic.com/8d8466f1129d4c0b553b6d8ba7722d051094bf0c.jpg,??,,0
1482865802,disuky,https://avatars.steamstatic.com/eb8cc4e6963c7ef46f9eaea23d1f8e34253369d6.jpg,??,,0
1822428451,r0mant1k,https://avatars.steamstatic.com/8df3fbb9717a9433d4c709138700c25228676cb9.jpg,DE,,0
1287712382,IMPO10T,https://avatars.steamstatic.com/75ca2320ad3e710841001edae918feee09ca4c5d.jpg,??,,0
85324654,pathetic,https://avatars.steamstatic.com/b7be312e52ebfced22c0dac39bc000f1ad74537d.jpg,RU,,0
1065611027,Sumasbrod,https://avatars.steamstatic.com/0a1fce3d8e416802de2b79625e64e9555fbf61e3.jpg,??,10101292,0
1172991375,прайм,https://avatars.steamstatic.com/c92716b281b3faec697d274b005e1ee70886f7f2.jpg,KZ,10101292,0
783336293,alkin,https://avatars.steamstatic.com/ea31a376f5c7cd4f0202a6fdaf52c07c4c497d3d.jpg,??,,0
1513178146,яричек67,https://avatars.steamstatic.com/e83178e462714ec8dbcad2f84191b8cdb5ae7048.jpg,??,,0
1152341854,absosut zasranovich fm,https://avatars.steamstatic.com/faa781ffdf144539b02fe0954cd410db31ba7a0e.jpg,US,,0
1222303162,𝙧𝙚𝙜𝙪𝙡𝙪𝙨,https://avatars.steamstatic.com/1bb333f74376166ecb3e0293e9eef2dcff08164e.jpg,RU,,0
1328002481,эй мяу я пипяу,https://avatars.steamstatic.com/c95a65c60de06ab811c75469677046206aef9136.jpg,DE,,0
1896691512,Laagkk//,https://avatars.steamstatic.com/e37e2959c3aa03cc48e1d8e24becf4b3ec3eaa62.jpg,??,,0
1429455434,Fleksik712,https://avatars.steamstatic.com/c697cf68185e8395f455bb2a0ff092d5d3dd6581.jpg,TR,,0
1918473161,ВиетоТвойОтец,https://avatars.steamstatic.com/a2d104dc8829d960e552ce77c59ac936cb330b8f.jpg,??,,0
797227358,МороженоеОбАмКа,https://avatars.steamstatic.com/fef49e7fa7e1997310d705b2a6158ff8dc1cdfeb.jpg,??,,0
824104493,[SoB] | Dasp1k,https://avatars.steamstatic.com/f67c02f7d5cf614c8e398420bdb31f0765f338b5.jpg,??,,0
784773380,-=(d@rk)*{M4C}=-,https://avatars.steamstatic.com/1d1d72d0186e5cf5ae99598eb93308d7cdd4e671.jpg,??,,0
1066955024,3xit,https://avatars.steamstatic.com/86680cc72ac595fa8595e65c60aeaf92a8f701d0.jpg,RU,,0
911393633,латентный гей,https://avatars.steamstatic.com/c27b526afb14aabf502f5ed9646d348a594199d0.jpg,RU,,0
1607111924,waiting for the best,https://avatars.steamstatic.com/85d27359b822798e1d01fa02b00ed54e9fdaffdb.jpg,UZ,,0
1591855429,☠,https://avatars.steamstatic.com/342ad59eed842841cd7a0bb0b384d7129a0456b9.jpg,RU,,0
201881408,ZXC ГУЛЬ,https://avatars.steamstatic.com/99deefb5d8f8c971f7f5a7b798c36eff1a14d5d7.jpg,RU,,0
1575805281,лина лифонова,https://avatars.steamstatic.com/8e0efe08e4084ae22f31fd6bfec63db6e6eff91b.jpg,RU,,0
782484146,popchik41470,https://avatars.steamstatic.com/9c06e6e477a14518e7a7d3219835233f9360ea8e.jpg,??,,0
1824508991,прыгай дура!,https://avatars.steamstatic.com/0e06726641402fafe74351a951258a2fd80980bb.jpg,PL,,0
1183148224,Эльвир Чугур,https://avatars.steamstatic.com/869eb072dcbe2745ed19674cf4bb25f99b0d5f0e.jpg,RU,,0
1101285208,⇆Poooohuy,https://avatars.steamstatic.com/1df3535a6f4c9bcf76d310fff46700d18b98412c.jpg,RU,,0
1217579258,67(six seven),https://avatars.steamstatic.com/0e96fd1da4c91017a7c1de980d6361b139e6831d.jpg,MC,,0
182846716,sirotkin,https://avatars.steamstatic.com/b7797163b6afec7185e22bffb8dd10bd57fab93a.jpg,??,,0
994609949,PAPA SVIN,https://avatars.steamstatic.com/66e0ed99ac129c276fe7236511788d30a355c368.jpg,RU,,0
1676863374,liga la sosa,https://avatars.steamstatic.com/108639c152d00d5b8c86da737f00b515c095827e.jpg,??,,0
1288307505,ТИМАТИ БЛЕК|АНУС,https://avatars.steamstatic.com/8baf47aaddd19d8dff0fd607c9a5828dcaf2b7c9.jpg,RU,,0
1596544107,owner of money,https://avatars.steamstatic.com/8ac01240b4731573374a006eb4a53572c66b71e4.jpg,FI,,0
1302493880,Питер,https://avatars.steamstatic.com/df6108e634a4decb6b2a519237dcac559e109cc9.jpg,RU,,0
1239263826,простофиля,https://avatars.steamstatic.com/7e2a3459e3b4b881231b30f4c4b2d69986b54f8d.jpg,CL,,0
1597262084,я крутой а вы нет,https://avatars.steamstatic.com/72ab68c2a7fa08997a6b485639427972b6450a41.jpg,??,,0
1007553066,"""GRS""salohendread",https://avatars.steamstatic.com/f928b129d0af408464e838b1085252826c9dfbca.jpg,FR,,0
1030201457,kde,https://avatars.steamstatic.com/c7e55a0473c20159911b8f7c801d28bc98f77382.jpg,JP,,0
1173508656,гавно в тиктоке,https://avatars.steamstatic.com/77270890ba0c668955cb045f03e9597809d2866a.jpg,GE,9833894,0
1157123281,ナ fearless,https://avatars.steamstatic.com/f48be80d1927e1f5d4b5c7dca70a4b1143662d00.jpg,??,9833894,0
1127374468,absolute¿¿,https://avatars.steamstatic.com/bbfec3c4d06c82f3f90c78713ab25e3550e59661.jpg,NE,10095642,0
1143209828,aura x why?,https://avatars.steamstatic.com/890ac1ff10f47c1ca487fa9ad211e25084d27e2e.jpg,KZ,10095642,0
1100752561,3xBUNGAx3,https://avatars.steamstatic.com/da830481fa79194652b5604331d542ae20917a6a.jpg,??,10095642,0
839729682,absolut x why?,https://avatars.steamstatic.com/b6926c5f97c0350866687a6b2c7a673027be7f93.jpg,??,10095642,0
1002071267,umbra primae,https://avatars.steamstatic.com/9c94251f76694e24bc0ec35b29945d430d48c045.jpg,??,10095642,0
1130028029,₲₳V₦Ø,https://avatars.steamstatic.com/81b76058085d8a3f3b5d8e596abacf36c35cba0b.jpg,RU,,0
1013493440,фофан по клитеру,https://avatars.steamstatic.com/0a5badbbcfcdce7d8e7bb1b26b343b899dc39e87.jpg,??,,0
1717903299,ПСИХ,https://avatars.steamstatic.com/360c0fe01a0ffd4d207a17391c86add430f5f9a4.jpg,??,,0
1583566419,Swaga_kaka,https://avatars.steamstatic.com/7d80cc3c3d6cbf23aa5bda9f046c7981c5bbaf19.jpg,RU,,0
1259416075,максим тру гуль zxc,https://avatars.steamstatic.com/b7de267a5181646ced68dbbcde86a669ebddca75.jpg,KZ,,0
1323766790,SunRise,https://avatars.steamstatic.com/91019bf9ee12c39c299a726d03e8c496616d11fb.jpg,??,,0
1255463100,Analboy,https://avatars.steamstatic.com/14f594e115da0b955bd2d7dbb2e43583c4c96b61.jpg,??,,0
1148280452,r0mant1k,https://avatars.steamstatic.com/a6ead203c62a374c00238ac8de7b6824b97c7c7b.jpg,??,,0
1270154280,Здарова,https://avatars.steamstatic.com/ad9e9f453729a19e7678e3e64afbaf3c08a43be0.jpg,??,,0
1211883286,number 2,https://avatars.steamstatic.com/83fd4b2ddf02b1273122a9a932888eda764e6b2e.jpg,RU,10075147,0
1693213557,Мать амфетамин ра,https://avatars.steamstatic.com/c9fce461e0f70b87fdc673f22c5a2356ba529c8e.jpg,??,10075147,0
1137811176,wau,https://avatars.steamstatic.com/050c46cfcf23571ed2b16782d634e0630c151460.jpg,??,10075147,0
1640551981,1,https://avatars.steamstatic.com/57d320202697a743d03146b510f07a4b1c09ca6b.jpg,??,10075147,0
1861319925,fAD,https://avatars.steamstatic.com/0051ea8fb5dd2fface798e4d8cbff68576252085.jpg,??,10075147,0
799940277,кєз жірнє,https://avatars.steamstatic.com/9ef3ee7ba2d8e36e634f252423ca6fa6a5bbb0ab.jpg,??,,0
1360151909,ваіпєр пухлящ,https://avatars.steamstatic.com/be5d2ee8ceb45e58ecccc577f79e717202b3a728.jpg,??,,0
1043097658,-l1xzev /// #lunarelection,https://avatars.steamstatic.com/65323884e30c1014543869b665f3201758a4bb63.jpg,US,,0
1906338347,Hiks#AAT,https://avatars.steamstatic.com/f334e040a7eff5c13590381378ad6d3962978801.jpg,??,,0
1877552170,сынок,https://avatars.steamstatic.com/fc65591c8b276ca9b67a2aa417857618f172f9da.jpg,JP,,0
1652158825,Werunim,https://avatars.steamstatic.com/41baf355a35f16f82c3cf9fea74d416d1d5e04c0.jpg,??,10055138,0
1609722588,RetrO,https://avatars.steamstatic.com/8994b2190027f0fa123a796b3b73fb7c9c225f0a.jpg,??,10055138,0
1451643521,питер паркер,https://avatars.steamstatic.com/7e85476f041220c78e450045814e36a730b87ffa.jpg,??,10055138,0
1062968910,Kazuko,https://avatars.steamstatic.com/5bb155323e85ad2a38c3cfb48644c9cb5f1f1041.jpg,JP,10055138,0
203999796,Salao,https://avatars.steamstatic.com/fa7c87867288313c712da2985a53ef1bae485bd0.jpg,RU,10055138,0
1548556087,O|斯托亚科夫斯基|O,https://avatars.steamstatic.com/e9df8eee0fbc11281f3f38956e9fb130c85387fe.jpg,??,,0
1188118346,fuku少,https://avatars.steamstatic.com/8fd753e996287c4a2240b07deea875a8f4495deb.jpg,??,,0
1535032637,Alex_Bass,https://avatars.steamstatic.com/00c786a53f7c4859b8db5501ee4ac590dfc689a0.jpg,??,,0
1680617147,повелитель лп,https://avatars.steamstatic.com/5d957c0691c5aa2ef7abc550449227f4d2b00cfa.jpg,??,,0
1600886615,wez.,https://avatars.steamstatic.com/815620bf2491be691e9cd2012741e1cba2f0fb06.jpg,??,,0
1565400308,treapplereas,https://avatars.steamstatic.com/76f47982b79aeb190b2e064c615e24d89927a7c9.jpg,IT,,0
818465072,SSS,https://avatars.steamstatic.com/241c235058b3bc8e44ba965d569736ec10d946ad.jpg,??,,0
341544179,задоджил аборт,https://avatars.steamstatic.com/0db5a1753618379d3505db7b2aea7beefaf935ba.jpg,??,,0
1142594789,all or nothing,https://avatars.steamstatic.com/b1e86fef1f06db956b440b67ce31e1b006b069d5.jpg,ME,,0
1695051497,испанский стыд,https://avatars.steamstatic.com/9682f1961de1f3f04acd29caadf90cc907675005.jpg,JP,,0
865600399,light bulb,https://avatars.steamstatic.com/456572031f9fd90ec812c00526dfda608a01ce23.jpg,DE,,0
1214142446,Ka3Hb,https://avatars.steamstatic.com/118de8dfaa9533b078c725f10395ef794a68295a.jpg,KP,,0
312239885,ORGANIZER,https://avatars.steamstatic.com/f19e9097a7c26b840add4a30d08b9d0545b93e34.jpg,RU,,0
1299413812,Susui,https://avatars.steamstatic.com/1448007038d0f144d80deb821640e24be00ffe4a.jpg,AF,,0
882378112,Banan,https://avatars.steamstatic.com/660bb4cd061f4eaa88a3d5a7d1078a0636099092.jpg,??,,0
1467686331,XXXXXXXXXXXXXXXXXXXXXXXXXXXXXX,https://avatars.steamstatic.com/a8c0d0c5f73b3d0c6581c741f9cc03d56f49a866.jpg,JP,,0
1737394980,DELATE,https://avatars.steamstatic.com/028f3964d71725839af11b97f1516a8bba112f5d.jpg,??,,0
1060680837,ma suka,https://avatars.steamstatic.com/5c9068e8875f248dc309357acf1d0af9b7e22ea1.jpg,CA,,0
1026124974,chinchilla,https://avatars.steamstatic.com/19f3c850a32126581c288f54e6037ef10d1d0ad5.jpg,RU,,0
1588081461,VOVAN,https://avatars.steamstatic.com/4e9097a839a6dcbb4ee2fdd625fb927b9b46183a.jpg,??,,0
1906259536,Andrey/322,https://avatars.steamstatic.com/2465defa94333041f8f18ad82eab5b872208334c.jpg,??,,0
1238709527,саляпа,https://avatars.steamstatic.com/242bf1ef6a982b971165b07062b3e565631e429b.jpg,??,,0
1215555224,спасибо за донат,https://avatars.steamstatic.com/9c92f396b55fee8cb276559734060739ed2f0568.jpg,??,,0
1081382061,За ВДВ,https://avatars.steamstatic.com/4325a9f705807f020753bf046518933811ec4cf6.jpg,RU,,0
130945677,_PuBL!ck_fAeR_,https://avatars.steamstatic.com/75e88f57984d5f6041161e2c9eccc1c6caa5f5d1.jpg,BO,7258250,0
880881162,mitsmid,https://avatars.steamstatic.com/17f7a2f914c12d362fe9bd1922a2ef440be0a2a0.jpg,??,7258250,0
203705528,murder,https://avatars.steamstatic.com/b27153e3ceb94ce59348cfc24151ffe7533e0667.jpg,??,7258250,0
1146057962,FÉLICETTE,https://avatars.steamstatic.com/12f183169e3a5cdd7a3a0816fc07b95a8a538f88.jpg,CA,7258250,0
236815650,.,https://avatars.steamstatic.com/3d8a1c919ce785e4068d0963a5f00a550927e2bb.jpg,??,7258250,0
179284293,MaxWheel l Kai,https://avatars.steamstatic.com/ec00466d60dc48f44e1deef2ef2eeab2317feee3.jpg,PE,10082589,0
1485996194,Tyr,https://avatars.steamstatic.com/ff2808703d4951fc675c27643596d509a4b57f5b.jpg,??,10082589,0
90918977,Arsmagna,https://avatars.steamstatic.com/9d339d4b52148a7ac1d4e9877d31ecbceae600d4.jpg,EC,2114225,0
461524845,Neco_Dark,https://avatars.steamstatic.com/4b340131df717f589076f9d5325317283ff46cb1.jpg,EC,10034132,0
129081913,PatoPatosoSy,https://avatars.steamstatic.com/3f8f16dd9c04015fc465884216d562b6a2d2792a.jpg,??,581153,0
87194927,estu,https://avatars.steamstatic.com/d2980a5c09e1d5410821b8ed4bc78703964a68a7.jpg,??,7155747,0
116570125,Numeral593,https://avatars.steamstatic.com/fdf8e6c88d90400f6158516cbdb6f8ddfdff52a2.jpg,??,7155747,0
121204579,QinShiHuang24,https://avatars.steamstatic.com/e4b35c50233fc844d17a8ad4468ef0702c772b15.jpg,EC,7155747,0
125910636,Sibosor,https://avatars.steamstatic.com/c33c2cd729161a38e1752fcbe14e6cb35ea5c882.jpg,EC,7155747,0
286500962,Crusty!,https://avatars.steamstatic.com/34adcd2a2c63e40ce323f872f4781ef5ee322413.jpg,??,7155747,0
302214028,bobik),https://avatars.steamstatic.com/b23167c590835cf926efdcb09ba5956832a477fe.jpg,IS,7119388,0
91730177,Seleri,https://avatars.steamstatic.com/09f7062cdef444d824c959c9f06c65b19dba8ba2.jpg,NL,9338413,0
433397349,trgf,https://avatars.steamstatic.com/cbde5ebf08af4223b2ddcfdf1855f23fbab5d00b.jpg,??,9455993,0
1584706722,3 K MMR СТОРОЖ,https://avatars.steamstatic.com/542ae3edb5239ede80be7c9549979fcabfc2db82.jpg,CA,9455993,0
135230164,qbeeqnoobeeq,https://avatars.steamstatic.com/848a23c4341ef4ee3b4c59ae5173e366037e415d.jpg,RU,9455993,0
351082288,truepac,https://avatars.steamstatic.com/12310602cf9f47d38745e247e4682f05fd4c08b2.jpg,NE,9729268,0
1086129003,Margan,https://avatars.steamstatic.com/d604d301871c94d920cedc2eccc817e51b18811a.jpg,??,10054769,0
78434936,avv99,https://avatars.steamstatic.com/4b5c30d4b517b7690d36cd2ca9f5b7e2b8976f22.jpg,??,10054769,0
69138058,САМОРОДОК,https://avatars.steamstatic.com/12891a2e80137465b09718ff50f75a36cd33b954.jpg,RU,10054769,0
382514676,top 1 wb cup'a,https://avatars.steamstatic.com/bc5012526912232d5675fd75856d341993e720fe.jpg,??,10054769,0
925716060,Rafkor,https://avatars.steamstatic.com/9a444c1076ef76ba0095c74055ffc5262116251b.jpg,RU,10054769,0
5600161,Крошка Антошка,https://avatars.steamstatic.com/09b47cb6e601098b4fdd5c3f874f9c3b93d095b5.jpg,RU,10095079,0
1267387397,お客様,https://avatars.steamstatic.com/084aa255f314c266291a4b5e9b92336d5aa25074.jpg,??,10095079,0
1849875747,.,https://avatars.steamstatic.com/a6073a15c563646efa5599dd1a708d63ab3daf3f.jpg,??,10095079,0
201449287,the god,https://avatars.steamstatic.com/70d6cbd3696f124309ed660cfccc40397b99e6a8.jpg,KP,10095079,0
1115878075,kiyotaka,https://avatars.steamstatic.com/1a698dd42ba1ae2b4368d9fac1b046e4d9f64ff5.jpg,??,10095079,0
283494184,noawe,https://avatars.steamstatic.com/840d2e32435b9671e6741199462b51007cb0fc15.jpg,??,10075008,0
997587648,Malin,https://avatars.steamstatic.com/9061a190e6161df35e94a2769bb2d957177f737c.jpg,??,10075008,0
169516760,nerf wk pls,https://avatars.steamstatic.com/4a51a1172fcf57b86f51412278c3037b9a3d516f.jpg,RU,10075008,0
223342537,DEATH PENALTY,https://avatars.steamstatic.com/bf8bfed7896ef58529254db2587faa5e7e91b3fa.jpg,RU,10075008,0
164962869,Prisoner,https://avatars.steamstatic.com/be2269aef0b34447c2585dde98379d8922f59ac1.jpg,NL,9964962,0
210354813,丹zα[R]գộŤ,https://avatars.steamstatic.com/7bb9cad3b6d5b517c7a014701db8abeb0f7f01fe.jpg,RU,9054301,0
1847344518,Падла,https://avatars.steamstatic.com/0586d9e1ca1a96085f8580ccb0f724f3ad1c9dd2.jpg,RU,9054301,0
1686589290,Why you cry ? ;(,https://avatars.steamstatic.com/b5b8f7a344a4891dd5edfbb0334d57880fc53511.jpg,AF,9054301,0
1197119761,Utsu kushii :!:,https://avatars.steamstatic.com/370a90daa5bb013e46f9dad2bbbede336b84b09d.jpg,??,9054301,0
968908227,Оса э на,https://avatars.steamstatic.com/a8cc54509cc09cd6ac51a30d2e0ed1d0b7967a48.jpg,??,9054301,0
1234677166,skandert,https://avatars.steamstatic.com/1393be0613cae4f7a41e92dd8ee28cccb8ff7413.jpg,??,9964995,0
1039433490,6ал6е$,https://avatars.steamstatic.com/3f16b5cc21ee5bc98c40ead31a15b6a2f4d3482c.jpg,??,9964995,0
1095498973,}{OTT@BЬ)Ч,https://avatars.steamstatic.com/c81d31b1eb80bf63a8fcae8cd277af054271f55f.jpg,RU,9964995,0
282338286,Alone_genius,https://avatars.steamstatic.com/d233e523bf7b9477bd2e6342d4fd621d50392caf.jpg,UA,9964995,0
1454362289,spikeps,https://avatars.steamstatic.com/355d9f72a9fb835c9ae3d8f41095ae7f2de20427.jpg,AF,9964995,0
146711951,Money for Nothing,https://avatars.steamstatic.com/74e448df1fa11b220dbc58d47c356656ea89512b.jpg,PH,2586976,0
188351504,Aidar,https://avatars.steamstatic.com/f80ca3e8ddff07ab722daf1ca1811de09a8f2bbb.jpg,??,9948367,0
139937922,3,https://avatars.steamstatic.com/7add32750da20403a88e7f5b1286152754a593f9.jpg,??,9351740,0
195415954,зарнилиля,https://avatars.steamstatic.com/f0ee4f862ce45658d2198911a06d1a03ad43d59f.jpg,??,10041315,0
138327358,NataliaGrigorievna,https://avatars.steamstatic.com/9712e7cc892cded9d8611b551285edc16991a76a.jpg,UA,9729268,0
426728561,Lifestyletommyvercetti,https://avatars.steamstatic.com/23940e2c48a8c69dc425e37cb3705c2cc65716cf.jpg,CZ,10095068,0
214961002,seal,https://avatars.steamstatic.com/7cd66be974cf3827c26e8b86a38c1d092cc1752d.jpg,??,10095068,0
1247810774,lamontin,https://avatars.steamstatic.com/9403d06058244ac05daec1a4f44f5bd5045630f7.jpg,??,10095068,0
416312988,bigVOLODYA,https://avatars.steamstatic.com/b940795e17b36d443d78d7b8a32463b117e2aa0a.jpg,??,10095068,0
133383094,Полковник,https://avatars.steamstatic.com/bb6125f6f60488fc7712e068c0063f7483946115.jpg,RU,10095068,0
115249628,HappySmile-_,https://avatars.steamstatic.com/28abf505222384d24181751f8b39c80447926d26.jpg,??,9286811,0
893135754,2093,https://avatars.steamstatic.com/cbc055b532954fac0959a98c6069f2a306ee06ac.jpg,MK,8680909,0
157998413,Гандончик,https://avatars.steamstatic.com/b35551120f80efa83d9e3fff31f4808625adb7af.jpg,PN,10095351,0
103275898,change,https://avatars.steamstatic.com/5fc8840401d41482b8f2a7320bf60fbeb0e2c641.jpg,CN,,0
1187071150,zhangyubaby,https://avatars.steamstatic.com/fef49e7fa7e1997310d705b2a6158ff8dc1cdfeb.jpg,??,,0
121058245,冰可乐.卡卡,https://avatars.steamstatic.com/c7cf2a41b6d0f4c73bda5e2cb04353fc616a9fda.jpg,CN,,0
181060505,DD^YR^BG,https://avatars.steamstatic.com/dc9ff63a75ed945283d7fb562ae74dba640aa9ac.jpg,??,,0
199653170,7,https://avatars.steamstatic.com/93c9b85c33c6b9242af9d67e4369966981b95321.jpg,CN,,0
162305389,和平补刀可以吗,https://avatars.steamstatic.com/e341d69d894896991fd0492ba2eff5ea6f407307.jpg,??,,0
401280865,stiff3,https://avatars.steamstatic.com/95d39514d14cac90db8036f0c2cacd11b87daf05.jpg,CN,,0
182573543,99,https://avatars.steamstatic.com/1532ae034400301477b7e6592c1b0dc9152c99b6.jpg,??,,0
120056214,ʙᴜʀɴᴇᴅ烧坏了,https://avatars.steamstatic.com/dec67e442141cf33985c5542850647996aee64c5.jpg,US,10095057,0
960748514,new era,https://avatars.steamstatic.com/3ccf00e26561381a45ebfc03c29ecea329fe851b.jpg,GR,10095057,0
123452953,cyberathlete,https://avatars.steamstatic.com/2428be419fbd86023b56ec83fadf633da5874d72.jpg,RU,10095057,0
145007755,BOZO_XV,https://avatars.steamstatic.com/af353e8993e1e5e55b397f88e4da286d0275f053.jpg,NF,10095057,0
309097063,I hate Dota,https://avatars.steamstatic.com/4e53a0cdb1d2283e1de6bd89ae0e10c7e0286ff7.jpg,??,10095057,0
468157836,Баба Восс,https://avatars.steamstatic.com/ede3971f855442ceb40c27e3b0cc8310bc93e9da.jpg,RU,9286811,0
1123191292,Сочные усы,https://avatars.steamstatic.com/61794e575cc6b2548f6f6ca0b988d12a094675e1.jpg,RU,9286811,0
1127410545,страсть,https://avatars.steamstatic.com/a5bf3c300ba62e55c6383d8e6abe44ad04380090.jpg,RU,9286811,0
1232285985,Ernest,https://avatars.steamstatic.com/03f47c0591d98cf532e97606e7015cef2bada99c.jpg,RU,9286811,0
81802794,Цап-царапыч,https://avatars.steamstatic.com/5f1f50d3cca5abf8be114f8d486c60d7eb1d210f.jpg,RU,1360586,0
844764174,пенис,https://avatars.steamstatic.com/0226c7e7bf647d381fd41478cebbacf694348d97.jpg,UZ,9375234,0
87850774,aokidzo mentality,https://avatars.steamstatic.com/3fbc65a0014bd01cca8531ff2e0ec6be67d9837c.jpg,??,9375234,0
114524984,mav71,https://avatars.steamstatic.com/fef49e7fa7e1997310d705b2a6158ff8dc1cdfeb.jpg,KZ,9375234,0
162871324,broken,https://avatars.steamstatic.com/bf01b3c2af5c92a354a3cc2fce8c8db1bc823cac.jpg,RU,9375234,0
190489293,ТРЯПКА ДЛЯ ЧЛЕНА,https://avatars.steamstatic.com/44b65fa70c3df3819aa00d7b9cb13a40ac7cc2dc.jpg,??,9375234,0
75881244,Garvild,https://avatars.steamstatic.com/e76904afd04470acc7afae4ca3eb0c298b659a5e.jpg,RU,9972930,0
128391201,1NDUSTRIAL,https://avatars.steamstatic.com/f3358ad70f0a4f3228fda6d644f6fcfefbb2ca8e.jpg,RU,9972930,0
121024905,AliceStyle,https://avatars.steamstatic.com/5f9b355d40c0615cae0dc1e8009e274b6ccc9b85.jpg,RU,9972930,0
1188518907,жим леша,https://avatars.steamstatic.com/fea4f0243d4ef9fd2c4aaed86b1b2aa4f9827d1a.jpg,??,9972930,0
47646696,Fraud,https://avatars.steamstatic.com/2083a9253f73781c7955e52ee71017ed396b8856.jpg,??,9972930,0
1164920192,q,https://avatars.steamstatic.com/59c312a12fde06aae2d1d35008c16092bf53536a.jpg,??,8623207,0
1109989916,.luker,https://avatars.steamstatic.com/905e79443be93e55772b518e8f81fde1d9b3fcb0.jpg,US,8623207,0
391301310,pain,https://avatars.steamstatic.com/2414ace49972377a990a3833b68fce77e3b96a44.jpg,??,8623207,0
292305454,uisain,https://avatars.steamstatic.com/0b925e5302eaaaf4a2759e3f0f06775de87d1abb.jpg,AQ,8623207,0
449870948,sharwilly,https://avatars.steamstatic.com/da150cb36155d78a329a979ed885944e72018934.jpg,QA,8623207,0
1916208760,траур,https://avatars.steamstatic.com/74d214d0d9fadd55a8cca247e86a3417c9c39648.jpg,RU,9956940,0
901258701,Xaddr,https://avatars.steamstatic.com/a44dbf16e44c164ddf5681d6986e76220b037d2d.jpg,RU,9956940,0
1284487300,под кислым,https://avatars.steamstatic.com/019d0d4b75e74b6a08f05a3931f8a485c33da041.jpg,??,9956940,0
847205352,bomJ,https://avatars.steamstatic.com/dc7bc142fcb7a382299d998e53d4e0846e8dc227.jpg,AF,9956940,0
158458044,Timmaksi,https://avatars.steamstatic.com/8576d8e4e7a34e8501846c80ebd51457781b895f.jpg,RU,9956940,0
1231190802,ext#43mg+3,https://avatars.steamstatic.com/3904fbdc8ca69fdabfe10baefe2fc7ca3fc4baec.jpg,AF,10095079,0
1839961995,kazashka,https://avatars.steamstatic.com/883f2697f5b2dc4affda2d47eedc1cbec8cfb657.jpg,??,10095079,0
171245302,田不易,https://avatars.steamstatic.com/205e1c5b26272dbd81e36b5e72824142490cf988.jpg,CN,9270895,0
178388463,m0NESY,https://avatars.steamstatic.com/ae18156e6d2dd1713d40646ebe528f46d8896e65.jpg,??,9878354,0
113458514,gethigher77,https://avatars.steamstatic.com/90fd97b2366513385451a9ebc5fc4e1be42fd9ef.jpg,JP,9098294,0
187949640,garbat1y,https://avatars.steamstatic.com/4f37d496e3f7695e0742f350162a5da16049d0a3.jpg,RU,10041315,0
248388120,Duruk MMR,https://avatars.steamstatic.com/020b40b2693bb53f50ba1d29fab5df8f4a48a7f5.jpg,ID,9098294,0
325649374,Gk-,https://avatars.steamstatic.com/9e4b97e0dfc63b3b45aaaa804bccfbec5b3d35c8.jpg,TW,10039783,0
114950886,Calcifer,https://avatars.steamstatic.com/5d5bbd159bc717fd9911a19e93030f4652a8c5bf.jpg,AR,10039783,0
178920973,elden,https://avatars.steamstatic.com/78b10750b8f549626407bd36c62683e2cd35440e.jpg,??,7155747,0
162798290,Legend,https://avatars.steamstatic.com/6641e75b8730bc462b567a35cb525ffc85931fcb.jpg,JP,10088088,0
1473280545,zsdcasdfc,https://avatars.steamstatic.com/5f3e31e4075d6aa23cc35efe54f30af47feabfb4.jpg,??,10088089,0
390015464,гаджи,https://avatars.steamstatic.com/8abbed55d162cd054077e99eca2e91a8c6d21981.jpg,JP,10088089,0
830039714,Игрок в доту,https://avatars.steamstatic.com/e467a61b50d0d9d4465d47f805f9cfee08dfd55a.jpg,??,10088089,0
1155980630,qwe)),https://avatars.steamstatic.com/1d67f1ec3b488378a27ebcbc5e9ad39c72971be3.jpg,??,9677559,0
192275954,HH.Harbinger,https://avatars.steamstatic.com/d36025074b760a0821710034ff33c5964169f651.jpg,??,8849850,0
406522933,HH.Rakinu,https://avatars.steamstatic.com/58145d825448f5542acd485a0882fa131db28694.jpg,PE,8849850,0
338946567,HH.Bambula,https://avatars.steamstatic.com/3899e08e568d9f1c5c37c1179415aae08a89b5b5.jpg,??,8849850,0
250144463,HH.Chedema,https://avatars.steamstatic.com/0ad0b1a9d39dfb2a6ddcd178a310db20d568bd94.jpg,??,8849850,0
357479732,HH.packout,https://avatars.steamstatic.com/4c82717f53d96557daa7b6084c9e85ea724ae1f8.jpg,??,8849850,0
169730673,akmē human,https://avatars.steamstatic.com/fff2afc88ba5766edb2ccf297ae1ba971bbf1914.jpg,??,9677559.0,0
187132976,MUGIWARA,https://avatars.steamstatic.com/1983ea4568a6abeb80fb0d3579eba7695ce213c9.jpg,RU,9677559.0,0
970241914,bog4ik,https://avatars.steamstatic.com/5c99ca965461cbe1dfe8c5aa932688b62c1acc97.jpg,RU,9677559.0,0
883993506,тиранозавр,https://avatars.steamstatic.com/24e8e9332e3718e58fad4865913630caa8ba5f09.jpg,US,,0
1035236620,ВУЗЕР,https://avatars.steamstatic.com/b54dc5eb0c6e9de13697ef86d5c1fbdbdd110338.jpg,RU,,0
99628170,Ishura,https://avatars.steamstatic.com/049c5a2dea943cdbc75ef40dcf6e1b009a8063f3.jpg,RU,7856045,0
973639402,HeDoq,https://avatars.steamstatic.com/a5f029c359d1459028001462b1d0bb10fca40e2f.jpg,??,7856045,0
346187094,spectrophobia,https://avatars.steamstatic.com/c626ec7d8d408a62879ecc5211e278229f28b86e.jpg,??,7856045,0
108105268,TGR,https://avatars.steamstatic.com/64ad4b19b302021bd4115e91b5e7ea0b72b5ac70.jpg,??,7856045,0
10582646,Ju3i (dexterity top reg),https://avatars.steamstatic.com/18e013dbf70de98aa008cc8b83ab0e446e4eb3ed.jpg,RU,7856045,0
1268458906,Aivild,https://avatars.steamstatic.com/03577c058dfdccbd475ef76fd7f0ae73e1504e56.jpg,IM,9132931,0
1007203501,смертельная$мерт,https://avatars.steamstatic.com/9d0e7b41f9645b4e74000f4721f37b6746dde98d.jpg,RU,9132931,0
1075801590,Сумо Носок,https://avatars.steamstatic.com/1073fb314a5697141c9e9312cbc9d1c234fb3ed5.jpg,??,9132931,0
1919908966,silentk1d,https://avatars.steamstatic.com/8e1e40dead45517a90a5c934c66fed566213ef78.jpg,??,9132931,0
1115792770,brainrot,https://avatars.steamstatic.com/c229a1542850278b8a36e99c7513ef2a984c4187.jpg,RU,9132931,0
841371846,ЛÉХА ФИКСАЦИЯ,https://avatars.steamstatic.com/2c0afd3699caab1d43acb376ad0b56411a672c8d.jpg,??,10088089,0
214593581,пожизненно в одиночестве,https://avatars.steamstatic.com/f0c123b2edc4e7a67b48eaa6208a7db676e9fa81.jpg,RU,10094698,0
980298027,MaFi0Zn1K,https://avatars.steamstatic.com/01b14951cd168e3de4c80cdef11c1820bcbdd318.jpg,UG,10094698,0
909859445,Mr_Bobrik,https://avatars.steamstatic.com/83b4f1ad5ee4a22bfa7df5c0cdc60e3d4d1b0a30.jpg,??,10094698,0
1683342200,Honeyboy,https://avatars.steamstatic.com/25c9922bd77f2dcc922aa50a37414940b3ee3f54.jpg,??,10094698,0
465649,тихий дэн,https://avatars.steamstatic.com/a497a45cb606443d237ed702084e987e27c9d1b3.jpg,US,10094698,0
74609540,Качкаду,https://avatars.steamstatic.com/11cda4bd75114aa4c10d9efb683f55d347df1aee.jpg,RU,9264050,0
1251464120,НИКОЛАША ПРАЙМ,https://avatars.steamstatic.com/ffc96a726137064caac1b061af9143e583dcd658.jpg,RU,9257546,0
906785049,扎哈罗夫,https://avatars.steamstatic.com/248ec838936c4894a69ceb4b588011f2f9655466.jpg,CN,9257546,0
377231256,heb,https://avatars.steamstatic.com/44272b87072e4bb8483f32655a35a87193363cc1.jpg,??,9257546,0
1162129721,女神,https://avatars.steamstatic.com/cd7bffe03035f9c45f70d0de35de48f2f2983fe4.jpg,JP,9257546,0
1041812125,flasko,https://avatars.steamstatic.com/6ab7617ecad56318130a5fd592787d3bb10cd763.jpg,RO,9257546,0
1623371270,starprince,https://avatars.steamstatic.com/158ca549e7b6460478e6c3a8da77f4fbd9de071b.jpg,??,,0
1661922455,russian goida,https://avatars.steamstatic.com/915a294af00056605ca417a03054663a5bf7f72b.jpg,??,,0
1080325651,callme911>.<,https://avatars.steamstatic.com/23d664c52d5e1ff5b107c5466db4b31513668705.jpg,??,,0
1727984536,.,https://avatars.steamstatic.com/5d24684053b978002411cc91bd92128ff59af085.jpg,??,,0
1112938235,vampmvp,https://avatars.steamstatic.com/f106627751cd24e1f177b8b1c5e956f48cf16837.jpg,??,9629413,0
1277424227,амбрелла карпарш,https://avatars.steamstatic.com/2cf672760193c0861952e92e225916f1556d4924.jpg,JP,9629413,0
1266731477,некоронованный,https://avatars.steamstatic.com/48036473fda6e7c17d40aeb042863cb901bac514.jpg,??,9629413,0
921009762,Jack,https://avatars.steamstatic.com/33935f728ed58c580c477f0153cd554ff0af08a9.jpg,RU,9629413,0
318738566,Lutii Himura,https://avatars.steamstatic.com/3bc16690322cad2448f9a0f8d61b408448f090f9.jpg,??,10055138,0
1091312125,самый мерзкий ублюдок,https://avatars.steamstatic.com/5307e6d3a657debf6edaf33a50414bd4b1b0b7cf.jpg,RS,10094688,0
789599190,пфб. зарегистрироваться.,https://avatars.steamstatic.com/41772e00177790ea8f3ea452598c265b76f6a4c3.jpg,??,10094688,0
237139191,Shazakonchitsya,https://avatars.steamstatic.com/f5e24acbcfd2035cbffcbf55ce7aca936f8bac4b.jpg,UA,10094688,0
278417338,knifeinmyhands,https://avatars.steamstatic.com/735d4cd09cbe7cc209933e22b48c89a4e0a7b696.jpg,JP,10094688,0
1029227357,Arty,https://avatars.steamstatic.com/b7fbf78e6d2abb73de19ff818cf221d1264cca7f.jpg,RU,10040534,0
134556694,SOLOLINEABUSE,https://avatars.steamstatic.com/5a31cfcd5697441da3aa2059ac37106f0b45d44a.jpg,RU,10067598,0
402285018,Humble,https://avatars.steamstatic.com/672b58b137fbfbce4cba528f9a8c772cdd094a40.jpg,RU,10067598,0
84385735,Kyzko,https://avatars.steamstatic.com/3edfb4baf38ee2ad0154b8189ecd510ddc9f6427.jpg,RU,10067598,0
1224974216,zarich,https://avatars.steamstatic.com/1fb3f09f4243a3bd81730613309bb339f9610f81.jpg,US,10067598,0
1134289325,farm aura,https://avatars.steamstatic.com/141d89fd6dfb5b18e0c80febbdd4669cb67cdddb.jpg,RU,,0
1187651126,Asteriks,https://avatars.steamstatic.com/6404ab10dc6ff97cec06083a71876a555241d27c.jpg,BY,,0
1253714767,;),https://avatars.steamstatic.com/3080824675f12511cefbe998d7e5e984ef6c6daa.jpg,US,,0
1192706012,Гусь,https://avatars.steamstatic.com/7989130298e6b1513e571f7c52de32bc7d694087.jpg,RU,,0
1563240814,Oh Hey!?,https://avatars.steamstatic.com/ca8047bba1be32cc4f5fc1b9488394d917b9daed.jpg,JP,,0
227077489,Перепечкин,https://avatars.steamstatic.com/fcce20eed0effe4cc7dd059ffb610999f351d078.jpg,??,2232219,0
1696054944,Coyote Starrk,https://avatars.steamstatic.com/3114c058511c0347a5b4eed77c9d3d608e5b6742.jpg,??,2232219,0
382113238,DieMoon,https://avatars.steamstatic.com/0040867c5dbbb109a018dc4738c14fcd1fbdac9b.jpg,??,2232219,0
159837487,5000,https://avatars.steamstatic.com/ff99ee58de99757a1475c876f7f3d20dbf44e11b.jpg,UA,2232219,0
1274813296,Spamer ≡ T Rapture Rush ≡,https://avatars.steamstatic.com/f9e2ce64f796b17f0fbedba1d222d1054efa7068.jpg,US,,0
1248971965,Valkyrie ≡ T Rapture Rush≡,https://avatars.steamstatic.com/b3526d48bf91512e7778d2b0559663c709936a6f.jpg,??,,0
1608182850,spannIII ≡ T Rapture Rush≡,https://avatars.steamstatic.com/793d699275ea585e5e25d7b04cf96ca8cb50932d.jpg,RU,,0
281757638,percent of invulnerables,https://avatars.steamstatic.com/803033210eba2d3b45fcf632600ce5bfaad8cdc6.jpg,RU,,0
1677391206,AnalK1ller≡T Rapture Rush≡,https://avatars.steamstatic.com/08794c481be5d74f64a1265da6a0f8613992c08d.jpg,RU,,0
794422606,hotaka`,https://avatars.steamstatic.com/82f719e97d61634f0e3b23bcb00e97f21f5e82b8.jpg,??,10088881,0
1083109435,misiu,https://avatars.steamstatic.com/e015b4e7c08081c7344525f14d5932d22cadf7c6.jpg,??,10088881,0
1180827467,junkies kiss my knees,https://avatars.steamstatic.com/16951490fcda0d4e0655db25e181548c158a63ee.jpg,??,10088881,0
842302713,sSem1ch,https://avatars.steamstatic.com/e28ab1123ffd18f56d75d519981b100a9710f77d.jpg,??,10088881,0
1098824007,desouls,https://avatars.steamstatic.com/9822bd54e09e05a4410d38f46df2041f49f639f8.jpg,??,10088881,0
1793737498,lonik,https://avatars.steamstatic.com/9de8532430f16a2523d9cd6ab50443987a5682c0.jpg,??,9878122,0
259942760,Ло,https://avatars.steamstatic.com/1df3535a6f4c9bcf76d310fff46700d18b98412c.jpg,RU,,0
128687158,no mercy,https://avatars.steamstatic.com/ce70c2392a6cfe91a96feb316be8d622f8f53565.jpg,UA,,0
337900635,infinite aura,https://avatars.steamstatic.com/d18960d337a7dcd0e4569e70cb1ecd2d84ed073a.jpg,CA,,0
133241274,pretty junk,https://avatars.steamstatic.com/e4479653d42c47354bfdcfa8332138c743630f37.jpg,JP,,0
438626610,0%инты100%матадора,https://avatars.steamstatic.com/07365a3609c091c5ad9d22727544133eb653a3e2.jpg,JP,,0
1316018302,ГНИЮ на 3к,https://avatars.steamstatic.com/b577803a1c96cab40fe85d8ad0dff2b9a8e6a48c.jpg,??,9711402,0
1178408838,Селюк,https://avatars.steamstatic.com/fd3cfbb7d2592df03e9fc5d6ccb2f351960d42e5.jpg,SE,9711402,0
1829920938,ГAБEН ШO C EБAЛOM,https://avatars.steamstatic.com/4ca290f85456b50192eb263f63bd1859a5f2c49b.jpg,RU,9711402,0
392081338,fxxcsp,https://avatars.steamstatic.com/0622b231e24254027c2968b53b78a1b05c936871.jpg,??,9711402,0
911742983,swap commends,https://avatars.steamstatic.com/415af7c91141d9e4d1a14afd1f9f109fa39c1b89.jpg,DE,9711402,0
1291232929,сексолог (prime),https://avatars.steamstatic.com/ab972668442eb05e41a339388b1f53ede42c4ea8.jpg,SE,,0
1847969463,волки дрищут,https://avatars.steamstatic.com/80fea72b4d210a4b996f53deb5a4665047f25439.jpg,JP,,0
1141304995,grave death__killer515__35__:-(,https://avatars.steamstatic.com/b2d83029069e3166cb443a272399200ecd8c6582.jpg,KZ,,0
1876675037,McLover666  [golovach mode],https://avatars.steamstatic.com/8464622c0a1262deb4721b1a27c3a2f1cd6bc012.jpg,??,,0
1907183208,empathy,https://avatars.steamstatic.com/18ee8c026f622d18af63344fd60404956bf71e28.jpg,??,,0
1838351531,хватит довольно,https://avatars.steamstatic.com/c152ebaf4599721b71cdd32f2fdb627ce4d81137.jpg,??,,0
1842001658,depre778,https://avatars.steamstatic.com/889332774af86ce0357bdbde71d3f0ce30f656a6.jpg,??,,0
1212993183,ЛЁВА,https://avatars.steamstatic.com/58b7ff7b5b9953da8b1ed11d259ec85adf362cf6.jpg,RU,,0
1900097969,KVFFF,https://avatars.steamstatic.com/fef49e7fa7e1997310d705b2a6158ff8dc1cdfeb.jpg,??,,0
1698621318,王Yorrdy王,https://avatars.steamstatic.com/1de38852a8f2529509bccb249b4724ce658b84d5.jpg,??,,0
1515385613,о,https://avatars.steamstatic.com/eb32f861d9db2b679a93131ac0bca3db09f10a52.jpg,CA,10060924,0
870799296,nomak,https://avatars.steamstatic.com/0e96fd1da4c91017a7c1de980d6361b139e6831d.jpg,RU,10094686,0
1038002385,Тёмный принц,https://avatars.steamstatic.com/0d4d626b3b8ee382c781058fa6e8958387e5f8f8.jpg,??,10041175,0
358191745,play4fun,https://avatars.steamstatic.com/19a95b86c6631025c661213f35a7c20ba9073155.jpg,GB,10041175,0
1041641943,-allvision,https://avatars.steamstatic.com/2c75e456e1a2c85b792a7b45e5f299f9dac46201.jpg,GA,10041175,0
317829648,crimson + pipe = no brain,https://avatars.steamstatic.com/26fe89e6711f7c02d36d5b784d225b5bd73bf742.jpg,JP,10041175,0
1133765456,hollow coast,https://avatars.steamstatic.com/cc5a514ad75fc8b6444b30064a5d3520d890e888.jpg,JP,10041175,0
1853046903,shewacxz,https://avatars.steamstatic.com/e5d915da26c80d0222d29782d40b61faf22946e2.jpg,??,,0
1876106922,Арсен Маркарян,https://avatars.steamstatic.com/9557bda26c66550856b1c50f07150b965973c830.jpg,CF,,0
766600327,аглистефан,https://avatars.steamstatic.com/a993f74e100e840fd126294e1d2b08c727ee376d.jpg,??,,0
1531362772,The FOOL¿,https://avatars.steamstatic.com/8871843ea1e5edfc91dac5712e6607e3d90753f3.jpg,??,,0
1285141825,slutpop,https://avatars.steamstatic.com/cf0629a5329f890ea68e4c3f69652bb8a9c42284.jpg,??,10000167,0
783411790,zvezdo4ka 鲨,https://avatars.steamstatic.com/f99303bd2f355fcd47aedab0e216d01fdad3dc76.jpg,RU,10000167,0
148903069,pmM,https://avatars.steamstatic.com/1767d313c345f6ce415b4c953480ee1f8ba6d72b.jpg,??,,0
1561853228,tdolzh²,https://avatars.steamstatic.com/5537ac0884f65870a95b00bca828f6f4653009ff.jpg,??,10047486,0
1597478818,Onsi 0_0 ZzZz,https://avatars.steamstatic.com/facefa23ca7a4aab9803a8eeb14eea6d057bfb9d.jpg,RU,10047486,0
1237015751,3g0th2002,https://avatars.steamstatic.com/4e7b1c1d1c50966860c852e461532729c6418772.jpg,JP,10047486,0
1610165951,10,https://avatars.steamstatic.com/f62e1e304b2fa9bc8d4be982f3eacdbbc47f14b5.jpg,??,10047486,0
832070617,WeaknessWeaknessWeakness,https://avatars.steamstatic.com/4582427d9fae7b023fdc59dcd29263225edf401a.jpg,KG,10047486,0
1878830162,Адольф Клитор,https://avatars.steamstatic.com/7d42d192aae44c565bfb8a3c34ad526bc30a0234.jpg,??,,0
1634240144,SenSoy,https://avatars.steamstatic.com/25362cf2b23f2c5b1803f6b01022113082b3fac9.jpg,RU,,0
809350459,ЭхослемВдетсад,https://avatars.steamstatic.com/5e68a7eef82d5c2ffe30cdc6c4b39df0972c85a3.jpg,??,,0
1080249414,Кокаиновый гном,https://avatars.steamstatic.com/e4c5e2ab869df41657cb2108f0d01723d0ba7ba7.jpg,RU,,0
1381481413,Ёричи,https://avatars.steamstatic.com/6fb4fe6d004f3594b1af5a7c625cbe8f6dd22d59.jpg,??,,0
1588747645,Твоя мама,https://avatars.steamstatic.com/d566d639321ed179208202a3ab2f699371ede576.jpg,JP,,0
1548961829,Роналдо,https://avatars.steamstatic.com/e8ec6de5d0d32e668b62cc8369887bc5634e749f.jpg,PT,9957994,0
1517666709,большие сиськи,https://avatars.steamstatic.com/f815ed47cf4fd134acccad73d54e882f360fc127.jpg,CN,9957994,0
1567074367,BENNETI [ ! ],https://avatars.steamstatic.com/d9cd60d123a5837b81bc08bd9f7eab4a37553fb1.jpg,??,9957994,0
1537517817,Коран кобейн,https://avatars.steamstatic.com/e165bfcf4d389b7f246820702252676fea9420e9.jpg,RU,9957994,0
1025877538,Кур Грудка*,https://avatars.steamstatic.com/d87c14780b9164aa1262798fa0edf2086639d586.jpg,RU,9957994,0
1014206551,number 1,https://avatars.steamstatic.com/f8d7ce48702d96253056e0ecc63d899ca3f590c3.jpg,CF,8769787,0
1588360388,9etR0雨,https://avatars.steamstatic.com/760a4ebbc27c63172db1f87ca19e1f78cfd8b200.jpg,??,10068848,0
1302250601,272727,https://avatars.steamstatic.com/fc439a1b611a4fb78c7a4bbd9c2c828db93bd1fb.jpg,CA,10068848,0
1164530934,почему,https://avatars.steamstatic.com/2a3306df5fd90e6543fd8a485583e63466bca03e.jpg,RU,10068848,0
1206225431,черепаха хлов,https://avatars.steamstatic.com/fef49e7fa7e1997310d705b2a6158ff8dc1cdfeb.jpg,EE,10068848,0
401783259,def Hi: won this game,https://avatars.steamstatic.com/b4ac4a77f8666133afd0db57087b7c74dbe083ae.jpg,RU,10068848,0
258047361,XBluntly,https://avatars.steamstatic.com/6a75d342df0c410982e9640fee198a0964626142.jpg,RU,7851527,0
168009448,Decaying mother,https://avatars.steamstatic.com/67108ff7f5db33c1c12c1ca9e38570d6a8cdc824.jpg,RU,7851527,0
406249239,Большая Шишка,https://avatars.steamstatic.com/cadfa1330633b017db84b1aa27d3bc5113f4f9ad.jpg,RU,7851527,0
276634894,Миша Барни,https://avatars.steamstatic.com/3d55d1bdefb0c661ec8793bb0dda6823bce6e7ba.jpg,AF,7851527,0
186034415,Xyй u яuцa пpиcyтcтвyeт,https://avatars.steamstatic.com/fdb4feb8a45eaea6e0c8ebc4c80dcfc9306047cd.jpg,SO,7851527,0
74767722,tiktok house,https://avatars.steamstatic.com/b05f0cc7c16818627e4f8cdd2bdada31da00ca26.jpg,NE,,0
1561536954,прикольььььно,https://avatars.steamstatic.com/6814527263fbe81e5742d027c5ea03f6264bfea0.jpg,UA,,0
792469602,ДИРЕКТОР,https://avatars.steamstatic.com/cf163856ccadefbb435729c50a0a5d9135c4bea2.jpg,??,,0
1517704310,jlkasdjlaksdjlaksjd,https://avatars.steamstatic.com/db5178a620759a20edfca26e3aa51806ef75330c.jpg,??,,0
1254221640,на колени только,https://avatars.steamstatic.com/f20b43bd97696f60dd81805e040e1595cc56f599.jpg,BZ,,0
988711184,D1xeR,https://avatars.steamstatic.com/acba195097d953368bf611b614ebb74a87736fff.jpg,??,,0
1555540162,Honky,https://avatars.steamstatic.com/2231ae0159e5726aab7958848dd8a3edd8c9017c.jpg,JP,,0
1485116575,baga,https://avatars.steamstatic.com/e35b436b2ad9ddf56deff6c7235bccc74ce96b6c.jpg,??,,0
816591402,<------>,https://avatars.steamstatic.com/af8ad80d3e79a31e20ffbe706f0ac61cd02b8deb.jpg,RU,,0
1896141520,Chechen Magomed,https://avatars.steamstatic.com/bcb02e61ee27af09f5a967d93c6dba30d5a806e7.jpg,RU,,0
1676211382,yukee,https://avatars.steamstatic.com/8578227a586d885a462cf4f417772b86fdcf5e71.jpg,MC,,0
1517072924,амфетамин раш,https://avatars.steamstatic.com/f0318217311fce931af073efcb7a10cecf06d7b4.jpg,??,10075147,0
1442783201,undefeated,https://avatars.steamstatic.com/0a7380689af740115838a714da925fe4511eab4e.jpg,??,10075147,0
922181951,ЧЕПУШИЛО,https://avatars.steamstatic.com/08dc532a9b66a3b91af381593a3314107e5d6801.jpg,RU,9825368,0
1014607386,шеф,https://avatars.steamstatic.com/7753936607e791ae28dd9318790269460c43f944.jpg,US,9825368,0
1678201552,M.A.D.,https://avatars.steamstatic.com/47cd205180fd8dcf8eab7e48215b305583bd2399.jpg,??,9825368,0
811951138,СПЕРМУС,https://avatars.steamstatic.com/e661d636dd67371c84cdec7cfec8ee4329047675.jpg,CH,9825368,0
1097969220,ganjamaster,https://avatars.steamstatic.com/61706f40ddf69d820f5b606f4e774b83b2dfd37d.jpg,RU,9825368,0
1519197721,jambulet,https://avatars.steamstatic.com/4737d096e876cdd6531bf8d7d5db417f279740d2.jpg,RU,9736352,0
1031309145,Крутой228/эщкере,https://avatars.steamstatic.com/cd0393998aaa345d837b90b3e48ea27f0b39e872.jpg,RU,,0
1267604336,Титян лоутаба,https://avatars.steamstatic.com/79b44c9c93069d44a8f08611285bdf920eb395fc.jpg,AT,,0
1131135274,DaGalsal,https://avatars.steamstatic.com/b019083e665a5ee52a31990369f72e0d4d0451f3.jpg,RU,,0
1527273042,123,https://avatars.steamstatic.com/8d22b82a1ebc6a4f35dd953cb0b307dc508e1dcf.jpg,RU,,0
1128308980,4 impacta v minutu,https://avatars.steamstatic.com/50e91f97a43ef3cf782d7eb17d8ba03144d44cf4.jpg,CL,,0
89972122,DJ RAMOS,https://avatars.steamstatic.com/4096c0c24871ab95d5ba0c68953ea8d65b353c8c.jpg,AU,10047487,0
901963357,eblan,https://avatars.steamstatic.com/3051c3974d8df4a533682378949b4f324008ec54.jpg,??,9504944,0
191734430,noki4ngel,https://avatars.steamstatic.com/2bb58c8e133fe7b7996e40c14b0ceb8c65c49f8a.jpg,RU,9504944,0
1150772339,oooyes,https://avatars.steamstatic.com/722a54836484a7f581c1d3da0046ea545e048a30.jpg,CA,9504944,0
917319178,meLes,https://avatars.steamstatic.com/7f9fb496f0796f32d4a270f873e4f0bad77ed709.jpg,??,9504944,0
1055034228,孤獨死去,https://avatars.steamstatic.com/f672d2e8a08e31a370abd33931850bc0128b1106.jpg,??,10067598,0
118124657,rusowsky,https://avatars.steamstatic.com/73b8ba3205e4615c89a4089ebb33a6ba538f7b0a.jpg,DK,2114225,0
366306706,S t y l e .?,https://avatars.steamstatic.com/bad787cc723a32ed28ae5ffb57a9381d9f95e463.jpg,BO,7258250,0
96018998,F150-FREEKILL,https://avatars.steamstatic.com/567431e8dddd72872cdd4e42a306088990d5e5c3.jpg,EC,10081473,0
837609249,growth33,https://avatars.steamstatic.com/f6da263a26f9a3cf8a1a923577d40f3a9ad8a519.jpg,PH,9098294,0
117421467,Ak,https://avatars.steamstatic.com/1f022d79416a632c65fe51d214ca87fa2efec045.jpg,RU,10081431,0
131303632,4nalog,https://avatars.steamstatic.com/7fffb26652d878e52aa8fe4537ac1a34abf7d2be.jpg,IT,10081431,0
925799201,123,https://avatars.steamstatic.com/a5e66621bee88744076162a0e2501a4389c230df.jpg,BY,10088079,0
113331514,Miposhka,https://avatars.steamstatic.com/c2dd1e77c065593e8035abec15fc5c89169fffcb.jpg,RU,10088079,0
1613681026,фисташки билайн,https://avatars.steamstatic.com/640ba2d9430ad153d65aae966e99be107d82e169.jpg,??,9026338,0
165108864,savage,https://avatars.steamstatic.com/57a7151387598842476c646eb978019883c9d3a8.jpg,JP,9026338,0
161839895,govnoed_67,https://avatars.steamstatic.com/3704d6bb2585cfc440bf6ff000e8a2ab7015b4ec.jpg,DK,10088014,0
1092267175,strong,https://avatars.steamstatic.com/bf9288176db20499cfc2648ccbf8b7b2a73ed960.jpg,RU,10088014,0
130556400,ueyo,https://avatars.steamstatic.com/ddd578ef1bf6ec851bf77ae64fab717c68450ff4.jpg,??,10088014,0
177411785,random try me,https://avatars.steamstatic.com/fbc0191694b6d74bba9c1402bd368ca952905fd7.jpg,??,10088014,0
148180390,Bassing,https://avatars.steamstatic.com/44de7c60bf6d7de39d9d8942318d6ae197fbbdc8.jpg,RU,10041296,0
106278629,KoJIXo3HuK,https://avatars.steamstatic.com/600a54e62405d2696730eabca74233adfd9aea7e.jpg,??,10041296,0
165110440,1,https://avatars.steamstatic.com/ea6a11dba2e147fb23195d12f52ea04935968b9f.jpg,??,10041296,0
99611577,박채영,https://avatars.steamstatic.com/5b0ce87bbfef4622301d4c47bb360680b52c4a78.jpg,US,10041296,0
325161662,Alohadance,https://avatars.steamstatic.com/2b47c2efe79b345b1e9c9c6cb3cf38e579245a63.jpg,??,10041296,0
394234915,Son of Shore,https://avatars.steamstatic.com/02ba771a6d9aa9d5ed5712b64fac464ee59276dc.jpg,DE,9824381,0
1302599438,Flokk1n,https://avatars.steamstatic.com/464e527e66860fbd885e7dda3018c6fbb0624341.jpg,UA,9824381,0
874121374,@@,https://avatars.steamstatic.com/1fd4265de98ab6e86c898db47327c49e8a063884.jpg,??,10047487,0
1040820193,platov,https://avatars.steamstatic.com/f1bdc613987bed325b2fb9c7343814f0ec0083b5.jpg,??,10088094,0
117483894,no bs,https://avatars.steamstatic.com/fd7863b82c21b58492f69609e1048f71a799ebcb.jpg,??,10088094,0
1110152099,tv/19teeen,https://avatars.steamstatic.com/2cb0bd2ffa2ec729ca6a62b3869b31d363f5c270.jpg,??,10088094,0
86785083,master_sprite,https://avatars.steamstatic.com/3e042f69e70a075dc8c64621ec584e000b2bf6c0.jpg,UA,10088094,0
163458082,ряф^^,https://avatars.steamstatic.com/37588c707976bafd33dbb193d29f7745f1a9dd15.jpg,BY,9872667,0
193087967,VHAGAR,https://avatars.steamstatic.com/2bf39bf27af4239055ac2419e719bec8a13ba416.jpg,RU,9455993,0
1281507501,telegram<telepathy,https://avatars.steamstatic.com/84f8c9c50f47b32b9a9b1fb36ad31cfedfa7d133.jpg,RU,9455993,0
262711956,Ta6op_yxogum_B_He6o,https://avatars.steamstatic.com/f20879a64cf8bc4c904b59997f42b3c7f6218204.jpg,US,9026338,0
154029534,haPPy,https://avatars.steamstatic.com/25e7cd6ea559d19332e8dca0df7e5aa494a4bc28.jpg,UA,10027435,0
194999745,quietam viatorem,https://avatars.steamstatic.com/0527702b73ad214630fd40930c9e9505b3a5cd62.jpg,??,10027435,0
994004852,matrang,https://avatars.steamstatic.com/e17cd88af6f11b90629d0d691ba36ac90399bd9d.jpg,GR,10027435,0
347018598,Konstantin,https://avatars.steamstatic.com/e9b38a9a1ae5c9d3dd731f719639c989eec5367e.jpg,??,9530716,0
